orgnr,navn,orgform,ansatte,naeringskode,adresse,postnr,poststed,telefon,hjemmeside,antallUnderenheter
"830300252","=SPORT AS","AS","","Dataprogrammeringstjenester","Bekkevollvegen 17","6414","MOLDE","","","0"
"935546826","1128 INVEST AS","AS","","Uoppgitt","Saksegjerdet 17","6456","SKÅLA","","","1"
"932726734","1852TST AS","AS","","Annen teknisk konsulentvirksomhet","Ingrids veg 10","6429","MOLDE","","","0"
"929337557","2040 NORWAY AS","AS","","Engroshandel med informasjons- og kommunikasjonsteknologiutstyr","Storgata 9","6413","MOLDE","","","1"
"997198913","24-SUPPORT JB CHROBOK","ENK","","Konsulentvirksomhet tilknyttet informasjonsteknologi og forvaltning og drift av it-systemer","Bjørsetbovegen 8","6410","MOLDE","","www.24-support.no","0"
"998824141","2MBM AS","AS","","Utleie av egen eller leid fast eiendom","c/o Per Olav Myrstad Nerlandsvegen 43","6416","MOLDE","","","1"
"936584489","2ML INVEST AS","AS","","Uoppgitt","v/Magne Bolme Tanners veg 31","6412","MOLDE","","","1"
"992126434","2RZ HOLDING AS","AS","","Revisjon","Sagvegen 2B","6412","MOLDE","","","1"
"993230898","3L INVEST AS","AS","","Utleie av egen eller leid fast eiendom","Storgata 9","6413","MOLDE","","","0"
"933487040","3XE EIENDOM AS","AS","","Utleie av egen eller leid fast eiendom","Birger Hatlebakks veg 22","6415","MOLDE","","","1"
"933119394","3XE HOLDING AS","AS","","Utleie av egen eller leid fast eiendom","c/o Team Trafikkskole AS Birger Hatlebakks veg 22","6415","MOLDE","","","1"
"828269402","62 KAPITAL AS","AS","","Dataprogrammeringstjenester","c/o Norik AS Aker Stadion, inngang 7 Julsundvegen 14","6412","MOLDE","","","1"
"979788134","A A SVENSLI MEKANISKE","ENK","","Produksjon av maskiner og utstyr til generell bruk ikke nevnt annet sted","Åsagardvegen 81","6460","EIDSVÅG I ROMSDAL","71 23 22 91","","1"
"953627884","A DYRHAUG","ENK","","Detaljhandel med kjæledyr og varer til kjæledyr","Hamnevikbøen 29","6456","SKÅLA","71240731","","0"
"930388033","A HALVORSEN INVEST AS","AS","","Uoppgitt","Gangstadvegen 21","6475","MIDSUND","","","0"
"918628908","A HUSTAD","ENK","","Fotografvirksomhet","Bjørkfinkvegen 49","6425","MOLDE","","","1"
"876308002","A KIRKELAND BEGRAVELSESBYRÅ","ENK","","Begravelsesbyråvirksomhet og lignende tjenester","Verftsgata 6B","6416","MOLDE","71 20 32 10","","0"
"991670785","A KROHN EIENDOM AS","AS","","Utleie av egen eller leid fast eiendom","Røysan 17B","6412","MOLDE","","","1"
"982825148","A LYNGSTAD KONSULENTTJENESTER ASLAUG ELISABETH VIKHAGEN LYNGSTAD","ENK","","Reklamebyråvirksomhet","Bjørnstjerne Bjørnsons veg 90B","6412","MOLDE","","","0"
"939330755","A M ANGVIK AS","AS","","Godstransport på vei","Skogvegen 39B","6415","MOLDE","71251993","","0"
"992332190","A. BERG - TYNNING, STAUR OG PROVISORISK AVVIRKNING","ENK","","Tjenester tilknyttet skogbruk","Elgsåslia 34","6421","MOLDE","","","0"
"989230956","A. I. HOLDING AS","AS","","Fiske og fangst i sjø","Ugelvik","6475","MIDSUND","71 27 91 68","","0"
"989115502","A. JENSET HOLDING AS","AS","","Andre egeninvesteringsselskaper","","6475","MIDSUND","","","0"
"935891965","A. VALLE KREATIV","ENK","","Produksjon av næringsmidler ikke nevnt annet sted","Adjunkt Dørums gate 22","6413","MOLDE","","","1"
"947535560","A. Vikhagen AS","AS","","Ventilasjonsarbeid","Årøsetervegen 30","6422","MOLDE","71 25 21 05","","1"
"930605972","A.O.KLEIVE BYGG AS","AS","9","Oppføring av bygninger","Stubøvegen 121","6460","EIDSVÅG I ROMSDAL","","","1"
"925953512","A.R. AARØ GÅRD","ENK","","Avvirkning","c/o Ane Rokstad Aarø Gamle Årødalsvegen 2","6421","MOLDE","","","1"
"918989331","A3PRO AS","AS","","Arkitektvirksomhet","Julsundvegen 113","6410","MOLDE","","","1"
"955852060","AB PROFILERING AS","AS","","Produksjon av tekstiler til teknisk og industriell bruk","c/o AM Direct AS Aker Stadion Julsundvegen 14","6412","MOLDE","71 25 91 00","www.abprofilering.no","1"
"998881846","AB3 HOLDING AS","AS","","Dataprogrammeringstjenester","Eikremsvingen 9","6422","MOLDE","40 60 61 66","ab3.no","1"
"943130205","ABC AUT BIL-MC-OPPLÆRING Svein Åge Johansen","ENK","","Undervisning ved godkjente trafikkskoler","Adjunkt Dørums gate 34","6413","MOLDE","","","1"
"947054333","ABC AUTORISERTE KJØRESKOLE AS","AS","6","Undervisning ved godkjente trafikkskoler","Romsdalsgata 3","6413","MOLDE","","","1"
"990837546","ABCONOR AS","AS","","Utleie av egen eller leid fast eiendom","Langmyrvegen 38C","6415","MOLDE","","","1"
"928094057","ABEBAS KJØKKEN AV MESKEL ABEBA REDEI","ENK","","Catering for arrangementer","Røysan 9","6412","MOLDE","","","0"
"927183447","ABELONA AS","AS","","Uoppgitt","Kvilarvegen 20","6421","MOLDE","","","0"
"916578288","ACE CREATIVITY DECORATION XI HUANG","ENK","","Skapende kunstnerisk virksomhet innenfor visuell kunst","Blokk B, 0a Mekvegen 15","6411","MOLDE","","","0"
"934571800","ADAM EL NASHAR","ENK","","Catering for arrangementer","Solbakken 67B","6429","MOLDE","","","1"
"929525310","ADAM STRANGE","ENK","","Beplantning av hager og parkanlegg","Adam Strange Adjunkt Dørums gate 13","6413","MOLDE","","","1"
"919116757","ADCOM SKY AS","AS","","Datainfrastruktur, -behandling, -lagring og tilknyttede tjenester","Fabrikkvegen 13","6415","MOLDE","","","1"
"829095912","ADRIAN JUUL","ENK","","Oppføring av bygninger","Haukabøvegen 89","6411","MOLDE","","","0"
"935250978","ADRIAN VINDUSPUSS ROMANOWSKI","ENK","","Utvendig rengjøring av bygninger og industriell rengjøring","Istadvegen 817","6453","KLEIVE","","","1"
"897475782","ADRIANA PATRICIA DELGADILLO VARGAS","ENK","","Undervisning innenfor idrett og rekreasjon","Solbakken 45A","6429","MOLDE","","","0"
"931959735","ADVANS MARKETING AS","AS","","Reklamebyråvirksomhet","Fasanvegen 8","6416","MOLDE","","","1"
"936980775","ADVENTOR AS","AS","","Reklamebyråvirksomhet","Eikremsvingen 9","6422","MOLDE","","","1"
"976741226","ADVOKAT MORTEN A LUNDE","ENK","","Juridisk tjenesteyting","Hamnegata 35","6413","MOLDE","71 20 54 20","","1"
"929500830","ADVOKAT PER ØVERBØ","ENK","","Juridisk tjenesteyting","Statsråd Astrups gate 2","6413","MOLDE","","","1"
"998255961","ADVOKAT THOMAS URDSHALS","ENK","","Juridisk tjenesteyting","Brattlivegen 19","6412","MOLDE","71 25 25 25","www.bakkenurdshals.no","1"
"984352263","ADVOKAT ØYVIND RIISE","ENK","","Juridisk tjenesteyting","Nerlandsvegen 19B","6416","MOLDE","71 25 27 11","","1"
"916804857","ADVOKATFIRMAET SPORSHEIM AS","AS","8","Juridisk tjenesteyting","Hamnegata 35","6413","MOLDE","","","1"
"933967506","ADVOKATFIRMAET WOLD & CO DA","DA","","Juridisk tjenesteyting","Torget 2","6413","MOLDE","71 25 02 50","www.wold.no","1"
"932589559","AEIKSUND CONSULTING AS","AS","","Uoppgitt","c/o André Eiksund Øverlandsvegen 40","6416","MOLDE","","","0"
"930645982","AEOS HOLDING AS","AS","","Uoppgitt","c/o Lasse Holbø Einebæråsen 5","6429","MOLDE","","","0"
"965162232","AGATON SAX AS","AS","12","Frisering og barbering","Grandfjæra 24","6415","MOLDE","","","1"
"932384000","AGENT365 AS","AS","","All annen faglig, vitenskapelig og teknisk virksomhet ikke nevnt annet sted","Kråkholmvegen 8","6460","EIDSVÅG I ROMSDAL","","","1"
"930463876","AHAGEN HOLDING AS","AS","","Uoppgitt","c/o Audun Hagen Fagerlivegen 14","6413","MOLDE","","","0"
"837451272","AHMETAJ ECOMMERCE","ENK","","Detaljhandel med kosmetikk og toalettartikler","Øvre veg 8","6413","MOLDE","","","1"
"927378310","AHS ØKONOMISK RÅDGIVNING AS","AS","","Bedriftsrådgivning og annen administrativ rådgivning","Gideonvegen 18","6412","MOLDE","","","1"
"934556208","AIC AS","AS","","Uoppgitt","Hagaplassen 43","6422","MOLDE","","","1"
"915306608","AIPIR AS","AS","","Konsulentvirksomhet tilknyttet informasjonsteknologi og forvaltning og drift av it-systemer","Gjerdhaugvegen 27","6425","MOLDE","","","0"
"930372188","AJHT HOLDING AS","AS","","Tannlegetjenester","Torget 2","6413","MOLDE","","","0"
"928023605","AK MARTINSEN ETTERSØK","ENK","","Jakt, fangst, viltstell og tilknyttede tjenester","Øverbygda 339","6450","HJELSET","","","0"
"917718024","AK VEDLIKEHOLDSERVICE ALEXANDER KLOKSET MARTINSEN","ENK","","Oppføring av bygninger","Istadvegen 1011","6453","KLEIVE","","","1"
"934309901","AKAR AS","AS","","Uoppgitt","Sollivegen 32E","6414","MOLDE","","","1"
"990050325","AKERHALLEN AS","AS","","Drift av idrettsanlegg","Julsundvegen 14","6412","MOLDE","71 20 25 00","","1"
"990067511","AKOS INVEST AS","AS","","Produksjon av fisk, bløtdyr, krepsdyr og pigghuder i sjø og brakkvann","Vassbrubakken","6470","ERESFJORD","","","0"
"913300750","AKSA HOLDING AS","AS","","Andre egeninvesteringsselskaper","Ingrids veg 9","6429","MOLDE","","","0"
"924781661","AKSEL GODØ","ENK","","Drift av vandrerhjem og ferieleiligheter","Sundevegen 40","6475","MIDSUND","","","0"
"992900210","AKSLAHAUGEN GARD V/ AINA K TANGEN","ENK","7","Andre sosialtjenester uten botilbud ellers","Utsidevegen 411","6475","MIDSUND","71 27 90 03","","1"
"937566077","AKSMAR HOLDING AS","AS","","Uoppgitt","Åsleet 59","6456","SKÅLA","","","1"
"925896977","AKTIFYSIO MOLDE AS","AS","","Fysioterapi- og ergoterapitjenester","Oscar Hanssens veg 9","6415","MOLDE","97 78 97 16","","1"
"981924193","AKTIV ERGONOMI JAN PETTER ØINES","ENK","","Fysioterapi- og ergoterapitjenester","Saksebakken 2","6456","SKÅLA","71 24 07 08","","1"
"992813075","AKTIV MOLDE Hugo Tingvoll","ENK","","Skapende kunstnerisk virksomhet innenfor litteratur","Pedervegen 14","6410","MOLDE","71 24 45 21","www.aktivmolde.no","0"
"933513874","AKTIVITETSLEDER SOLHEIMDAL","ENK","","Undervisning innenfor idrett og rekreasjon","Nøisomhedvegen 19A","6419","MOLDE","","","1"
"966681810","AKTUELL MARIN AS","AS","","Agenturhandel med maskiner, produksjonsutstyr, båter og luftfartøy","Bergsbakken 14","6423","MOLDE","71 25 76 46","","1"
"980349896","AKUPUNKTURKLINIKKEN MOLDE AS","AS","","Aktiviteter innenfor tradisjonell, komplementær og alternativ medisin","Lingedalsvegen 6","6415","MOLDE","71 21 53 21","","1"
"986736808","AKV EIENDOM AS","AS","","Utleie av egen eller leid fast eiendom","Glomstuvegen 49","6412","MOLDE","","","1"
"989264672","AKV EIENDOM HOLDING AS","AS","","Utleie av egen eller leid fast eiendom","Glomstuvegen 49","6412","MOLDE","","","0"
"934759508","AL TERRI MEDIC","ENK","","Allmennlegetjenester","Parkvegen 32","6413","MOLDE","","","1"
"835894762","ALBAREDE BARBER","ENK","","Frisering og barbering","Storgata 16","6413","MOLDE","","","1"
"989942352","ALBERT LILLEBOSTAD","ENK","","Tjenester tilknyttet husdyrhold","Høvikvegen 1","6460","EIDSVÅG I ROMSDAL","71 27 26 06","","1"
"933725979","ALCHIBA AS","AS","","Konsulentvirksomhet tilknyttet informasjonsteknologi og forvaltning og drift av it-systemer","Birger Hatlebakks veg 26","6415","MOLDE","","","1"
"918026622","ALEKSANDER MOREWOOD","ENK","","Oppdrett av annet storfe til kjøttproduksjon og sædproduksjon","Åsagardvegen 104","6460","EIDSVÅG I ROMSDAL","","","1"
"915635571","ALF JONNY GRIBBESTAD","ENK","","Avvirkning","Langfjordvegen 663","6456","SKÅLA","71 24 09 26","","1"
"931317407","ALF S LYSTER","ENK","","Utleie og leasing av sports- og fritidsutstyr","Kirkebakken 16E","6413","MOLDE","","","1"
"933079252","ALF.S HOLDING AS","AS","","Uoppgitt","c/o Alf Sivert Lyster Kirkebakken 16E","6413","MOLDE","","","1"
"977054001","ALFA AKTIVUM AS","AS","","Utenriks sjøfart med gods","Nøisomhedsveien 36","6419","MOLDE","","","1"
"941230679","ALFA VEST EIENDOM AS","AS","","Produksjon av møbler","Nøisomhedvegen 52","6419","MOLDE","","","1"
"931153072","ALFAKRØLL RAFAELSEN","ENK","","Frisering og barbering","Julsundvegen 47A","6412","MOLDE","","","1"
"988963119","ALFAS AS","AS","","Andre egeninvesteringsselskaper","c/o Andreas Ahdell Ranesvegen 50","6456","SKÅLA","","","0"
"969261073","ALFRED GUNDERSEN","ENK","","Avvirkning","Skjørsetervegen 175","6453","KLEIVE","","","0"
"925829102","ALG25 AS","AS","","Utleie av egen eller leid fast eiendom","Amtmann Leths gate 25","6413","MOLDE","","","1"
"928679969","ALGAVIDA AS","AS","","Produksjon av næringsmidler ikke nevnt annet sted","Brubakken 19","6456","SKÅLA","","","0"
"936306020","ALI SAEED TAXI","ENK","","Passasjertransport på forespørsel utført av fører med kjøretøy","Orrevegen 28","6425","MOLDE","","","1"
"933551555","ALISA DOROSHENKO","ENK","","Skjønnhetspleie","Vektergata 10","6413","MOLDE","","","1"
"916156405","ALLIANCE ASSET & INVEST (HOLDING AS)","AS","","Godstransport på vei","Bergmovegen 20","6419","MOLDE","","","0"
"916635400","ALLSIDIG BYGG AS","AS","","Oppføring av bygninger","Kløversvingen 20","6423","MOLDE","","","1"
"932087383","ALLT EIENDOM AS","AS","","Utleie av egen eller leid fast eiendom","Stubøvegen 121","6460","EIDSVÅG I ROMSDAL","","","1"
"933884015","ALME MULTISERVICE","ENK","","Reparasjon og vedlikehold av maskiner","Gussiåsstua Rødvegen 45","6460","EIDSVÅG I ROMSDAL","","","1"
"935783240","ALONA REMESHEVSKA","ENK","","Frisering og barbering","Fagerlivegen 18","6413","MOLDE","","","1"
"933976297","ALONA SKURATIVSKA","ENK","","Skjønnhetspleie","c/o Alona Skurativska Tiriltungevegen 46","6423","MOLDE","","","1"
"926900439","ALPETRAKTORER AS","AS","","Grafisk design og visuell kommunikasjonsdesign","Langåsvegen 12A","6450","HJELSET","","","1"
"933824683","ALPHA RENEWABLE AS","AS","35","Reparasjon og vedlikehold av annet utstyr","c/o Linjebygg AS Grandfjæra 22A","6415","MOLDE","","","1"
"931598554","ALSARHAN MOLDE MATBUTIKK","ENK","","Detaljhandel med bredt vareutvalg med hovedvekt på nærings- og nytelsesmidler","Gotfred Lies plass 1","6415","MOLDE","","","1"
"998020212","ALSTAD INVEST AS","AS","","Utleie av egen eller leid fast eiendom","Baklivegen 3","6450","HJELSET","71 20 13 80","","1"
"934777018","ALT I ILD AS","AS","","Kuldeanlegg-, varmepumpearbeid og installasjon av peiser","Barvegen 16","6411","MOLDE","","","1"
"981923561","ALTERNATIV MEDISINSK SENTER Rune Nerheim","ENK","","Andre helsetjenester ellers","Årømyran 53","6421","MOLDE","71 18 47 96","","1"
"932893398","ALTUHOVS THERAPY","ENK","","Aktiviteter i dagspa, badstue og dampbad","Torhushaugen 50","6457","BOLSØYA","","","1"
"913852559","ALUSTIL NORGE THOR LØNSETH","ENK","","Andre tjenester tilknyttet utvinning av råolje og naturgass","Rusketeigen 2","6421","MOLDE","","","0"
"983586694","ALUTRANS AS","AS","","Innenriks sjøfart med gods","Parkvegen 68C","6412","MOLDE","71 25 13 33","","1"
"926946676","ALVESTAD PSYKOLOGTJENESTER","ENK","","Psykolog- og psykoterapitjenester, unntatt legetjenester innenfor psykiatri","Amtmann Hammers veg 24","6413","MOLDE","","","1"
"850899282","AM DIRECT AS","AS","46","Utleie av arbeidskraft og andre personaladministrative tjenester","Julsundvegen 14","6412","MOLDE","71 25 91 00","","1"
"996263819","AM FORVALTNING AS","AS","","Utleie av arbeidskraft og andre personaladministrative tjenester","Julsundvegen 14","6412","MOLDE","","","1"
"833540432","AMALIE ALHAJ ALI","ENK","","Andre post- og budtjenester","Fjellbruvegen 23","6429","MOLDE","","","1"
"922946485","AMALIE HAUGEN ØVSTEDAL","ENK","","Utøvende kunstnerisk virksomhet og underholdningsvirksomhet innenfor musikk","Enenvegen 2C","6416","MOLDE","","","0"
"832788082","AMANUEL FISHAYE HADERA","ENK","","Produksjon av yttertøy","Lergrovikvegen 7H","6419","MOLDE","","","1"
"936597807","AMETU AS","AS","","Andre helsetjenester ellers","Julsundvegen 85","6412","MOLDE","","","1"
"893417842","AMI HOLDING AS","AS","","Andre egeninvesteringsselskaper","Utsidevegen 136","6475","MIDSUND","","","0"
"933761762","AMRAN HOLDING AS","AS","","Uoppgitt","Kringsjåvegen 21","6414","MOLDE","","","1"
"993482684","AMTMANN EIENDOM HOVLISTUEN","ENK","","Utvikling og salg av byggeprosjekter","Moldelivegen 6B","6415","MOLDE","","","1"
"928588521","AMUND BJØRKLI","ENK","","Annen teknisk konsulentvirksomhet","Kjerkjehaugvegen 11","6457","BOLSØYA","","","1"
"930618136","AMUND GUNNERØD ANTONSEN","ENK","","Tjenester tilknyttet planteproduksjon","Elvaskaret 8","6416","MOLDE","","","1"
"936195849","AMUND OPDAHL","ENK","","Utleie av egen eller leid fast eiendom","Fannefjordsvegen 264","6421","MOLDE","","","1"
"986629157","AMUNDSGARDEN HEST OG GÅRDSDRIFT RØDAL","ENK","","Hestehold","Istadvegen 1012","6453","KLEIVE","","","1"
"937097972","AN EIENDOM AS","AS","","Kjøp og salg av egen fast eiendom","Frænavegen 15","6415","MOLDE","","","1"
"997705718","ANALY7ICS AS","AS","","Dataprogrammeringstjenester","v/Økonomisenteret Kunderegnskap AS Fannestrandvegen 55","6415","MOLDE","","","0"
"933437469","ANAS ALSAADI HOLDING AS","AS","","Uoppgitt","Fuglsetbakken 39","6416","MOLDE","","","1"
"932617935","ANASTASIIA PLITCHUK","ENK","","Skjønnhetspleie","Nygjerdesvingen 5D","6421","MOLDE","","","1"
"983477364","ANDBERG EIENDOM ANS","ANS","","Utleie av egen eller leid fast eiendom","Vektergata 7","6413","MOLDE","90 51 39 94","","0"
"989953761","ANDBERG INVEST AS","AS","","Utleie av egen eller leid fast eiendom","Julsundvegen 93","6412","MOLDE","","","1"
"930793590","ANDEL EIENDOM AS","AS","","Utvikling og salg av byggeprosjekter","Glomstuvegen 4B","6412","MOLDE","","","1"
"930498076","ANDEL EIENDOM HOLDING AS","AS","","Utvikling og salg av byggeprosjekter","Glomstuvegen 4B","6412","MOLDE","","","0"
"928996611","ANDERS BORVIK","ENK","","Bygging av anlegg for elektrisitet og telekommunikasjon på land","Refsnesvegen 10A","6456","SKÅLA","","","1"
"817630022","ANDERS EIDE","ENK","","Produksjon av film, video og fjernsynsprogrammer","Kvilarvegen 23","6421","MOLDE","","","1"
"936013708","ANDERS HELLENES BUGGE","ENK","","Fysioterapi- og ergoterapitjenester","Birkelandvegen 59","6423","MOLDE","","","1"
"986831991","ANDERS HUSBY","ENK","","Undervisning innenfor idrett og rekreasjon","Nøisomhedvegen 43A","6419","MOLDE","","","0"
"883093992","ANDERS PETTER RØVIK SOLHEIMDAL","ENK","","Avvirkning","Skålavegen 949","6456","SKÅLA","71 24 05 41","","1"
"935785839","ANDERS RA AS","AS","","Uoppgitt","Gamle Årødalsvegen 2","6421","MOLDE","","","1"
"969233312","ANDERS ROY MORK","ENK","","Sauehold","Fannefjordsvegen 1157","6450","HJELSET","71 24 22 71","","1"
"936800114","ANDERS VENÅS HOLDING AS","AS","","Uoppgitt","Nerlandsvegen 16D","6416","MOLDE","","","1"
"922810486","ANDERSEN SOFTWARE","ENK","","Konsulentvirksomhet tilknyttet informasjonsteknologi og forvaltning og drift av it-systemer","Lyngvegen 32","6429","MOLDE","","","1"
"920541038","ANDERSEN AASE CONSULT","ENK","","Bedriftsrådgivning og annen administrativ rådgivning","Revestien 8","6425","MOLDE","","","0"
"925028649","ANDERSNYGAARD.NO ANDERS NYGÅRD","ENK","","Dataprogrammeringstjenester","c/o Anders Nygård Bjørkfinkvegen 12","6425","MOLDE","","","0"
"937106904","ANDERSON CLIMBING SERVICES","ENK","","Guide- og reiseledervirksomhet","Anevegen 2J","6410","MOLDE","","","1"
"833855832","ANDRÉ BERGSET","ENK","","Kombinerte tjenester tilknyttet eiendomsdrift","Hellevegen 24","6364","VISTDAL","","","1"
"977236568","ANDRE CATO SÆTHERMYR","ENK","","Passasjertransport på forespørsel utført av fører med kjøretøy","Høvikvegen 25","6460","EIDSVÅG I ROMSDAL","","","0"
"991368434","ANDRE GUSSIÅS ENTERSERVICE","ENK","","Utøvende kunstnerisk virksomhet og underholdningsvirksomhet innenfor musikk","Gamle Gussiåsvegen 223 Gussiås","6453","KLEIVE","","","1"
"925870781","ANDREA LARSSON","ENK","","Aktiviteter i dagspa, badstue og dampbad","Astrupvegen 35","6419","MOLDE","","","1"
"935262968","ANDREA SZÖCS TRENING","ENK","","Undervisning innenfor idrett og rekreasjon","Synnøves veg 13","6429","MOLDE","","","1"
"914545714","ANDREAS BRUNVOLL AS","AS","","Uoppgitt","Birkelandvegen 24","6416","MOLDE","","","0"
"924962720","ANDREAS GJØSUND","ENK","","Grunnarbeid","Pelskroken 10","6411","MOLDE","","","0"
"929332881","ANDREAS HEGGDAL HØGSET","ENK","","Utøvende kunstnerisk virksomhet og underholdningsvirksomhet innenfor musikk","Torbjørns veg 2","6429","MOLDE","","","1"
"928041220","ANDREAS TJELLE - GRIBBESTAD GÅRD","ENK","","Dyrking av ettårige vekster ellers","Langfjordvegen 671","6456","SKÅLA","","","1"
"926394436","ANDREASSEN DIGITAL MARKETING","ENK","","Reklamebyråvirksomhet","Jevikråket 3","6460","EIDSVÅG I ROMSDAL","","","0"
"997467604","ANDREJUS PANCEROVAS","ENK","","Oppføring av bygninger","Amtmann Hammers veg 11","6413","MOLDE","","","1"
"928644863","ANDRIUS RICKUS KRÅKEBOLLER","ENK","","Fiske og fangst i sjø","Ramsvikvegen 372","6475","MIDSUND","","","0"
"938086389","ANDRIY VOROTNYAK LEGETJENESTER","ENK","","Allmennlegetjenester","Kvilarvegen 56","6421","MOLDE","","","1"
"935149134","ANE HAUGNES SIMONSEN","ENK","","Reklamebyråvirksomhet","Røbekklia 6","6420","MOLDE","","","1"
"989010476","ANEMAR AS","AS","","Spesielle holdingselskaper","Fløtmannsgata 2","6413","MOLDE","71 25 46 95","","0"
"936516106","ANESTESILEGENE AS","AS","","Spesialiserte legetjenester, unntatt psykiatriske legetjenester","Nygjerdesvingen 51","6421","MOLDE","","","1"
"930510319","ANESTUA BARNEHAGE AS","AS","17","Førskoleundervisning og drift av barnehager","Britvegen 6","6410","MOLDE","","","1"
"933953637","ANETTE FROSTAD FOTHELSE","ENK","","Ortopedi- og fotterapitjenester","co/ Anette Frostad Moldelivegen 107B","6412","MOLDE","","","1"
"933394611","ANGEL M. CRUZ VENTURA","ENK","","Snekkerarbeid","Østtorpvegen 3","6419","MOLDE","","","1"
"988540072","ANGELA HAGEN","ENK","","Skapende kunstnerisk virksomhet innenfor litteratur","Sollivegen 10","6414","MOLDE","","","0"
"929673980","ANGELA MC ARDLE","ENK","","Bedriftsrådgivning og annen administrativ rådgivning","Storenga 9","6462","RAUDSAND","","","1"
"982161002","ANGVIK AUTO AS","AS","6","Andre støttetjenester for transport","Verftsgata 10","6416","MOLDE","","","1"
"990667489","ANGVIK EIENDOM AS","AS","10","Eiendomsforvaltning på oppdrag","Fannestrandvegen 125","6419","MOLDE","","","1"
"886670362","ANGVIK ELEKTRO AS","AS","14","Elektrisk installasjonsarbeid","Kråkholmvegen 22","6460","EIDSVÅG I ROMSDAL","","","1"
"955066480","ANGVIK GAMLE HANDELSSTED AS","AS","","Utleie av egen eller leid fast eiendom","Nøisomhed Fannestrandvegen 125","6419","MOLDE","71 20 22 00","","1"
"829578972","ANGVIK GÅRDENE AS","AS","","Utleie av egen eller leid fast eiendom","Angvik Næringspark","6636","ANGVIK","","","0"
"989234781","ANGVIK HOLDING AS","AS","","Andre egeninvesteringsselskaper","c/o Tora Angvik Jacobsen","6636","ANGVIK","","","0"
"916490879","ANGVIK JACOBSEN AS","AS","","Utleie av egen eller leid fast eiendom","Nøisomhed Fannestrandvegen 125","6419","MOLDE","71 20 22 00","","1"
"994573934","ANGVIK MARKETING AS","AS","","Kombinerte tjenester tilknyttet eiendomsdrift","Fannestrandvegen 125","6419","MOLDE","","","1"
"933575225","ANGVIK RÅDGIVNING","ENK","","Annen teknisk konsulentvirksomhet","Husbyvegen 51","6470","ERESFJORD","","","1"
"923686010","ANGVIK TEKNIKK","ENK","","Elektrisk installasjonsarbeid","Elvaskaret 9B","6416","MOLDE","","","0"
"837758092","ANIBAA NORDIC GROUP AS","AS","","Detaljhandel med innredningsartikler ikke nevnt annet sted","Astrupvegen 24","6419","MOLDE","","","1"
"993085677","ANIKKEN BERG HOLDING AS","AS","","Andre egeninvesteringsselskaper","Einebæråsen 7","6429","MOLDE","","","0"
"916347715","ANITA GJØRVEN MUSIC","ENK","","Utøvende kunstnerisk virksomhet og underholdningsvirksomhet innenfor musikk","Skjerslivegen 22","6450","HJELSET","","","0"
"934157214","ANITA NEALE AKUPUNKTUR","ENK","","Aktiviteter innenfor tradisjonell, komplementær og alternativ medisin","Idrettsvegen 2","6413","MOLDE","","","1"
"911813203","ANLEGGSGARTNER INGVAR JONASSEN AS","AS","18","Beplantning av hager og parkanlegg","Huflakvegen 14","6421","MOLDE","71 24 45 44","","1"
"980197433","ANLEGGSGARTNER RUNE NEDREBØ","ENK","","Beplantning av hager og parkanlegg","Frænavegen 430","6423","MOLDE","90 83 95 32","","1"
"935880726","ANLEGGSLEDELSE AS","AS","","Annen teknisk konsulentvirksomhet","Stubøvegen 51B","6460","EIDSVÅG I ROMSDAL","","","1"
"926858807","ANLEGGSTJENESTER V/ EINAR RØDSETH","ENK","","Byggeteknisk konsulentvirksomhet","Fasanvegen 12B","6416","MOLDE","","","1"
"980807665","ANN ELIN EVENSEN","ENK","","Avvirkning","Vorpeneset 21","6460","EIDSVÅG I ROMSDAL","71 23 21 44","","0"
"911789787","ANN ELISABETH STAKVIK","ENK","","Aktiviteter i dagspa, badstue og dampbad","v/Helse og velvære Torget 1","6413","MOLDE","","","1"
"814606392","ANN HELEN MOEN","ENK","","Utøvende kunstnerisk virksomhet og underholdningsvirksomhet innenfor musikk","Birkelandvegen 38","6416","MOLDE","","www.annhelenmoen.com","1"
"954066460","ANN KARIN TALSTAD","ENK","","Regnskapsføring og bokføring","Plutovegen 1","6419","MOLDE","","","0"
"922725454","ANN MONICA HAUGLAND","ENK","","Andre personlige tjenester ikke nevnt annet sted","Storgata 9","6413","MOLDE","","","1"
"983190782","ANN TORIL BRAKSTAD","ENK","","Andre helsetjenester ellers","Einar O. Bergs veg 8","6423","MOLDE","","","1"
"911578263","ANNA DESIGN AS","AS","","Grafisk design og visuell kommunikasjonsdesign","Øvre veg 11","6413","MOLDE","","","1"
"912124533","ANNA REIESTAD MOMENTUM FYSIOTERAPI","ENK","","Fysioterapi- og ergoterapitjenester","Ved Helse og Velvære Moldetorget Torget 1","6413","MOLDE","","","1"
"922270538","ANNA SINITSYNA","ENK","","Aktiviteter i dagspa, badstue og dampbad","Øvre Krohnstad veg 4D","6421","MOLDE","","","1"
"829124092","ANNA SØNSLIEN ERNÆRINGSFYSIOLOG","ENK","","Forebyggende helsearbeid","Anevegen 2C","6410","MOLDE","","","1"
"931328948","ANNAN HOLDING AS","AS","","Uoppgitt","Skålavegen 899","6456","SKÅLA","","","0"
"981522923","ANNE ASPELUND","ENK","","Sauehold","Jernverksvegen 338","6453","KLEIVE","","","1"
"933802825","ANNE BLINDHEIM","ENK","","Tjenester tilknyttet husdyrhold","Mjelvehagen 50","6450","HJELSET","","","1"
"987767685","ANNE HUNGNES","ENK","","Annen undervisning ellers","Bjørnstjerne Bjørnsons veg 65","6412","MOLDE","","","0"
"919042737","ANNE KARIN WALLACE","ENK","","Skapende kunstnerisk virksomhet innenfor litteratur","Myrvegen 44","6421","MOLDE","","","1"
"932708426","ANNE KINE OPSTAD PETTERSSON","ENK","","Skapende kunstnerisk virksomhet innenfor visuell kunst","Reinhold Zieglers veg 1B","6414","MOLDE","","","1"
"982804612","ANNE MARIE MORK ROKSTAD","ENK","","Skapende kunstnerisk virksomhet innenfor litteratur","Grandfjæra 12","6415","MOLDE","71 21 11 72","","0"
"930787639","ANNETTE JORNA HOLMEN VIKING LADY","ENK","","Detaljhandel med apotekvarer","Hans Thiis Møllers gate 18","6415","MOLDE","","","1"
"935810345","ANNLAUG PIJFERS","ENK","","Skapende kunstnerisk virksomhet innenfor litteratur","Gjerdesmettvegen 5","6425","MOLDE","","","1"
"951865249","ANS BJØRSET","ANS","","Utleie av egen eller leid fast eiendom","c/o Molde folkehøgskole Raumavegen 2 - 4","6410","MOLDE","71 25 94 70","","0"
"851239162","ANS MOLDE INTERIØR OG MØBELSERVICE","ANS","","Maler- og glassarbeid","Fagerlivegen 28","6413","MOLDE","","","0"
"941661831","ANS SÆTER TRANSPORT","ANS","","Utleie av egen eller leid fast eiendom","Meisalstranda","6460","EIDSVÅG I ROMSDAL","71 23 13 20","","1"
"913971442","ANTON SPADE ENTREPRENØRFORRETNING KNUT FRODE BOLSØ","ENK","","Grunnarbeid","Trollhola 9","6457","BOLSØYA","","","1"
"928460770","ANUKOON VASK","ENK","","Rengjøring av bygninger","Gørvellalleen 4","6413","MOLDE","","","1"
"927384051","ANVO AS","AS","","Annen teknisk konsulentvirksomhet","Vikdalsvegen 45","6456","SKÅLA","","www.anvo.no","1"
"937038844","AOTLAND HOLDING AS","AS","","Uoppgitt","c/o Audun Oterhals Landsvik Tanners veg 29","6412","MOLDE","","","1"
"997039971","AQUATOR AS","AS","","Kjøp og salg av egen fast eiendom","Strandheimvegen 3","6410","MOLDE","","","0"
"934591402","ARAL RÅD ARNE ALMKLOV","ENK","","Bedriftsrådgivning og annen administrativ rådgivning","Bjørnstjerne Bjørnsons veg 69","6412","MOLDE","","","1"
"989204122","ARAUCA AS","AS","","Andre egeninvesteringsselskaper","Amtmann Leths gate 1B","6413","MOLDE","","","0"
"859967272","ARBEIDSMILJØKONSULENTEN Torgrim Blø","ENK","","Byggeteknisk konsulentvirksomhet","Kringstadstien 4","6411","MOLDE","","","1"
"929868226","ARCTIC TIGERS AS","AS","","Utleie av egen eller leid fast eiendom","c/o Jeyantharaj Varatharajah Meteorvegen 8","6419","MOLDE","","","1"
"922259704","AREAL UTBYGGING AS","AS","","Utvikling og salg av byggeprosjekter","Baklivegen 27","6450","HJELSET","","","1"
"930148520","ARILD FRISNES","ENK","","Skapende kunstnerisk virksomhet innenfor visuell kunst","Hans Thiis Møllers gate 2","6415","MOLDE","","","0"
"982796113","ARILD JOHAN WAAGBØ","ENK","","Annen forretningsmessig tjenesteyting ikke nevnt annet sted","Mekvorpvegen 4","6411","MOLDE","","","0"
"918682082","ARILD SVENDSEN","ENK","","Skapende kunstnerisk virksomhet innenfor litteratur","Sjølaupet 3","6460","EIDSVÅG I ROMSDAL","","","0"
"880288792","ARILD TANGEN","ENK","","Annen rengjøringsvirksomhet og snømåking","Båtnesvegen 9","6475","MIDSUND","71 27 83 69","","1"
"934480848","ARILD TJELDE","ENK","","Avvirkning","Ranvikvegen 8","6460","EIDSVÅG I ROMSDAL","","","1"
"928094006","ARISHA'S KJØKKEN - AV SAMAH ALSHAIKHDEEB","ENK","","Catering for arrangementer","Fjellbruvegen 38","6429","MOLDE","","","0"
"943095442","ARKITEKTENE BBW AS","AS","10","Arkitektvirksomhet","Fabrikkvegen 13","6415","MOLDE","71 24 02 60","","1"
"969844508","ARNE BERGSETH","ENK","","Melkeproduksjon på storfe og oppdrett av melkekyr","Hellevegen 24","6364","VISTDAL","","","1"
"969261170","ARNE FRISVOLL","ENK","","Passasjertransport på forespørsel utført av fører med kjøretøy","Kvennavegen 19","6470","ERESFJORD","","","1"
"987811579","ARNE INGE ALMKLOV AS","AS","","Revisjon","Bjørnstjerne Bjørnsons veg 69","6412","MOLDE","73 96 58 24","","0"
"933687961","ARNE PETTER UGELVIK","ENK","","Utøvende kunstnerisk virksomhet og underholdningsvirksomhet innenfor musikk","Årøråket 7","6421","MOLDE","","","1"
"988972576","ARNE SANDØY INVEST AS","AS","","Andre egeninvesteringsselskaper","Lundsengvegen 23","6419","MOLDE","71 21 15 75","","0"
"975358291","ARNE STRØMME","ENK","","Fotografvirksomhet","Mekvegen 58","6411","MOLDE","71 21 81 26","","0"
"917537135","ARNE SVENSLI AS","AS","7","Grunnarbeid","Brannholvegen 366","6460","EIDSVÅG I ROMSDAL","","","1"
"988044881","ARNE TORVIK","ENK","","Utøvende kunstnerisk virksomhet og underholdningsvirksomhet innenfor musikk","Tyttebærsvingen 39","6429","MOLDE","","","1"
"911673975","ARNE VIGESTAD","ENK","","Andre personlige tjenester ikke nevnt annet sted","Bjørsetalleen 11","6410","MOLDE","","","0"
"924691182","ARNEGÅRD BYGGSERVICE","ENK","","Annen spesialisert bygge- og anleggsvirksomhet ikke nevnt annet sted","Magerøyvegen 107","6475","MIDSUND","","","1"
"933361195","ARNESTAD KYST AS","AS","","Fiske og fangst i sjø","Frænavegen 61A","6415","MOLDE","","","1"
"970242392","ARNFINN INGE RØSTBERG","ENK","","Oppføring av bygninger","Istadlivegen 85","6453","KLEIVE","","","1"
"911985233","ARNFINN SØRENSEN","ENK","","Tjenester tilknyttet skogbruk","Fagerlivegen 15","6413","MOLDE","","","0"
"927605872","ARNLJOT ORVIK","ENK","","Oppføring av bygninger","Buråsvegen 29","6475","MIDSUND","","","1"
"979314892","ARNT OVE KLEIVE","ENK","","Utleie og leasing av bygge- og anleggsmaskiner og -utstyr","Stubøvegen 121","6460","EIDSVÅG I ROMSDAL","71 23 28 92","","1"
"931351745","ARNT RAUSAND HOLDING AS","AS","","Uoppgitt","Kvam terrasse 6B","6411","MOLDE","","","0"
"910916750","ARPARO AS","AS","","Produksjon av karosserier og tilhengere","Skålavegen 1002","6456","SKÅLA","71 24 00 00","","1"
"937486308","ARQTUR JENKINS","ENK","","Guide- og reiseledervirksomhet","Gørvellalleen 3","6413","MOLDE","","","1"
"928474623","ARRTEK HOLDING AS","AS","","Uoppgitt","c/o Christen Andre Mentzoni Åsleet 26B","6456","SKÅLA","","","0"
"933394700","ARTBYHILDEMTV HILDE MARI TALSETH VILNES","ENK","","Skapende kunstnerisk virksomhet innenfor visuell kunst","Torleifvegen 3","6416","MOLDE","","","1"
"996465799","ARTI DESIGN AS","AS","","Grafisk design og visuell kommunikasjonsdesign","Amtmann Krohgs gate 1","6413","MOLDE","","","1"
"930186910","ARTIUSHCHENKO OG VENNER","ENK","","Guide- og reiseledervirksomhet","Vistdalsvegen 662","6364","VISTDAL","","","0"
"831022302","ARVE L. HELDE","ENK","","Beplantning av hager og parkanlegg","Vistdalsvegen 1594","6364","VISTDAL","","","1"
"931863533","ARVE ØVERÅS","ENK","","Grunnarbeid","Naustevegen 106","6470","ERESFJORD","","","1"
"951920487","AS AKSELVOLL VVS","AS","","Rørleggerarbeid","Storgata 6","6413","MOLDE","71 27 98 51","","0"
"917623716","AS KIRKEGATEN 1 A","AS","","Utleie av egen eller leid fast eiendom","Fylkeshuset","6404","MOLDE","","","1"
"829447762","AS PLUTOVEGEN 3","AS","","Utleie av egen eller leid fast eiendom","Plutovegen 3","6419","MOLDE","","","1"
"930569046","AS REGIONTEATRET I MØRE OG ROMSDAL","AS","65","Utøvende kunstnerisk virksomhet og underholdningsvirksomhet innenfor scenekunst","Gørvellplassen 1","6413","MOLDE","71 24 02 80","www.teatretvart.no","1"
"930374156","AS STORGATA 44","AS","","Utleie av egen eller leid fast eiendom","Fannestrandvegen 125","6419","MOLDE","71 20 22 00","www.angvik-eiendom.no","1"
"990709335","ASBJØRN EGGEBØ NÆSS","ENK","","Etterarbeid knyttet til produksjon av film, video og fjernsynsprogrammer","Opdølvegen 60","6450","HJELSET","","www.bigtrix.com","1"
"984708521","ASBJØRN HAGEN","ENK","","Sauehold","Lensmannsbrekka 9","6460","EIDSVÅG I ROMSDAL","71 23 43 25","","0"
"990179506","ASI AS","AS","","Kjøp og salg av egen fast eiendom","Julsundvegen 93","6412","MOLDE","","","0"
"936434835","ASIA MARKED MOLDE AS","AS","","Detaljhandel med bredt vareutvalg med hovedvekt på nærings- og nytelsesmidler","Uglevegen 18","6425","MOLDE","","","1"
"935345030","ASK BULLING","ENK","","Maler- og glassarbeid","Svenslivegen 121","6460","EIDSVÅG I ROMSDAL","","","1"
"813612992","ASKO MOLDE AS","AS","136","Engroshandel med bredt utvalg av nærings- og nytelsesmidler","Årøsetervegen 20","6422","MOLDE","71 24 19 00","","1"
"813027712","ASLAK STORJORD VESTAD, VESTAD GÅRD","ENK","","Oppdrett av annet storfe til kjøttproduksjon og sædproduksjon","Håkon Herdebreis veg 833","6418","SEKKEN","","","1"
"933975150","ASLAKSEN SKOG OG TRELAST","ENK","","Engroshandel med tømmer, trelast, byggevarer og sanitærutstyr","Grønnesvegen 127","6456","SKÅLA","","","1"
"824199132","ASPHOL EIENDOM AS","AS","","Utleie av egen eller leid fast eiendom","Istadvegen 611","6453","KLEIVE","","","1"
"925168769","ASPHOL LYD LYS & SCENETEKNIKK","ENK","","Andre tjenester tilknyttet kunstnerisk virksomhet og underholdningsvirksomhet","c/o Mats Angvik Asphol Istadvegen 689","6453","KLEIVE","","","1"
"932856506","ASSANI TRANSPORT","ENK","","Andre post- og budtjenester","Elvegata 17A","6413","MOLDE","","","1"
"935907098","ASTAD FYSIOTERAPI","ENK","","Fysioterapi- og ergoterapitjenester","Torget 1","6413","MOLDE","","","1"
"919635657","ASTERO AS","AS","7","Arbeidstrening og varig tilrettelagt arbeid","Marsvegen 4","6419","MOLDE","71 21 39 10","","1"
"932860554","ASTERO MEKANISK AS","AS","27","Arbeidstrening og varig tilrettelagt arbeid","Marsvegen 4","6419","MOLDE","","","1"
"928463249","ASTRAX SEILBÅTSERVICE AS","AS","","Reparasjon og vedlikehold av sivile skip og båter","","6419","MOLDE","","","1"
"934476328","ASTRID OG PAUL AS","AS","","Uoppgitt","c/o Paul Bergsvik Stensåberget 2","6456","SKÅLA","","","1"
"932016095","ASTRUP KIMCHI","ENK","","Catering for arrangementer","Jensgurilia 1H","6429","MOLDE","","","0"
"920475809","ATB HOLDING AS","AS","","Utleie av egen eller leid fast eiendom","Utsidevegen 807","6475","MIDSUND","","","1"
"937674503","ATHLETIQ AS","AS","","Dataprogrammeringstjenester","Moldelivegen 118","6412","MOLDE","","","1"
"920601707","ATLANTERFJORD AS","AS","","Utvikling og salg av byggeprosjekter","Gjengstøvegen 337","6444","FARSTAD","","","0"
"985874042","ATLANTIC EIENDOM AS","AS","","Utleie av egen eller leid fast eiendom","Verftsgata 6A","6416","MOLDE","71 26 88 50","","1"
"864367992","ATLANTIC TRANSPORT AS","AS","44","Godstransport på vei","Verftsgata 6A","6416","MOLDE","71 26 88 50","","1"
"932005530","ATLANTICO AS","AS","21","Logistikktjenester","Verftsgata 6A","6416","MOLDE","71 25 10 00","www.atlantico.no","1"
"923617000","ATLE FRANTZEN","ENK","","Guide- og reiseledervirksomhet","Julsundvegen 121","6410","MOLDE","","","0"
"923672958","ATLE GODØ INVEST AS","AS","","Fiske og fangst i sjø","Gangstadvegen 24","6475","MIDSUND","","","0"
"982288584","ATLE ØDEGÅRD","ENK","","Psykolog- og psykoterapitjenester, unntatt legetjenester innenfor psykiatri","Brattlivegen 5","6412","MOLDE","41 41 73 06","","0"
"916360835","ATMA INVEST AS","AS","","Andre egeninvesteringsselskaper","Bjørnstjerne Bjørnsons veg 69","6412","MOLDE","","","0"
"998394414","ATTRAKTIVE LOKALSAMFUNN AS","AS","","Utvikling og salg av byggeprosjekter","Torbjørns veg 13","6429","MOLDE","","","0"
"986314261","AUDIOWORKS AS","AS","","Andre tjenester tilknyttet kunstnerisk virksomhet og underholdningsvirksomhet","Birkelandvegen 24","6416","MOLDE","71 20 05 40","","1"
"980224309","AUDUN MYKLEBOSTAD","ENK","","Melkeproduksjon på storfe og oppdrett av melkekyr","Øvregardsvegen 6","6364","VISTDAL","","","1"
"979219024","AUDUN T BERSÅS","ENK","","Melkeproduksjon på storfe og oppdrett av melkekyr","Bersåsvegen 27","6462","RAUDSAND","71 23 32 03","","1"
"928541487","AUKAN AS","AS","8","Uoppgitt","Moldegårdsvegen 5","6415","MOLDE","","","1"
"989985507","AUKRA BUTIKKEIENDOM AS","AS","","Utleie av egen eller leid fast eiendom","Nøisomhed","6405","MOLDE","71 20 22 00","","1"
"933790711","AUKRA FOTO FOTOGRAF KJELL LANGMYREN","ENK","","Fotografvirksomhet","Anevegen 2K","6410","MOLDE","","","0"
"935790042","AUNE YOGA","ENK","","Undervisning innenfor idrett og rekreasjon","Tellusvegen 3B","6419","MOLDE","","","1"
"936912052","AURA ØKONOMI AS","AS","5","Regnskapsføring og bokføring","Kråkholmvegen 46","6460","EIDSVÅG I ROMSDAL","","","1"
"932364603","AURE HOLDING AS","AS","","Uoppgitt","Myrabakken 3","6413","MOLDE","","","0"
"933870812","AURE LANDBRUK & MARITIM MEKANISKE","ENK","","Reparasjon og vedlikehold av maskiner","Håkon Herdebreis veg 24","6418","SEKKEN","","","1"
"980355276","AURORIS AS","AS","","Bedriftsrådgivning og annen administrativ rådgivning","Parkvegen 63","6412","MOLDE","71 21 90 05","","1"
"929234197","AUSTAMÅNE AS","AS","","Uoppgitt","c/o Tomas Rakvåg Midtbø Stuttnesvegen 57","6475","MIDSUND","","","0"
"919678607","AUSTIGARD GÅRD","ENK","","Melkeproduksjon på storfe og oppdrett av melkekyr","Eikesdalsvegen 2186","6472","EIKESDAL","","","1"
"987178876","AUSTLID SALG OG UTLEIE ANS","ANS","","Utleie og leasing av bygge- og anleggsmaskiner og -utstyr","Svarttrastvegen 10","6425","MOLDE","71 21 03 42","","0"
"933884112","AUSTNES TRANSPORT","ENK","","Andre post- og budtjenester","Langmyrvegen 79","6415","MOLDE","","","1"
"912511782","AUTO 8-8 MOLDE AS","AS","26","Reparasjon og vedlikehold av motorvogner","Årøhaugen 8","6422","MOLDE","71 20 34 00","www.auto8-8.no","2"
"929023900","AUTO BROKER SCANDINAVIA AS","AS","","Detaljhandel med motorvogner","Romsdalsgata 16","6415","MOLDE","","","1"
"929170849","AUTO IMPEX AS","AS","","Detaljhandel med motorvogner","Einar O. Bergs veg 3","6423","MOLDE","","","1"
"916677200","AUTO RENTAL SCANDINAVIA AS","AS","","Utleie og leasing av biler og andre lette motorvogner","Romsdalsgata 16","6415","MOLDE","","","1"
"843142672","AUTOSERVICE EIDSVÅG AS","AS","","Detaljhandel med drivstoff til motorvogner","","6460","EIDSVÅG I ROMSDAL","","","1"
"927350157","AWATE YOUSUF TAXI","ENK","","Passasjertransport på forespørsel utført av fører med kjøretøy","c/o Awate Yousuf Awate Fannefjordsvegen 115","6421","MOLDE","","","1"
"930734888","AWONE AS","AS","","Annen teknisk konsulentvirksomhet","Naustekroken 4","6470","ERESFJORD","","","1"
"919731753","AXARD 1 AS","AS","","Kjøp og salg av egen fast eiendom","Skolevegen 29C","6410","MOLDE","","","0"
"998392497","AXBIT AS","AS","9","Dataprogrammeringstjenester","Grandfjæra 22C","6415","MOLDE","","","1"
"912484645","AXBU AS","AS","","Utleie av egen eller leid fast eiendom","Grandfjæra 22C","6415","MOLDE","","www.axess.no","1"
"933585050","AXEL SOLUTIONS AS","AS","10","Elektrisk installasjonsarbeid","Grandfjæra 22C","6415","MOLDE","","","1"
"919705728","AXELL 1 AS","AS","","Kjøp og salg av egen fast eiendom","c/o Kjell Ødegård Langmyrvegen 1","6413","MOLDE","","","1"
"923816771","AXELSTORIES AS","AS","","Utgivelse av bøker","Kringstadvegen 1B","6411","MOLDE","","","0"
"935654866","AXESS AS","AS","22","Annen teknisk konsulentvirksomhet","Grandfjæra 22C","6415","MOLDE","","","1"
"932384787","AXESS CO-INVEST AS","AS","","Annen teknisk konsulentvirksomhet","Grandfjæra 22A","6415","MOLDE","","","0"
"835496112","AXESS CONNECT AS","AS","","Teknisk prøving og analyse","Grandfjæra 22C","6415","MOLDE","","","1"
"923232001","AXESS DIGITAL AS","AS","","Dataprogrammeringstjenester","Grandfjæra 22C","6415","MOLDE","","","1"
"933539571","AXESS INSPECTION AS","AS","23","Annen teknisk konsulentvirksomhet","Grandfjæra 22C","6415","MOLDE","","","1"
"994352199","AXESS INTERNATIONAL AS","AS","","Annen teknisk konsulentvirksomhet","Grandfjæra 22C","6415","MOLDE","","","0"
"932385465","AXESS MIPCO AS","AS","","Annen teknisk konsulentvirksomhet","Grandfjæra 22A","6415","MOLDE","","","0"
"931752197","AXESS OFFSHORE NORWAY AS","AS","","Annen teknisk konsulentvirksomhet","Grandfjæra 22C","6415","MOLDE","","","1"
"922347379","AXESS SERVICES AS","AS","44","Annen teknisk konsulentvirksomhet","Grandfjæra 22C","6415","MOLDE","","","1"
"914740762","AXESS TECHNOLOGIES AS","AS","112","Produksjon av løfte- og håndteringsutstyr","Grandfjæra 22C","6415","MOLDE","","","1"
"934557514","AXESS WAREHOUSE AS","AS","11","Lagring","Grandfjæra 22C","6415","MOLDE","","","1"
"888695532","AXIO AS","AS","","Annen teknisk konsulentvirksomhet","Grandfjæra 28","6415","MOLDE","98 24 36 00","www.axess.no","1"
"820193342","AXKRAFT AS","AS","","Annen teknisk konsulentvirksomhet","c/o Axio AS Grandfjæra 28","6415","MOLDE","","","0"
"923231978","AXPEAK AS","AS","24","Annen teknisk konsulentvirksomhet","Grandfjæra 22C","6415","MOLDE","","","1"
"887062552","AXTECH AS","AS","68","Andre tjenester tilknyttet utvinning av råolje og naturgass","Fannestrandvegen 85","6416","MOLDE","","www.axtech.no","1"
"920408834","B. HAIR AS","AS","5","Frisering og barbering","Amtmann Krohgs gate 3","6413","MOLDE","","","1"
"937477309","B.E MIDTHAUG","ENK","","Bearbeiding av metaller","Nesvegen 16","6453","KLEIVE","","","1"
"932317044","B.MALO HOLDING AS","AS","","Uoppgitt","Fagerlivegen 15","6413","MOLDE","","","0"
"935357616","BACKIENE HANDEL OG VERKSTED","ENK","","Annen detaljhandel med andre nye varer","Boråsvegen 14","6415","MOLDE","","","1"
"933707156","BAGUIO KREATIV STUDIO","ENK","","Fotografvirksomhet","Storgata 23","6413","MOLDE","","www.bkreativ.studio","1"
"914374146","BAKERIET EIENDOM AS","AS","","Detaljhandel med bakervarer, konditorvarer og sukkervarer","Torget 1","6413","MOLDE","71 21 94 12","","1"
"990824983","BAKERIET ROSEBY AS","AS","19","Detaljhandel med bakervarer, konditorvarer og sukkervarer","Lergrovik","6422","MOLDE","71 11 51 00","","1"
"931695835","BAKKE KONSULTING","ENK","","Andre tjenester tilknyttet undervisning ikke nevnt annet sted","Julsundvegen 123","6410","MOLDE","","","0"
"928600068","BAKKEN CONSULTING","ENK","","Annen teknisk konsulentvirksomhet","Gamle Gussiåsvegen 201","6453","KLEIVE","","","0"
"911961660","BAKLIVEGEN 11 AS","AS","","Utleie av egen eller leid fast eiendom","Baklivegen 11","6450","HJELSET","71 20 29 00","","1"
"911961776","BAKLIVEGEN 13 AS","AS","","Utleie av egen eller leid fast eiendom","Baklivegen 11","6450","HJELSET","","","1"
"912864952","BAKLIVEGEN 14 AS","AS","","Utleie av egen eller leid fast eiendom","Baklivegen 14","6450","HJELSET","","","0"
"937203985","BAKLIVEGEN 3B AS","AS","","Uoppgitt","Baklivegen 3","6450","HJELSET","","","1"
"920795366","BAKLIVEGEN 4 AS","AS","","Utleie av egen eller leid fast eiendom","Gardvegen 54","6450","HJELSET","","","1"
"935330483","BAKLIVEGEN 8 AS","AS","","Kjøp og salg av egen fast eiendom","Verftsgata 4","6416","MOLDE","","","1"
"933520684","BAKLIVEGEN 9 AS","AS","","Utleie av egen eller leid fast eiendom","Skallvegen 1","6453","KLEIVE","","","1"
"917890196","BALDR INVEST AS","AS","","Bedriftsrådgivning og annen administrativ rådgivning","Hauanvegen 6","6414","MOLDE","","","0"
"879915872","BARACOA AS","AS","","Utleie av egen eller leid fast eiendom","Storgata 9","6413","MOLDE","","","1"
"892626502","BARAHONDA INVESTORS AS","AS","","Andre egeninvesteringsselskaper","Grandvegen 4","6415","MOLDE","38 60 72 11","","0"
"930731331","BARBARA BAJERSKA RENHOLD","ENK","","Rengjøring av bygninger","Skålavegen 1705","6456","SKÅLA","","","1"
"953438380","BARCO HOLDING AS","AS","","Regnskapsføring og bokføring","Julsundvegen 14","6412","MOLDE","71 25 54 00","","0"
"933728862","BARE BRIT FILM - BRIT POLDEN","ENK","","Produksjon av film, video og fjernsynsprogrammer","Siriusvegen 17","6419","MOLDE","","","1"
"987211407","BARRASANG Ragnhild Barra Wisløff","ENK","","Privatundervisning","Arnes veg 51D","6429","MOLDE","","","1"
"935983797","BARSTEN HOLDING AS","AS","","Utleie og leasing av andre maskiner og annet utstyr og materiell ikke nevnt annet sted","c/o Barsten Regnskap AS Julsundvegen 14","6412","MOLDE","71 25 21 58","","1"
"957426441","BARSTEN REGNSKAP AS","AS","","Regnskapsføring og bokføring","Julsundvegen 14","6412","MOLDE","91 24 45 00","","1"
"956595924","BAUTA CONSTRUCTION AS","AS","25","Bygging av sivile skip og flytende materiell","Grønnesvegen 143","6456","SKÅLA","","","1"
"976901061","BAUTA INDUSTRIES AS","AS","","Bygging av sivile skip og flytende materiell","Grønnesvegen 143","6456","SKÅLA","","","1"
"822694152","BBW HOLDING III AS","AS","","Arkitektvirksomhet","c/o Arkitektene BBW AS Fabrikkvegen 13","6415","MOLDE","","","0"
"918675264","BC SPV II AS","AS","","Tjenester tilknyttet fiske, fangst og akvakultur","Sandvegen 9","6413","MOLDE","","","0"
"932743493","BC SPV VII AS","AS","","Bedriftsrådgivning og annen administrativ rådgivning","Sandvegen 9","6413","MOLDE","","","1"
"925846201","BEATE V RÅKET","ENK","","Frisering og barbering","c/o Beate V Råket Skogvegen 12A","6415","MOLDE","","","0"
"817491472","BEAUTY BY DOVILE DOVILE AUGULYTE","ENK","","Skjønnhetspleie","Krohnhøgda 12B","6421","MOLDE","","","0"
"935144078","BEAUTYMEDHEGE V/H. SVENSLI","ENK","","Skjønnhetspleie","Frisvollvegen 28","6470","ERESFJORD","","","1"
"917522693","BECHSTRØM ENTERTAINMENT","ENK","","Utøvende kunstnerisk virksomhet og underholdningsvirksomhet innenfor musikk","Grønnesvegen 331","6456","SKÅLA","","","1"
"922608520","BEDAP AS","AS","","Utgivelse av bøker","c/o Petter Rudi Bekkevollvegen 17","6414","MOLDE","","","0"
"996995526","BEDRIFTSVEIEN 11 AS","AS","","Utleie av egen eller leid fast eiendom","Eikremsvingen 4","6422","MOLDE","","","1"
"935145147","BEFRI EIENDOM AS","AS","","Utleie av egen eller leid fast eiendom","Kanndalsvegen 9","6470","ERESFJORD","","","1"
"923835466","BEHOLDING AS","AS","","Uoppgitt","c/o Bent Erik Heimen Bastian Dahls veg 7","6415","MOLDE","","","0"
"937504276","BELINDA KÅRVÅG","ENK","","Skapende kunstnerisk virksomhet innenfor litteratur","Cecilienfrydvegen 34","6412","MOLDE","","","1"
"919984953","BELL DIGITAL","ENK","","Dataprogrammeringstjenester","Rådyrvegen 74","6425","MOLDE","","belldesign.no","0"
"937586590","BELL DIGITAL AS","AS","","Dataprogrammeringstjenester","Rådyrvegen 74","6425","MOLDE","","","1"
"932859629","BELL TJENESTER","ENK","","Reparasjon og vedlikehold av datamaskiner og kommunikasjonsutstyr","Rådyrvegen 74","6425","MOLDE","","","1"
"937445873","BELLARIA AS","AS","","Undervisning innenfor idrett og rekreasjon","Røysan 14","6412","MOLDE","","","1"
"835935132","BELTR AS","AS","","Dataprogrammeringstjenester","Glomstuvegen 83B","6410","MOLDE","99 44 57 20","beltr.ai","1"
"929544862","BEN HOLDING AS","AS","","Skapende kunstnerisk virksomhet innenfor visuell kunst","Myrabakken 10","6413","MOLDE","","","1"
"981749219","BENEDIKTE LIEPELT","ENK","","Allmennlegetjenester","c/o Skåla legekontor Kaptein Dreyers veg 13","6456","SKÅLA","70 04 80 50","","1"
"936230105","BENT LAURSEN","ENK","","Annen teknisk konsulentvirksomhet","Parkvegen 76","6412","MOLDE","","","1"
"969988445","BENTE MYKLEBOSTAD","ENK","","Grafisk design og visuell kommunikasjonsdesign","Vistdalsvegen 1107","6364","VISTDAL","71 23 10 20","","1"
"919323590","BERG JACOBSEN AS","AS","","Eiendomsforvaltning på oppdrag","Fannestrandvegen 125","6419","MOLDE","","","1"
"979116209","BERG JACOBSEN INVESTOR AS","AS","","Utleie av egen eller leid fast eiendom","Nøisomhed","6405","MOLDE","71 20 22 00","","0"
"869212482","BERG JOHN EINAR FR","ENK","","Sauehold","Øverbygda 183","6450","HJELSET","","","0"
"980132269","BERG KARTOGRAFI","ENK","","Utarbeidelse av kart og oppmåling","Årømyran 11A","6421","MOLDE","","www.geografen.no","1"
"977161509","BERG KJØRESKOLE","ENK","","Undervisning ved godkjente trafikkskoler","Ranesvegen 43","6456","SKÅLA","71 24 05 91","","1"
"935484227","BERG-INVEST AS","AS","","Utleie av egen eller leid fast eiendom","Fannestrandvegen 125","6419","MOLDE","71 20 22 00","","1"
"990363358","BERGART AS","AS","","Utgivelse av bøker","Frisvollvegen 111","6470","ERESFJORD","","","1"
"921752490","BERGEN BIGESJEFT AS","AS","","Husdyrhold ikke nevnt annet sted","Kvernhuslia 6","6456","SKÅLA","","","0"
"914547148","BERGFJORD BRUNVOLL AS","AS","","Uoppgitt","Birkelandvegen 24","6416","MOLDE","","","0"
"920191444","BERGHEIM HOEL MUSIC","ENK","","Utøvende kunstnerisk virksomhet og underholdningsvirksomhet innenfor musikk","Solbakken terrasse 18","6429","MOLDE","","","0"
"988408999","BERGMESTEREN RAUDSAND AS","AS","","Innsamling av farlig avfall","Raudsandbakken 125","6462","RAUDSAND","","","1"
"936729894","BERGMO DAGLIGVARE AS","AS","20","Detaljhandel med bredt vareutvalg med hovedvekt på nærings- og nytelsesmidler","Saturnvegen 1","6419","MOLDE","","","1"
"934754719","BERGS FISKE HATLE","ENK","","Fiske og fangst i sjø","Trollhola 5A","6457","BOLSØYA","","","1"
"979912609","BERGSET KURT JOHNNY","ENK","","Oppdrett av annet storfe til kjøttproduksjon og sædproduksjon","Vistdalsvegen 1394","6364","VISTDAL","71 23 52 62","","0"
"936325122","BERGSNES CREATIVE CONSULTING","ENK","","Bedriftsrådgivning og annen administrativ rådgivning","Røbekkvegen 13","6421","MOLDE","","","1"
"916328958","BERGTA! RANDI KRISTIN STRAND","ENK","","Skapende kunstnerisk virksomhet innenfor litteratur","Bekkevollvegen 21","6414","MOLDE","","www.bergta.no","1"
"930678074","BERILD TAXI","ENK","","Passasjertransport på forespørsel utført av fører med kjøretøy","Banehaugskogen 7","6415","MOLDE","","","1"
"912514994","BERIT RØSOK DAHL AS","AS","","Andre egeninvesteringsselskaper","Olsmedbakken 6E","6415","MOLDE","","","0"
"981834690","BERLAND GUNNAR","ENK","","Allmennlegetjenester","c/o Kvam Legesenter Mekvegen 13","6411","MOLDE","71 21 54 50","www.kvamlegesenter.no","1"
"917560285","BERNT INGE STRANDEN HARØY","ENK","","Fysioterapi- og ergoterapitjenester","Leilighet R14 Romsdalsgata 14","6415","MOLDE","","www.kurativet.no","1"
"935344891","BERNTSEN HUSSERVICE","ENK","","Snekkerarbeid","Kometvegen 18","6419","MOLDE","","","1"
"833461842","BERSÅS SJÅFØRTJENESTE","ENK","","Godstransport på vei","Nedre Nygårdsvegen 4","6462","RAUDSAND","","","1"
"931018531","BESK HOLDING AS","AS","","Uoppgitt","Bergsbakken 11","6423","MOLDE","","","0"
"985266964","BESKRIVELSER STIG OVE VOLL","ENK","","Pr og kommunikasjonstjenester","Mårskrenten 32","6425","MOLDE","","www.beskrivelser.no","0"
"911780283","BESLAGSFABRIKKEN AS","AS","","Agenturhandel med tømmer, trelast og byggevarer","Amtmann Leths gate 21","6413","MOLDE","","","1"
"992548517","BEST-BYGG AS","AS","16","Oppføring av bygninger","Gammelseterlia 30","6422","MOLDE","","www.best-bygg.no","1"
"927211637","BETNA BUTIKKEIENDOM AS","AS","","Utleie av egen eller leid fast eiendom","Fannestrandvegen 125","6419","MOLDE","","","1"
"928602508","BETONGPROSJEKT AS","AS","","Annen spesialisert byggevirksomhet i forbindelse med oppføring av bygninger","Stubøvegen 57","6460","EIDSVÅG I ROMSDAL","","","1"
"937545673","BEYOND REACH DA","DA","","Oppføring av bygninger","Hjellmyrnakken 10","6429","MOLDE","","","1"
"931871161","BGDOMENE GRASKOPF","ENK","","Annen forretningsmessig tjenesteyting ikke nevnt annet sted","Bergsvingen 7","6423","MOLDE","","","0"
"923563245","BIANKA SAETRE LEGETJENESTER","ENK","","Allmennlegetjenester","Sørstien 41","6411","MOLDE","","","1"
"974538008","BICCO TONE HAUGE","ENK","","Skapende kunstnerisk virksomhet innenfor litteratur","Fannestrandvegen 134","6419","MOLDE","71 21 03 00","www.forsiktig.no","0"
"934230256","BIG BRUTUS AS","AS","","Utleie og leasing av landbruksmaskiner og -utstyr","Stubøvegen 51B","6460","EIDSVÅG I ROMSDAL","","","1"
"996688003","BIL & CARAVAN MOLDE AS","AS","6","Detaljhandel med motorvogner","Baklivegen 7","6450","HJELSET","","","1"
"977064740","BIL-REP - Iver Gribbestad","ENK","","Detaljhandel med motorvogner","Plutovegen 3","6419","MOLDE","71 21 23 16","","1"
"971195142","BILEX ING. HATLE","ENK","","Detaljhandel med motorvogner","Parkvegen 24","6413","MOLDE","","","1"
"921193750","BILL AS","AS","","Regnskapsføring og bokføring","Storgata 9","6413","MOLDE","","","0"
"932744295","BILSERVICE MOLDE AS","AS","","Reparasjon og vedlikehold av motorvogner","Fannestrandvegen 74","6416","MOLDE","","","1"
"935082528","BILUTLEIE 1 DRIFT AS","AS","","Utleie og leasing av biler og andre lette motorvogner","Verftsgata 4","6416","MOLDE","","","1"
"936011411","BIOBONDE AS","AS","","Agenturhandel med spesialisert vareutvalg ellers","Neråsvegen 242","6470","ERESFJORD","","","1"
"831463872","BIOFERTILIZE AS","AS","","Bedriftsrådgivning og annen administrativ rådgivning","Neråsvegen 242","6470","ERESFJORD","","","0"
"925106097","BIOPAT BODIL VAAGSETHER","ENK","","Aktiviteter innenfor tradisjonell, komplementær og alternativ medisin","Amtmann Leths gate 16","6413","MOLDE","","","1"
"916478348","BIRDHOUSE DA","DA","","Produksjon av møbler","Sandvegen 1","6412","MOLDE","","","1"
"990227055","BIRGER HATLEBAKKS VEG 10 AS","AS","","Utleie av egen eller leid fast eiendom","Grandfjæra 22C","6415","MOLDE","71 20 20 00","www.hoevding.no","1"
"982734894","BIRGER HATLEBAKKS VEG 15 AS","AS","","Produksjon av belysningsutstyr","Birger Hatlebakks veg 15","6415","MOLDE","71 24 60 00","","0"
"920692982","BIRGITTES GLASSVERKSTED BIRGITTE LANGE","ENK","","Produksjon av emballasje og husholdningsartikler av glass og krystall","Reinhold Zieglers veg 6","6414","MOLDE","","","0"
"916365039","BIRKELANDSVN. 42 AS","AS","","Eiendomsforvaltning på oppdrag","Jupitervegen 7","6419","MOLDE","","","1"
"832327212","BISPEN CAPITAL AS","AS","","Uoppgitt","Banehaugskogen 3","6415","MOLDE","","","0"
"914547237","BITSCOM AS","AS","","Utleie av egen eller leid fast eiendom","Bekkevollvegen 6","6412","MOLDE","","","0"
"991957480","BITTELITE STUDIO, HOVDE","ENK","","Grafisk design og visuell kommunikasjonsdesign","Øverlandsvegen 25D","6416","MOLDE","","bittelite.no","1"
"926018086","BJ RØDSETH HOLDING AS","AS","","Utleie av egen eller leid fast eiendom","Vestre Plassveg 5","6415","MOLDE","","","0"
"885606202","BJARNE BAKKEN","ENK","","Eiendomsforvaltning på oppdrag","Gamle Gussiåsvegen 197","6453","KLEIVE","71 23 56 40","","0"
"937502036","BJARNE RØDSETH EIENDOMSSELSKAP AS","AS","","Utleie av egen eller leid fast eiendom","Vestre Plassveg 5","6415","MOLDE","","","1"
"980785610","BJARNE STORMYR","ENK","","Oppføring av bygninger","Breivikvegen 36","6475","MIDSUND","71 27 99 24","","1"
"936037577","BJBJ AS","AS","","Kjøp og salg av egen fast eiendom","Storgata 9","6413","MOLDE","","","1"
"824407592","BJERKE MEDIA V/BJERKESTRAND","ENK","","Fotografvirksomhet","Elin Bele Boråsvegen 50A","6415","MOLDE","","","1"
"929122372","BJERKELI EIENDOM AS","AS","","Utleie av egen eller leid fast eiendom","Langevegen 157","6364","VISTDAL","","","1"
"921295227","BJERKELI SAND AS","AS","","Utvinning fra grus- og sandtak, og utvinning av leire og kaolin","Langevegen 157","6364","VISTDAL","","","1"
"928323013","BJERKESTAD AS","AS","","Utleie av egen eller leid fast eiendom","Stormyrvegen 56","6475","MIDSUND","","","1"
"915132774","BJERKESTRAND INVEST AS","AS","","Oppføring av bygninger","Moldelivegen 35C","6413","MOLDE","","","0"
"994415476","BJORLI DRIFT AS","AS","","Utleie av egen eller leid fast eiendom","Julsundvegen 905","6411","MOLDE","","","1"
"983052886","BJORLIGARD HANDELSHUS AS","AS","","Utleie av egen eller leid fast eiendom","Fannestrandvegen 125","6419","MOLDE","","","1"
"986046488","BJORLIGARD UTBYGGING AS","AS","","Utleie av egen eller leid fast eiendom","Nøisomhed","6405","MOLDE","71 20 22 00","","0"
"988357278","BJORLIVEGEN AS","AS","","Utleie av egen eller leid fast eiendom","Nøisomhed","6405","MOLDE","71 20 22 00","","1"
"979671458","BJØRKUM BIL ANS","ANS","","Reparasjon og vedlikehold av motorvogner","Kirkebakken 31","6413","MOLDE","90 17 67 54","","0"
"974901897","BJØRN BERSÅS","ENK","","Avvirkning","Sjøgardsvegen 6","6460","EIDSVÅG I ROMSDAL","","","0"
"969233223","BJØRN EIKÅS HUT IN FREDSVIK","ENK","","Kombinerte tjenester tilknyttet eiendomsdrift","Meisalstranda 487B","6460","EIDSVÅG I ROMSDAL","71 23 31 12","","1"
"889787082","BJØRN EVEN NERLAND","ENK","","Melkeproduksjon på storfe og oppdrett av melkekyr","Vistdalsvegen 1649","6364","VISTDAL","71 23 23 23","","1"
"969399032","BJØRN HAMMERVOLD","ENK","","Oppdrett av annet storfe til kjøttproduksjon og sædproduksjon","Hammervollhagen 12C","6460","EIDSVÅG I ROMSDAL","","","0"
"988265063","BJØRN IVAR HAUGEN","ENK","","Fotografvirksomhet","Lyngvegen 12","6429","MOLDE","71 21 14 24","","0"
"883868412","BJØRN OLSSON UTVIKLING","ENK","","Engroshandel med maskiner og utstyr ellers","Fuglsetbakken 22","6416","MOLDE","71 25 33 87","","1"
"990982473","BJØRN OVE HAGSET","ENK","","Utøvende kunstnerisk virksomhet og underholdningsvirksomhet innenfor musikk","Sørstien 30","6411","MOLDE","70 33 16 53","","0"
"935317894","BJØRN PATRICK KOLSTAD","ENK","","Allmennlegetjenester","Vonheimvegen 4B","6415","MOLDE","","","1"
"923014837","BJØRN R. VIKHAGEN","ENK","","Utøvende kunstnerisk virksomhet og underholdningsvirksomhet innenfor musikk","Kalkunvegen 4","6416","MOLDE","","","0"
"984094817","BJØRN SOLHEIM","ENK","","Formidlingstjenester tilknyttet detaljhandel med spesialisert vareutvalg","Jordbærvegen 31","6421","MOLDE","","","1"
"918464603","BJØRN SUNDE","ENK","","Snekkerarbeid","Glomstuvegen 26","6412","MOLDE","","","1"
"987928921","BJØRN THOMAS BRUSTAD MELHUS","ENK","","Skapende kunstnerisk virksomhet innenfor litteratur","Solbakken 13","6429","MOLDE","22 37 28 02","","0"
"923016309","BJØRN TORSETNES","ENK","","Dyrking av kjernefrukter og steinfrukter","Tuesenvegen 1","6421","MOLDE","","","1"
"980355217","BJØRNAR PEDERSEN KONSULENTTJENESTER","ENK","","Annen undervisning ellers","Sagvegen 3","6412","MOLDE","","www.kursing.no","1"
"969841010","BJØRNEREM MAGNE ELDAR","ENK","","Dyrking av korn, unntatt ris, belgvekster og oljeholdige vekster","Vølvegen 4","6475","MIDSUND","","","1"
"927624524","BJØRNEREM SNEKKERTJENESTE","ENK","","Snekkerarbeid","Sollivegen 68","6414","MOLDE","","","1"
"936678831","BJØRNEVIK REQRUITMENT","ENK","","Bedriftsrådgivning og annen administrativ rådgivning","Øverlandsvegen 22","6416","MOLDE","","","1"
"983913520","BJØRNSONHUSET AS","AS","","Utleie av egen eller leid fast eiendom","Fannestrandvegen 125","6419","MOLDE","71 20 22 00","","1"
"983624782","BJØRNSONHUSETS VENNER AS","AS","","Utleie av egen eller leid fast eiendom","Nøisomhed","6405","MOLDE","","","0"
"977030862","BJØRNSUND EIENDOMSSELSKAP AS","AS","","Utleie av egen eller leid fast eiendom","Torget 2","6413","MOLDE","","","1"
"930219711","BJØRSET BARNEHAGE AS","AS","19","Førskoleundervisning og drift av barnehager","Bjørnstjerne Bjørnsons veg 117","6410","MOLDE","","","1"
"931213415","BJØRSET MASKIN","ENK","","Grunnarbeid","Årøråket 14","6421","MOLDE","","","0"
"919759232","BJØRSETSKOG AS","AS","","Utvikling og salg av byggeprosjekter","c/o Rolf Martin Møller Sagvegen 17","6412","MOLDE","","","1"
"826394102","BK GODØ","ENK","","Oppføring av bygninger","Buråsvegen 42","6475","MIDSUND","","","1"
"993000124","BK LARSEN PRODUKSJON","ENK","","Produksjon og utgivelse av musikk- og lydopptak","Moldelivegen 3","6415","MOLDE","","","0"
"936669344","BLACK RABBIT AS","AS","","Utleie av egen eller leid fast eiendom","Sandvegen 9","6413","MOLDE","","","1"
"932891190","BLÉCOURT FRILANS","ENK","","Guide- og reiseledervirksomhet","Myrvegen 28B","6421","MOLDE","","","1"
"895805092","BLIKENG MUSIKKTJENESTER","ENK","","Utøvende kunstnerisk virksomhet og underholdningsvirksomhet innenfor musikk","Kvam terrasse 22B","6411","MOLDE","","www.myspace.com/fblikeng","1"
"988112992","BLIKKENSLAGER R. MYKLEBUST AS","AS","","Takarbeid","Plutovegen 4","6419","MOLDE","71 25 13 00","","1"
"914839742","BLIKKENSLAGER1 AS","AS","","Takarbeid","Rikke Flovikholms veg 3","6456","SKÅLA","","","1"
"933865479","BLINDHEIM GÅRDSDRIFT","ENK","","Sauehold","Mjelvehagen 50","6450","HJELSET","","","1"
"935738237","BLODIGE INVESTERINGER AS","AS","","Uoppgitt","Julsundvegen 117","6410","MOLDE","","","1"
"988951196","BLOND AS","AS","","Frisering og barbering","Grandfjæra 28","6415","MOLDE","","","0"
"930104647","BLUE HOUR HOLDING AS","AS","","Destillering, rektifisering og blanding av sprit","c/o Protomore Kunnskapspark Britvegen 4","6410","MOLDE","","","0"
"935670020","BLØ","ENK","","Reklamebyråvirksomhet","Julsundvegen 117","6410","MOLDE","","","1"
"964178674","BLØ BYGG AS","AS","12","Oppføring av bygninger","Blø","6475","MIDSUND","","","1"
"941428940","BLØ BYGG Per Inge Blø & Co","DA","","Utleie av egen eller leid fast eiendom","","6475","MIDSUND","","","1"
"997532767","BLØ INVEST AS","AS","","Utleie av egen eller leid fast eiendom","Julsundvegen 117","6410","MOLDE","","","0"
"983825311","BM BYGG OG RENOVERING DA","DA","","Grunnarbeid","Raudsandbakken 67","6462","RAUDSAND","71 23 32 00","magne.stavik.com","1"
"926434977","BOAH AS","AS","","Utleie av egen eller leid fast eiendom","c/o Andreas Løken Håbet Midøyvegen 276","6475","MIDSUND","","","1"
"964412995","BOHEM Mona Hustad","ENK","","Annen detaljhandel med andre nye varer","Havnegata 43","6413","MOLDE","","","1"
"925810614","BOKSASP HOLDING AS","AS","","Uoppgitt","Boråsvegen 36","6415","MOLDE","","","0"
"932169568","BOLHY REMEN","ENK","","Skapende kunstnerisk virksomhet innenfor litteratur","Røysan 16B","6412","MOLDE","","","1"
"989994182","BOLIGEIENDOM FORVALTNING AS","AS","","Utleie av egen eller leid fast eiendom","Øvre veg 33","6415","MOLDE","","","1"
"982353068","BOLIGEIENDOM FRITID AS","AS","","Utleie av egen eller leid fast eiendom","Øvre veg 33","6415","MOLDE","","","1"
"919059966","BOLIGEIENDOM SAK AS","AS","","Utleie av egen eller leid fast eiendom","Øvre veg 33","6415","MOLDE","","","1"
"936959008","BOLIGTILPASNING OG VEDLIKEHOLD WRECZYCKI","ENK","","Eiendomsforvaltning på oppdrag","Øverbøen 8","6411","MOLDE","","","1"
"898319652","BOLIGUTVIKLING SEKKEN AS","AS","","Utleie av egen eller leid fast eiendom","","6418","SEKKEN","","","1"
"931300725","BOLME BILPLEIE","ENK","","Reparasjon og vedlikehold av motorvogner","Tanners veg 31","6412","MOLDE","","","0"
"930035165","BOLME HOLDING AS","AS","","Uoppgitt","Synnøves veg 14","6429","MOLDE","","","0"
"935867347","BOLSØ AUTO","ENK","","Detaljhandel med motorvogner","Bergsbakken 10","6423","MOLDE","","","1"
"935983509","BOLSØNES VERFT AS","AS","","Reparasjon og vedlikehold av sivile skip og båter","Fannestrandvegen 66","6416","MOLDE","71 25 20 88","","1"
"923784349","BOLSØY INVEST AS","AS","","Byggeteknisk konsulentvirksomhet","Dragarøra 12","6457","BOLSØYA","","","0"
"936588379","BOLSØYVEGEN INDUSTRIER AS","AS","","Uoppgitt","c/o Jarle Gulla-Pettersen Bolsøyvegen 17","6415","MOLDE","","","1"
"980429156","BOMBARDE MUSIC PRODUCTIONS AASGÅRD","ENK","","Utøvende kunstnerisk virksomhet og underholdningsvirksomhet innenfor musikk","Lars Nøsens veg 12","6415","MOLDE","71 25 63 75","","1"
"927049554","BONAFIDE HOLDING AS","AS","","Uoppgitt","Jordbærvegen 18","6421","MOLDE","","","0"
"935787564","BONDAL CONSULTING","ENK","","Bedriftsrådgivning og annen administrativ rådgivning","Storgata 49","6413","MOLDE","","","1"
"837288312","BOONMEE THAI MAT CHANPRASOET","ENK","","Drift av mobile serveringssteder","Øvre veg 29","6415","MOLDE","","","1"
"937871163","BORDAL BIL","ENK","","Detaljhandel med motorvogner","Selvikvegen 81","6475","MIDSUND","","","0"
"933099938","BORENIUS KONSULENT OG PSYKOLOGTJENESTER","ENK","","Psykolog- og psykoterapitjenester, unntatt legetjenester innenfor psykiatri","Moldelivegen 35B","6413","MOLDE","","","1"
"931781464","BORÅSVEGEN 42-44 AS","AS","","Utleie av egen eller leid fast eiendom","Årølivegen 7","6421","MOLDE","","","1"
"936186564","BOTANÉ AS","AS","","Skjønnhetspleie","Storgata 23","6413","MOLDE","","","1"
"986355936","BOVI AS","AS","","Utleie av egen eller leid fast eiendom","c/o Bernt Vågsæter Reknesvegen 16","6413","MOLDE","71 25 94 10","","0"
"927878208","BOVIERAN MOLDE AS","AS","","Kjøp og salg av egen fast eiendom","Strandgata 5","6415","MOLDE","","","0"
"892406782","BR SØRLIE AS","AS","","Andre egeninvesteringsselskaper","Utsidevegen 37","6475","MIDSUND","","","0"
"936287638","BRAKSTAD DIGITAL DROPSHIPING","ENK","","Drift av søkemotorer","Forhjellen 8B","6411","MOLDE","","","1"
"924797444","BRAKSTAD HYDRAULIKK & VEDLIKEHOLD","ENK","","Annen teknisk konsulentvirksomhet","Saksegjerdet 3","6456","SKÅLA","","","0"
"920539831","BRAKSTAD PER ARNE","ENK","","Dyrking av ettårige vekster ellers","Langset gård Prestegardsvegen 60","6460","EIDSVÅG I ROMSDAL","","","1"
"936797997","BRAND ON NET AS","AS","","Detaljhandel med sportsvarer","Fannestrandvegen 53","6415","MOLDE","","","1"
"936597815","BRANSKAR INVEST AS","AS","","Uoppgitt","Østbovegen 6A","6415","MOLDE","","","1"
"931325558","BRASK PSYKOLOGTJENESTER","ENK","","Psykolog- og psykoterapitjenester, unntatt legetjenester innenfor psykiatri","Eikremshagen 30","6422","MOLDE","","","1"
"932332752","BRATECH SOLUTIONS AS","AS","","Utleie av egen eller leid fast eiendom","Kleivbøen 9","6453","KLEIVE","","","0"
"932556200","BRATLI TJENESTER","ENK","","Andre post- og budtjenester","Ingrids veg 4","6429","MOLDE","","","0"
"917625875","BRATSET FOTO","ENK","","Fotografvirksomhet","Grøndalsvegen 18","6453","KLEIVE","","","1"
"934893751","BRATSETH DRIFT AS","AS","","Uoppgitt","Kleivbøen 9","6453","KLEIVE","","","1"
"918307885","BRATSETH HOLDING AS","AS","","Elektrisk installasjonsarbeid","Kleivbøen 9","6453","KLEIVE","","","1"
"925180823","BRAUTE MUSIKK","ENK","","Utøvende kunstnerisk virksomhet og underholdningsvirksomhet innenfor musikk","c/o Atle Braute Årømyran 18","6421","MOLDE","","","0"
"994330411","BRAVO LUCY AS","AS","","Dataprogrammeringstjenester","v/Økonomisenteret Kunderegnskap AS Fannestrandvegen 55","6415","MOLDE","","","0"
"933188167","BREDELI BRED OG BLID","ENK","","Avvirkning","Istadvegen 1143","6453","KLEIVE","","","1"
"914144396","BREDELI SJØ OG LAND OG I LUFTA MED","ENK","","Avvirkning","Istadkroken Vestre","6453","KLEIVE","","","0"
"981241770","BREKKENS MUSIKKFORMIDLING","ENK","","Utøvende kunstnerisk virksomhet og underholdningsvirksomhet innenfor musikk","Jernspurvbakken 6","6425","MOLDE","71 21 50 61","","1"
"924885653","BRENDEN FOTO","ENK","","Fotografvirksomhet","Leilighet 402 Romsdalsgata 9","6415","MOLDE","","","0"
"935111722","BRESKARET INVEST AS","AS","","Uoppgitt","Digernesvegen 6","6475","MIDSUND","","","1"
"927146878","BREV INVEST AS","AS","","Uoppgitt","c/o Thomas Brevik Kvilarvegen 49","6421","MOLDE","","","0"
"936599338","BRIGHT-FUTURE AS","AS","","Drift av søkemotorer","Birkelandvegen 75","6423","MOLDE","","","1"
"988383597","BRILLEHJØRNET MOLDE AS","AS","7","Detaljhandel med medisinske og ortopediske artikler","Storgata 26","6413","MOLDE","","","1"
"945917059","Brillehuset A/S","AS","","Detaljhandel med medisinske og ortopediske artikler","Myrabakken 12","6413","MOLDE","71206880","","1"
"983930824","BRIO LEK CENTER ROSEBY AS","AS","9","Detaljhandel med spill og leker","Lingedalsveien 6-10","6415","MOLDE","71 20 00 94","","1"
"993287679","BRIS TRENINGSSENTER AS","AS","27","Treningssentervirksomhet","Gideonvegen 2","6412","MOLDE","","","1"
"991723307","BRITT FADNES","ENK","","Annen utøvende kunstnerisk virksomhet og underholdningsvirksomhet ikke nevnt annet sted","Sivertvegen 20","6414","MOLDE","71 25 50 59","","0"
"969210800","BRITT WÅGBØ","ENK","","Avvirkning","Boggestranda 500","6460","EIDSVÅG I ROMSDAL","","","1"
"923677755","BROBAKKEN FYSIOLOGIFORMIDLING OG TESTING","ENK","","Andre helsetjenester ellers","Sirivegen 36A","6411","MOLDE","","","0"
"937350341","BROK3 MUSIC KALSETH","ENK","","Produksjon og utgivelse av musikk- og lydopptak","Parkvegen 11","6413","MOLDE","","","1"
"971170603","BROKSTAD IDAR MAGNAR","ENK","","Annen rengjøringsvirksomhet og snømåking","Grønnesvegen 298","6456","SKÅLA","712 40094","","1"
"919737263","BROODSTOCK CAPITAL II AS","AS","","Alternative investeringsfond (aif) som ikke er verdipapirfond","Sandvegen 9","6413","MOLDE","","","0"
"936343465","BROODSTOCK CAPITAL III AS","AS","","Alternative investeringsfond (aif) som ikke er verdipapirfond","Sandvegen 9","6413","MOLDE","","","1"
"932743736","BROODSTOCK PARTNERS HOLDING AS","AS","","Fondsforvaltningsvirksomhet","Storgata 10","6413","MOLDE","","","1"
"933637271","BROWLASH BY RIKKE AALBERG","ENK","","Frisering og barbering","Hamnavikvegen 67","6456","SKÅLA","","","1"
"923010386","BRUASET MULTISERVICE","ENK","","Avvirkning","c/o Martin Bruaset Amtmann Leths gate 12A","6413","MOLDE","","","1"
"929731492","BRUDE NATURGUIDE","ENK","","Guide- og reiseledervirksomhet","Anders Sandvigs veg 21B","6414","MOLDE","","","1"
"992545119","BRULAND BUTIKKEIENDOM AS","AS","","Utleie av egen eller leid fast eiendom","Nøisomhed","6405","MOLDE","57 82 11 66","","1"
"835813762","BRUNVOLD HOLDING AS","AS","","Reklamebyråvirksomhet","Boråsvegen 62B","6415","MOLDE","","","1"
"980213005","BRUNVOLD TAXI","ENK","","Passasjertransport på forespørsel utført av fører med kjøretøy","Boråsvegen 62A","6415","MOLDE","71 21 69 27","","1"
"930242144","BRUNVOLL BRANDING","ENK","","Grafisk design og visuell kommunikasjonsdesign","Sørstien 21","6411","MOLDE","","","0"
"990678545","BRUNVOLL EIENDOM AS","AS","","Utleie av egen eller leid fast eiendom","Eikremsvingen 2C","6422","MOLDE","71 21 96 00","www.brunvoll.no","1"
"914084156","BRUNVOLL HOLDING AS","AS","","Produksjon av andre metallvarer ikke nevnt annet sted","Eikremsvingen 2C","6422","MOLDE","71 21 96 00","www.brunvoll.no","1"
"926936557","BRUNVOLL MARITIME GROUP AS","AS","","Produksjon av andre metallvarer ikke nevnt annet sted","Eikremsvingen 2C","6422","MOLDE","","","1"
"930529087","BRUNVOLL MEDIA","ENK","","Skapende kunstnerisk virksomhet innenfor litteratur","Synnøves veg 6","6429","MOLDE","","","0"
"999544355","BRUSHUSET AS","AS","","Utleie av egen eller leid fast eiendom","Eikremsvingen 1","6422","MOLDE","70 15 21 50","","1"
"997625358","BRØDR. BRUNVOLL MOTORFABRIKK AS","AS","","Utleie av egen eller leid fast eiendom","Eikremsvingen 2C","6422","MOLDE","71 21 96 00","www.brunvoll.no","1"
"981535936","BRAATHEN BIL Nils Gunnar Braathen","ENK","","Detaljhandel med motorvogner","Hamnavikvegen 50","6456","SKÅLA","71 24 22 87","","1"
"936603505","BUAMARIT PEDERSEN","ENK","","Utleie og leasing av sjøtransportmateriell","Sollivegen 32","6414","MOLDE","","","1"
"928182940","BUD BUTIKKEIENDOM AS","AS","","Utleie av egen eller leid fast eiendom","Fannestrandvegen 125","6419","MOLDE","","","1"
"937849125","BUD SYKKEL ÅFLØYDAL","ENK","","","Åfløydalen Åfløyvegen 135","6453","KLEIVE","","","0"
"925050776","BUENE","ENK","","Annen forretningsmessig tjenesteyting ikke nevnt annet sted","c/o Ray Buene Raneshøgda 2","6456","SKÅLA","","","0"
"925977268","BUGGE ANLEGGSTJENESTER","ENK","","Utleie av arbeidskraft og andre personaladministrative tjenester","Boggestranda 452","6460","EIDSVÅG I ROMSDAL","","","1"
"923823484","BUGGE BYGG Å BEIS","ENK","","Oppføring av bygninger","Bastian Widths gate 3","6415","MOLDE","","","1"
"912416097","BUGGE EIENDOMSSELSKAP AS","AS","","Eiendomsforvaltning på oppdrag","Brannholvegen 10","6460","EIDSVÅG I ROMSDAL","","","1"
"934492803","BUGGE FJELLTEKNIKK AS","AS","","Grunnarbeid","Brannholvegen 10","6460","EIDSVÅG I ROMSDAL","","","1"
"998890934","BUGGE MASKIN OG TRANSPORT AS","AS","59","Grunnarbeid","Brannholvegen 10","6460","EIDSVÅG I ROMSDAL","","","1"
"912649377","BUGGE NATURSTEIN AS","AS","","Bryting av dekorstein, kalkstein, gips, skifer og annen stein","Nedre Utbugge","6460","EIDSVÅG I ROMSDAL","","","1"
"930344281","BUGGE REVISJONSKONTOR AS","AS","","Revisjon","Fannestrandvegen 83","6416","MOLDE","99 26 09 79","","1"
"931157949","BUGGE TRANSPORT AS","AS","","Passasjertransport utenom rutetabell","Ramsvikvegen 90","6475","MIDSUND","","","1"
"995481405","BUGGE UTLEIE VED EGIL BÆVRE","ENK","","Utleie og leasing av bygge- og anleggsmaskiner og -utstyr","Boggestranda 372","6460","EIDSVÅG I ROMSDAL","71 23 43 28","","0"
"996821846","BUGGE VAKTMESTERTJENESTER Gøran Bugge","ENK","","Kombinerte tjenester tilknyttet eiendomsdrift","Boggestranda 228","6460","EIDSVÅG I ROMSDAL","","","1"
"935000874","BULLROCK INVEST AS","AS","","Uoppgitt","Åsleet 47","6456","SKÅLA","","","1"
"937090102","BUNADSTILBEHØR AS","AS","","Detaljhandel med klær","Storgata 17A","6413","MOLDE","","","1"
"980413241","BUSET AS","AS","","Utarbeidelse av kart og oppmåling","Uglevegen 4","6425","MOLDE","71 21 05 00","www.buset.as","1"
"957036813","BUSSBYGG AS","AS","117","Produksjon av karosserier og tilhengere","Skålavegen 1002","6456","SKÅLA","71240000","","2"
"935607841","BUSTAD AS","AS","","Kjøp og salg av egen fast eiendom","Bergsbakken 8","6423","MOLDE","","","1"
"835496902","BUTIKKDRIFT AHMETAJ AS","AS","5","Detaljhandel med bredt vareutvalg med hovedvekt på nærings- og nytelsesmidler","Hamnegata 35","6413","MOLDE","90 84 72 60","www.narvesen.no","1"
"999514189","BUTIKKDRIFT OB SUNDGOT AS","AS","","Uoppgitt","Hans Thiis Møllers gate 15","6415","MOLDE","71 25 42 15","www.narvesen.no","1"
"987946377","BUTIKKEIENDOM MØRE AS","AS","","Utleie av egen eller leid fast eiendom","Nøisomhed","6405","MOLDE","71 24 91 00","","1"
"969483165","BUVIK GUNNAR","ENK","","Kombinert husdyrhold og planteproduksjon","Buvika Ranvikvegen 1147","6460","EIDSVÅG I ROMSDAL","","","0"
"991955399","BYBUDET Håkon Kristengård","ENK","20","Godstransport på vei","Årøhagen 9","6422","MOLDE","71 21 10 58","","1"
"926994123","BYE GEIT OG KRATT","ENK","","Geitehold","Vågsetervegen 20","6456","SKÅLA","","","1"
"991069402","BYGG KOMPETANSE AS","AS","27","Oppføring av bygninger","Lyngjavegen 4","6475","MIDSUND","40 00 67 19","www.bygg-kompetanse.no","1"
"930576034","BYGG ZIEMBA MOLDE AS","AS","","Oppføring av bygninger","Fannestrandvegen 162","6422","MOLDE","","","1"
"917699917","BYGGESAK OG PROSJEKTASSISTANSE FRANK SUNDSBØ","ENK","","Oppføring av bygninger","Enenvegen 2B","6416","MOLDE","","","1"
"983058949","BYGGFAG MIDSUND AS","AS","6","Detaljhandel med jernvarer, byggevarer, fargevarer og glass","","6475","MIDSUND","71 27 88 00","","1"
"923808981","BYGGJE AS","AS","","Produksjon av møbler","c/o Fjordfiesta Hamnegata 12 Hamnegata 12","6413","MOLDE","","","1"
"914074231","BYGGMESTER HALTVIK AS","AS","5","Oppføring av bygninger","Sirivegen 12","6411","MOLDE","91 18 80 12","www.ar-3bygg.com/","1"
"914446457","BYGGMESTER JAN UKKELBERG AS","AS","5","Oppføring av bygninger","Gammelseterlia 11","6422","MOLDE","","","1"
"975378845","BYGGPARTNER STIG HAVNES","ENK","","Byggeteknisk konsulentvirksomhet","Tollevegen 4","6419","MOLDE","","","1"
"923154531","BYGGSERVICE FRANK BUGGE","ENK","","Oppføring av bygninger","Kubergvegen 21","6462","RAUDSAND","","","1"
"927116960","BYTENGENS FERIEOASE","ENK","","Utleie og leasing av sports- og fritidsutstyr","Osvegen 1159","6455","KORTGARDEN","","","1"
"933072746","BÆKØ INVEST AS","AS","","Utleie av arbeidskraft og andre personaladministrative tjenester","c/o Grethe Jacobsen Mårskrenten 4","6425","MOLDE","","","1"
"899195302","BØEN EIENDOM AS","AS","","Utleie av egen eller leid fast eiendom","c/o Nina Britt Risvik Buråsvegen 30","6475","MIDSUND","","","1"
"994179756","BØLSET BIL","ENK","","Detaljhandel med motorvogner","Fjellskaret 11","6416","MOLDE","","","1"
"812873962","BØRGE RØD","ENK","","Oppdrett av annet storfe til kjøttproduksjon og sædproduksjon","Bergsbakken 11","6423","MOLDE","","","1"
"913406915","BØRRE BJØRSVIK AS","AS","7","Beplantning av hager og parkanlegg","Måltrostvegen 11","6425","MOLDE","71 21 26 07","","1"
"933155102","BØRVE LANDBRUK, EIENDOM, FJELLGUIDE OG HELSETJENESTER","ENK","","Avvirkning","Øverbygda 335","6450","HJELSET","","","1"
"935669871","BØYUM-FOLKESETH SCANDIAVINTAGE","ENK","","Detaljhandel med brukte varer","Sollivegen 41","6414","MOLDE","","","1"
"989274678","BÅRD BJØRNEREM INVEST AS","AS","","Fiske og fangst i sjø","Utsidevegen 95","6475","MIDSUND","71 27 80 00","","0"
"980491706","BÅRD EILIV OPPIGARD","ENK","","Dyrking av korn, unntatt ris, belgvekster og oljeholdige vekster","Eikesdalsvegen 2224","6472","EIKESDAL","71 23 45 80","www.oppigard.no","0"
"937616368","BÅRD LYSTER HOLDING AS","AS","","Uoppgitt","Storgata 12","6413","MOLDE","","","1"
"919937297","BÅRD SÆTTEM LEGETJENESTER","ENK","","Allmennlegetjenester","Veøygata 1","6413","MOLDE","","","0"
"992561157","BÅRD WATN MUSIKK OG TEATER","ENK","","Utøvende kunstnerisk virksomhet og underholdningsvirksomhet innenfor musikk","Osvegen 480","6453","KLEIVE","","","1"
"987581646","BÅRD ØVERÅS","ENK","8","Sauehold","Pestuvegen 34","6470","ERESFJORD","71 23 41 83","","1"
"923963510","C LARSEN MARITIME SERVICES","ENK","","Utleie av arbeidskraft og andre personaladministrative tjenester","Fagerlivegen 11","6413","MOLDE","","","1"
"924546824","C10 HOLDING AS","AS","","Uoppgitt","c/o Kamilla Mordal Holo Lyngvegen 46","6429","MOLDE","","","0"
"930042676","CAFÉ MOLDEBADET AS","AS","10","Drift av restauranter","Frænavegen 50A","6415","MOLDE","","","1"
"932898551","CAI SOFTWARE NORWAY AS","AS","","Konsulentvirksomhet tilknyttet informasjonsteknologi og forvaltning og drift av it-systemer","Verftsgata 10","6416","MOLDE","","","0"
"915190375","CALI MOLDE AS","AS","","Engroshandel med andre husholdningsvarer","Linerlevegen 14A","6425","MOLDE","","","1"
"988809225","CALIDRIS AS","AS","","Dataprogrammeringstjenester","Idrettsvegen 9","6413","MOLDE","","","1"
"997587251","CAMP ARVESEN AS","AS","","Opplevelsesaktiviteter","Eresfjord","6470","ERESFJORD","","","1"
"813390272","CANASTA AS","AS","","Andre egeninvesteringsselskaper","Krohnhøgda 8","6421","MOLDE","","","1"
"985457476","CANCAM MOLDE AS","AS","","Frisering og barbering","c/o Moldetordet Torget 1","6413","MOLDE","71 25 48 14","","1"
"926875841","CAP CLARA AS","AS","","Utleie av egen eller leid fast eiendom","Storgata 9","6413","MOLDE","","","1"
"917860084","CARAMEL MOLDE AS","AS","7","Detaljhandel med innredningsartikler ikke nevnt annet sted","Romsdalsgata 5","6413","MOLDE","","","1"
"979737009","CARAT BUSINESS SYSTEMS AS","AS","","Kjøp og salg av egen fast eiendom","Sollivegen 32E","6414","MOLDE","","","0"
"933231704","CAROLUS PRIVATE TANNKLINIKK AS","AS","","Tannlegetjenester","Bjørnstjerne Bjørnsons veg 6","6412","MOLDE","","","0"
"916310536","CARRIED AWAY AS","AS","","Uoppgitt","Setervegen 23","6411","MOLDE","","","1"
"935013895","CARRY ON AS","AS","","Industri-, produkt- og motedesignvirksomhet","c/o Vilde Heggem Iversen Smievegen 2","6421","MOLDE","","","1"
"822538452","CATHRINES ALTERNATIV AS","AS","","Andre personlige tjenester ikke nevnt annet sted","Frænavegen 122","6416","MOLDE","","","1"
"922074097","CATO INNERDAL","ENK","","Annen undervisning ellers","Fuglsetvegen 8","6415","MOLDE","","","1"
"984150083","CATO SLETTEN","ENK","","Maler- og glassarbeid","Risanvegen 198","6455","KORTGARDEN","71 24 11 92","","1"
"930189723","CCK HOLDING AS","AS","","Uoppgitt","Forhjellen 27B","6411","MOLDE","","","0"
"927469251","CE'IRTH RANDLE JR DESIGNS","ENK","","Skapende kunstnerisk virksomhet innenfor litteratur","Farstadbakken 5","6414","MOLDE","","","0"
"932942917","CECILIE CREATES BERGSNES","ENK","","Fotografvirksomhet","Gjerdhaugvegen 13","6425","MOLDE","","","1"
"918872671","CEES SPIL","ENK","","Snekkerarbeid","Bastian Widths gate 6","6415","MOLDE","","","1"
"921643489","CHAGEN INVEST AS","AS","","Uoppgitt","Bjønnan 35","6410","MOLDE","","","0"
"896442562","CHANGE ENTHUSIASM BY RANDI NÆSS","ENK","","Annen utøvende kunstnerisk virksomhet og underholdningsvirksomhet ikke nevnt annet sted","Hagavegen 1","6450","HJELSET","","","0"
"830555072","CHARLOTT KNUTSEN","ENK","","Dyrking av flerårige vekster ellers","Lunheimvegen 10","6416","MOLDE","","","1"
"836782992","CHARLOTTE LERVIK","ENK","","Dyrking av korn, unntatt ris, belgvekster og oljeholdige vekster","Nesoddvegen 10","6475","MIDSUND","","","1"
"925592064","CHARTER YACHTS AS","AS","","Utleie og leasing av sports- og fritidsutstyr","Romsdalsgata 16","6415","MOLDE","","","1"
"996434745","CHAYENNE AS","AS","","Utleie av egen eller leid fast eiendom","Prestegardsskogen 19","6420","MOLDE","","","1"
"923581847","CHERRY VIC CANGMAONG OPSTAD","ENK","","Rengjøring av bygninger","Jordbærvegen 31","6421","MOLDE","","","0"
"925449830","CHEVAL DE NORVÈGE - FRØYEN","ENK","","Detaljhandel med bredt vareutvalg ellers","Rødvegen 87","6460","EIDSVÅG I ROMSDAL","","","1"
"974353547","CHRISTIE NORDANG AS","AS","190","Oppføring av bygninger","Grandfjæra 22A","6415","MOLDE","71 20 31 00","www.christie.no","1"
"918524819","CHRISTIE NORDANG UTVIKLING AS","AS","","Oppføring av bygninger","Grandfjæra 22A","6415","MOLDE","","","0"
"920059724","CHRISTINE RISHAUG","ENK","","Undervisning innenfor idrett og rekreasjon","Sollivegen 28D","6414","MOLDE","","","1"
"932071592","CHRISTOPHER GJØEN","ENK","","Produksjon og utgivelse av musikk- og lydopptak","c/o Christopher Gjøen Skrenten 16D","6411","MOLDE","","","1"
"998619408","CINDERELLA ECO GROUP AS","AS","","Produksjon av byggevarer av plast","Sjøvikvegen 67","6475","MIDSUND","77 71 15 00","www.cinderellaeco.com","1"
"944069585","CINDERELLA TECHNOLOGY AS","AS","","Annen teknisk konsulentvirksomhet","Sjøvikvegen 67","6475","MIDSUND","71 27 02 00","","2"
"886871902","CIVA AS","AS","","Engroshandel med informasjons- og kommunikasjonsteknologiutstyr","Kråkholmvegen 20","6460","EIDSVÅG I ROMSDAL","","www.civa.no","1"
"992741376","CLASSIC NORWAY EIENDOM AS","AS","","Utleie av egen eller leid fast eiendom","Nøisomhed","6405","MOLDE","71 20 22 00","","1"
"927538989","CLASSIC NORWAY HOLDING AS","AS","","Drift av hoteller","Fannestrandvegen 125","6419","MOLDE","","","0"
"937735979","CLIENTRELAY TECHNOLOGIES AS","AS","","Dataprogrammeringstjenester","Boråsvegen 49","6415","MOLDE","","","1"
"935893267","CLNT AS","AS","","Detaljhandel med informasjons- og kommunikasjonsteknologiutstyr","Gamle Årødalsvegen 2","6421","MOLDE","","","1"
"936986676","CLAASSENS CONSULTING","ENK","","Konsulentvirksomhet tilknyttet informasjonsteknologi og forvaltning og drift av it-systemer","c/o Dennis Claassens Bjørkfinkvegen 14","6425","MOLDE","","","1"
"996427641","CML INVEST AS","AS","","Utleie av egen eller leid fast eiendom","Skoglia 10","6421","MOLDE","","","1"
"926768417","COACH DANIELSEN","ENK","","Undervisning innenfor idrett og rekreasjon","c/o Tore Danielsen Torleifvegen 7A","6416","MOLDE","","","0"
"912443345","COB HOLDING AS","AS","","Oppføring av bygninger","Mårvegen 14","2211","KONGSVINGER","","","0"
"918653031","COBO AS","AS","","Utleie av egen eller leid fast eiendom","Årøsetervegen 30","6422","MOLDE","","www.cobo.no","1"
"929940709","CODA GRAVEM","ENK","","Detaljhandel med klær","Langmyrvegen 20A","6413","MOLDE","","","0"
"991081674","COFFEE AS","AS","","Annen teknisk konsulentvirksomhet","Grandfjæra 20","6415","MOLDE","71 20 11 00","","1"
"937493010","COMPLICATED PRODUCTIONS AS","AS","","Produksjon av film, video og fjernsynsprogrammer","Myrvegen 33","6421","MOLDE","","complicated.productions","1"
"988039144","CONAWI AS","AS","","Annen teknisk konsulentvirksomhet","Raknesvegen 60","6475","MIDSUND","","www.conawi.no","1"
"927281716","CONNOR MAT AS","AS","","Detaljhandel med bredt vareutvalg med hovedvekt på nærings- og nytelsesmidler","Bekkevollvegen 18","6414","MOLDE","","","0"
"934066340","CONRAD JAMES MCLEAN","ENK","","Utøvende kunstnerisk virksomhet og underholdningsvirksomhet innenfor scenekunst","Hans Thiis Møllers gate 4","6415","MOLDE","","","1"
"930371467","CORNELIA FISCHER","ENK","","Privatundervisning","Frænavegen 443","6423","MOLDE","","","1"
"933118800","CORNER NORWAY AS","AS","","Konsulentvirksomhet tilknyttet informasjonsteknologi og forvaltning og drift av it-systemer","Storgata 9","6413","MOLDE","","","1"
"919059362","CORRON AS","AS","","Dataprogrammeringstjenester","Grandfjæra 20","6415","MOLDE","","","1"
"912583473","CORUM HOLDING AS","AS","","Bedriftsrådgivning og annen administrativ rådgivning","Hungnesvegen 24","6450","HJELSET","","","1"
"837459672","COTOBATO HOLDING AS","AS","","Uoppgitt","Røbekklia 25","6420","MOLDE","","","1"
"933231615","CPT HOLDING AS","AS","","Tannlegetjenester","Statsråd Astrups gate 5","6413","MOLDE","","","1"
"918901361","CREMA COLLECTIVE BY SANDVIK","ENK","","Detaljhandel med elektriske husholdningsapparater","Jordbærvegen 31","6421","MOLDE","","Cremacollective.no","1"
"925293105","CROSSCONSULT AS","AS","","Konsulentvirksomhet tilknyttet informasjonsteknologi og forvaltning og drift av it-systemer","c/o Stian Sundsbø Solbakken 17G","6429","MOLDE","","","1"
"934231074","CTV INVEST AS","AS","","Uoppgitt","Bokfinkvegen 16","6425","MOLDE","","","1"
"980646653","CUMULUS AS","AS","","Eiendomsforvaltning på oppdrag","Grandfjæra 28","6415","MOLDE","71 25 94 10","","1"
"928075141","CUTCO AS","AS","","Industri-, produkt- og motedesignvirksomhet","Kråkholmvegen 20","6460","EIDSVÅG I ROMSDAL","","","1"
"933959236","CXY AS","AS","","Dataprogrammeringstjenester","Bokfinkvegen 23C","6425","MOLDE","","","1"
"922020922","D-RÅD AS","AS","","Konsulentvirksomhet tilknyttet informasjonsteknologi og forvaltning og drift av it-systemer","Vågsetervegen 20","6456","SKÅLA","","","1"
"934501861","D.BUGGE HOLDING AS","AS","","Uoppgitt","Raudsandvegen 402","6462","RAUDSAND","","","1"
"936485235","DAGB 2 AS","AS","","Uoppgitt","c/o Dag Brunvoll Øverbøen 43","6411","MOLDE","","","1"
"914547482","DAGB AS","AS","","Utleie av egen eller leid fast eiendom","c/o Dag Brunvoll Øverbøen 43","6411","MOLDE","","","1"
"936902618","DAGDRAUM AS","AS","","Uoppgitt","Gjerdhaugvegen 13","6425","MOLDE","","","1"
"933030032","DAGOBAH AS","AS","","Bedriftsrådgivning og annen administrativ rådgivning","Julsundvegen 111B","6410","MOLDE","","","1"
"989092286","DAHL EIENDOM MOLDE AS","AS","","Utleie av egen eller leid fast eiendom","Storgata 29","6413","MOLDE","","","1"
"980885291","DAHL INVEST AS","AS","","Utleie av egen eller leid fast eiendom","Storgata 29","6413","MOLDE","71 20 55 00","","0"
"926315668","DAHL SMÅGE FRILANS TEKSTFORFATTER","ENK","","Skapende kunstnerisk virksomhet innenfor litteratur","Hauglegda 6","6416","MOLDE","","","0"
"922239533","DAHL SPESIALISTHELSETJENESTER","ENK","","Spesialiserte legetjenester, unntatt psykiatriske legetjenester","Måltrostvegen 19","6425","MOLDE","","","0"
"918004904","DAHL TRADE","ENK","","Andre personlige tjenester ikke nevnt annet sted","Moldelivegen 20","6413","MOLDE","","","1"
"924389907","DALATI DAIRY AS","AS","6","Produksjon av meierivarer","Bokfinkvegen 46","6425","MOLDE","","","1"
"988731013","DALEN EIENDOM MOLDE AS","AS","","Andre egeninvesteringsselskaper","c/o Bakehuset Molde AS Skålavegen 5","6422","MOLDE","71 11 51 00","","0"
"969260581","DALEN PER MAGNE","ENK","","Melkeproduksjon på storfe og oppdrett av melkekyr","Ljøstaråket 5","6460","EIDSVÅG I ROMSDAL","","","1"
"935849586","DALHEIM","ENK","","Geitehold","Fannefjordsvegen 797","6450","HJELSET","","","1"
"995356864","DALHEIMS","ENK","","Andre helsetjenester ellers","Fannefjordsvegen 745","6421","MOLDE","","www.dalheims.com","0"
"964622825","DALSBØ AS","AS","","Regnskapsføring og bokføring","Torget 4","6413","MOLDE","71 20 02 88","www.dalsbo.no","1"
"919499974","DALSBØ REGNSKAP AS","AS","5","Regnskapsføring og bokføring","Storgata 9","6413","MOLDE","","","1"
"970383379","DALSENG GEIR OLAV","ENK","","Oppføring av bygninger","Lingedalsvegen 19B","6415","MOLDE","","","1"
"879636892","DAM Knut Erik Sørseth","ENK","","Konsulentvirksomhet tilknyttet informasjonsteknologi og forvaltning og drift av it-systemer","Solbakken 6","6429","MOLDE","","","1"
"997788419","DANAVATI KINE BERTHEUSSEN ISACHSEN","ENK","","Undervisning innenfor idrett og rekreasjon","Moldelivegen 26","6413","MOLDE","","","0"
"934137477","DANCKERT KROHN AS","AS","","Utleie av egen eller leid fast eiendom","Røysan 17B","6412","MOLDE","","","1"
"989367188","DANNEVIG FYSIOTERAPI","ENK","","Fysioterapi- og ergoterapitjenester","Torleifvegen 1","6416","MOLDE","71 25 16 26","","0"
"923330364","DANSEKUNSTNER INGRID DRAGESETH","ENK","","Annen undervisning innenfor kultur","Bjørnstjerne Bjørnsons veg 136A","6410","MOLDE","","","0"
"924049073","DAYTRIPPERMORDAL STIAN MORDAL","ENK","","Utøvende kunstnerisk virksomhet og underholdningsvirksomhet innenfor musikk","Prestegardsskogen 19","6420","MOLDE","","","0"
"937347197","DDP HOLDING AS","AS","","Uoppgitt","Nakkvegen 24","6455","KORTGARDEN","","","1"
"936328954","DE WOLF VILLSAUKONGEN","ENK","","Sauehold","Utsidevegen 1333","6475","MIDSUND","","","1"
"917869669","DEKKIMPORT NORGE AS","AS","","Agenturhandel med spesialisert vareutvalg ellers","Årøsetervegen 1","6422","MOLDE","","","1"
"982553164","DEKKSENTRUM AS","AS","","Detaljhandel med deler og utstyr til motorvogner","Årøseterveien 1","6422","MOLDE","71 25 09 60","","0"
"917869782","DEKKSERVICE AS","AS","17","Detaljhandel med deler og utstyr til motorvogner","Årøsetervegen 1","6422","MOLDE","","","1"
"916196210","DESIGN BY THINN LINDA MARGRETE LEINE THINN","ENK","","Grafisk design og visuell kommunikasjonsdesign","Sollivegen 90","6414","MOLDE","","designbythinn.com","0"
"928454061","DESIGN BY TORUNN RØRHUS","ENK","","Dataprogrammeringstjenester","Bergmovegen 12","6419","MOLDE","","","1"
"924325003","DESIGNFOREVIG NETTBUTIKK AS","AS","","Detaljhandel med innredningsartikler ikke nevnt annet sted","2. etg Storgata 52","6413","MOLDE","","","1"
"982100313","DESIGNKOMPANIET Pål Austnes","ENK","","Industri-, produkt- og motedesignvirksomhet","Øverbøen 37","6411","MOLDE","","","1"
"991802584","DET GODE LIV Brit Polden","ENK","","Aktiviteter innenfor tradisjonell, komplementær og alternativ medisin","","6462","RAUDSAND","","","0"
"937782233","DET NOBLE HUS AS","AS","","Dataprogrammeringstjenester","Øverlandsvegen 32","6416","MOLDE","","","1"
"919713283","DET SOLRIKE HUSET AS","AS","7","Rengjøring av bygninger","Grandvegen 12","6415","MOLDE","","","1"
"929392558","DETALJ EIENDOM AS","AS","","Utleie av egen eller leid fast eiendom","Nøisomhed Fannestrandvegen 125","6419","MOLDE","","","1"
"914609453","DEVA YOGA INSTITUTE AS","AS","","Undervisning innenfor idrett og rekreasjon","Årølivegen 19","6421","MOLDE","","","1"
"915719813","DF. ULVESTAD","ENK","","Tjenester tilknyttet planteproduksjon","Hamnavikvegen 71","6456","SKÅLA","","","1"
"988914770","DID AS","AS","10","Aktiviteter utført av utflukts- og eventarrangører","Fannefjordsvegen 118","6421","MOLDE","","www.didadventure.no","1"
"922572402","DIGITAL SYNERGI AS","AS","","Uoppgitt","Eikremsvingen 9","6422","MOLDE","","","0"
"913088115","DIGITAL TRACE NORWAY AS","AS","","Konsulentvirksomhet tilknyttet informasjonsteknologi og forvaltning og drift av it-systemer","c/o Sparebank1 Regnskapshuset Fannestrandvegen 55","6415","MOLDE","","www.tra-ce.com","1"
"819024782","DIGIVIKA AS","AS","","Dataprogrammeringstjenester","Øverbygda 150","6450","HJELSET","","","0"
"920873685","DIN PROSJEKTSTØTTE AS","AS","","Byggeteknisk konsulentvirksomhet","Istadvegen 667","6453","KLEIVE","","","0"
"930349712","DIN VIKAR BJERKESET","ENK","","Bedriftsrådgivning og annen administrativ rådgivning","Fuglsetvegen 6","6415","MOLDE","","","1"
"930223174","DIVINENORDIC - MONICA GUSDAL","ENK","","Andre helsetjenester ellers","Arnes veg 51C","6429","MOLDE","","","0"
"832156302","DJ THO","ENK","","Utøvende kunstnerisk virksomhet og underholdningsvirksomhet innenfor musikk","Holvegen 6","6414","MOLDE","","","1"
"897814072","DJUPDALEN HOLDING AS","AS","","Utleie av egen eller leid fast eiendom","c/o GH-Bolig AS Glomstuvegen 4B","6412","MOLDE","","","0"
"997875850","DJUPDALEN PANORAMA AS","AS","","Utleie av egen eller leid fast eiendom","Glomstuvegen 4B","6412","MOLDE","","","0"
"982749670","DJUPDALSVEGEN EIENDOM AS","AS","","Utleie av egen eller leid fast eiendom","Djupdalsvegen 13","6411","MOLDE","71 25 49 89","","1"
"933539105","DOCINV AS","AS","","Dataprogrammeringstjenester","Grønnesvegen 104","6456","SKÅLA","","","1"
"932529033","DOKKA MEDIA","ENK","","Produksjon av film, video og fjernsynsprogrammer","Grandfjæra 10","6415","MOLDE","","","0"
"927211610","DOMBÅS BUTIKKEIENDOM AS","AS","","Utleie av egen eller leid fast eiendom","Fannestrandvegen 125","6419","MOLDE","","","0"
"935636868","DOROKHOVA HÅRLYS","ENK","","Frisering og barbering","Fagerlivegen 32B","6414","MOLDE","","","1"
"993847933","DR DANIEL DUE-TØNNESSEN","ENK","","Allmennlegetjenester","Legekontoret Fem Faste Verftsgata 10","6416","MOLDE","","","1"
"928140180","DR. ANDVIG","ENK","","Spesialiserte legetjenester, unntatt psykiatriske legetjenester","Sivertvegen 17","6414","MOLDE","","","0"
"911883953","DR. DAHLBERG","ENK","","Allmennlegetjenester","Løvsangervegen 26","6425","MOLDE","","","0"
"914933226","DR. ELLEN SÆTTEM","ENK","","Allmennlegetjenester","Moldelivegen 32","6413","MOLDE","","","1"
"934970160","DR. GRØNNEBERG","ENK","","Allmennlegetjenester","Nordskogvegen 4C","6412","MOLDE","","","1"
"928728404","DR. MATIAS URKE MYKLEBUST","ENK","","Allmennlegetjenester","c/o Matias Urke Myklebust Glomstuvegen 16","6412","MOLDE","","","0"
"930034487","DR. SHAHERA ELISE JACOBSEN","ENK","","Allmennlegetjenester","c/o Shahera Elise Jacobsen Amtmann Leths gate 33","6413","MOLDE","","","1"
"912491072","DR. SIGNE HJORTH","ENK","","Allmennlegetjenester","Fasanvegen 12A","6416","MOLDE","","","0"
"927439751","DR. SKONTORP HELSEPRAKSIS","ENK","","Allmennlegetjenester","Lønsetbakken 10","6421","MOLDE","","","1"
"922829640","DRABLØS HOLDING AS","AS","","Spesialiserte legetjenester, unntatt psykiatriske legetjenester","c/o Christopher Wiig Bolignummer 301 Fløtmannsgata 2","6413","MOLDE","","","0"
"921505256","DRAGET GÅRD ANS","ANS","","Sauehold","Dragetvegen 175","6457","BOLSØYA","","","1"
"911634325","DRAGSETH ENERGICONSULT","ENK","","Byggeteknisk konsulentvirksomhet","Fuglsetvegen 6","6415","MOLDE","","","1"
"935786614","DRIFTA AS","AS","","Eiendomsforvaltning på oppdrag","Einar O. Bergs veg 14B","6423","MOLDE","","","1"
"836350952","DRONEX AS","AS","","Annen teknisk konsulentvirksomhet","Jevikråket 3","6460","EIDSVÅG I ROMSDAL","","","1"
"932858959","DRYHA IRYNA BEAUTY","ENK","","Skjønnhetspleie","Sagrøra 15","6420","MOLDE","","","1"
"994517406","DRØNNEN GARD AS","AS","","Utleie av egen eller leid fast eiendom","Drynasundshaug","6475","MIDSUND","","","1"
"928272575","DSG HOLDING AS","AS","","Uoppgitt","C/O Dag Sverre Grønmyr Snarvegen 3","6414","MOLDE","","","0"
"833725912","DUBHE AS","AS","","Dataprogrammeringstjenester","Birger Hatlebakks veg 26","6415","MOLDE","","","1"
"993107360","DVERGSMEDEN HARHOLT","ENK","","Uspesifisert engroshandel","Øvervegen 317","6460","EIDSVÅG I ROMSDAL","","","1"
"963011121","DYKKERSERVICE Mauseth","ENK","","Formidlingstjenester tilknyttet detaljhandel med spesialisert vareutvalg","Bergmovegen 3","6419","MOLDE","","","1"
"987271930","DYNAMIT REKLAME ANS","ANS","","Reklamebyråvirksomhet","Storgata 23","6413","MOLDE","71 25 50 80","","0"
"929374983","DYRLEGEN HOLDING AS","AS","","Veterinærtjenester","Arnes veg 8A","6429","MOLDE","","","0"
"929853318","DYRLEGEN I MOLDE AS","AS","","Veterinærtjenester","Arnes veg 8A","6429","MOLDE","","","1"
"921664753","DYRLEGENE MOE OG RØYRVIK AS","AS","7","Veterinærtjenester","Fabrikkvegen 13","6415","MOLDE","","","1"
"933548422","DYRLID MULTISERVICE","ENK","","Konsulentvirksomhet tilknyttet informasjonsteknologi og forvaltning og drift av it-systemer","Dragetvegen 155","6457","BOLSØYA","","","1"
"911564890","DYRSETH HOLDING","ENK","","Utøvende kunstnerisk virksomhet og underholdningsvirksomhet innenfor musikk","Romsdalsgata 9","6415","MOLDE","","","0"
"920064523","DYVIK","ENK","","Sauehold","Jordfall Åsagardvegen 117","6460","EIDSVÅG I ROMSDAL","41 06 64 53","","0"
"828806742","E ØSTIGÅRD AS","AS","","Utleie av arbeidskraft og andre personaladministrative tjenester","Stølhaugvegen 3","6475","MIDSUND","","","1"
"925906123","E-PE AS","AS","","Uoppgitt","c/o Eyvind Pettersson Reinhold Zieglers veg 1B","6414","MOLDE","","","0"
"932922606","E. H. FAGERLIE","ENK","","Reparasjon og vedlikehold av maskiner","Småskogan 8","6453","KLEIVE","","","1"
"912399818","E. K. HANSEN EFTF. AS","AS","","Uoppgitt","C/O Øyvind Aasgård Lillevikvegen 9","6412","MOLDE","","","1"
"989057499","E. SANDØY AS","AS","","Produksjon av plater, film, rør og profiler av plast","Vonheimvegen 1","6415","MOLDE","","","0"
"918329781","E.R. DOLMEN INVEST AS","AS","","Andre egeninvesteringsselskaper","Rødstrupevegen 22","6425","MOLDE","","","0"
"987664274","E2 MOLDE AS","AS","","Utleie av egen eller leid fast eiendom","Nøisomhed","6405","MOLDE","71 20 22 00","","0"
"917373434","E2 SOFTWARE AS","AS","","Uoppgitt","Sandvegen 5","6413","MOLDE","","www.e2as.no","0"
"917996032","EASYFIT MOLDE AS","AS","","Treningssentervirksomhet","Lingedalsvegen 6","6415","MOLDE","","","1"
"986733361","EASYHOST DA","DA","","Datainfrastruktur, -behandling, -lagring og tilknyttede tjenester","","6475","MIDSUND","92 64 67 00","www.easyhost.no","0"
"916316194","EB KAPITAL AS","AS","","Andre egeninvesteringsselskaper","Årøhagen 2","6422","MOLDE","","","0"
"983672876","EBG ENTREPRENØR AS","AS","","Bygging av vann- og kloakkanlegg","Bjørsetsletta 3","6410","MOLDE","71 25 39 76","","0"
"925808628","EBIT EIENDOM AS","AS","","Utleie av egen eller leid fast eiendom","Storgata 11","6413","MOLDE","","","1"
"985351724","ECOXY AS","AS","11","Teknisk prøving og analyse","Julsundvegen 4","6412","MOLDE","","","1"
"979384297","EDBCONSULT ANS","ANS","","Detaljhandel med informasjons- og kommunikasjonsteknologiutstyr","Svahellaveien 10","8149","NEVERDAL","","","0"
"980670791","EDDIE FLATMO REKDAL AS","AS","","Revisjon","Hatlehaugvegen 8","6414","MOLDE","71 21 88 67","","1"
"934554124","EDDIK OG ELEGANSE AS","AS","","Uoppgitt","Dragarøra 4","6457","BOLSØYA","","","1"
"925206504","EDVARD SKÅLAND UNDERVISNING","ENK","","Skapende kunstnerisk virksomhet innenfor litteratur","Boråsvegen 21","6415","MOLDE","","","1"
"828905252","EDVIN BUGGE","ENK","","Annen teknisk konsulentvirksomhet","Boggestranda 450","6460","EIDSVÅG I ROMSDAL","","","1"
"921211589","EDWEST AS","AS","16","Oppføring av bygninger","Enenvegen 3","6416","MOLDE","","","1"
"937303009","EFFEKTIV REGNSKAP AS","AS","","Bedriftsrådgivning og annen administrativ rådgivning","Boråsvegen 49","6415","MOLDE","","","1"
"918703284","EFFEKTIV SERVISE ROMSDAL AS","AS","","Rengjøring av bygninger","Kvilarvegen 17","6421","MOLDE","","","1"
"965047433","EGIL ARNE TORHUS","ENK","","Innenriks sjøfart med gods","Parkvegen 68C","6412","MOLDE","71 25 13 33","","0"
"982831237","EGIL MAGNE HAMMERVOLD","ENK","","Sauehold","Ljøsmyrvegen 55","6460","EIDSVÅG I ROMSDAL","","","1"
"990453721","EGIL STEINAR NERLAND","ENK","","Reparasjon og vedlikehold av maskiner","Olav Oksviks veg 12","6423","MOLDE","71 21 16 10","","1"
"918722122","EGILS SNEKKERTJENESTER MYKLEBUST","ENK","","Snekkerarbeid","c/o Egil Myklebust Bjørnstjerne Bjørnsons veg 153","6410","MOLDE","","","1"
"931395807","EGITA SPROGE SVØMMEOPPLÆRING","ENK","","Undervisning innenfor idrett og rekreasjon","Årømyran 78","6421","MOLDE","","","1"
"935266858","EH19 HOLDING AS","AS","","Uoppgitt","Parkvegen 26","6413","MOLDE","","","1"
"937046820","EHES HOLDING AS","AS","","Uoppgitt","Cecilienfrydvegen 42","6412","MOLDE","","","1"
"926364979","EIDE FERIEHUS","ENK","","Drift av vandrerhjem og ferieleiligheter","Einebæråsen 22","6429","MOLDE","","","0"
"932931591","EIDE SERVICEBUD","ENK","","Andre post- og budtjenester","Statsråd Astrups gate 9","6413","MOLDE","","","1"
"955528581","EIDHAMAR & KLEIVENES","DA","","Detaljhandel med bredt vareutvalg ellers","Skoglia 1","6421","MOLDE","71244457","","0"
"923876995","EIDSVÅG BIL MELSAETER","ENK","","Detaljhandel med motorvogner","Stubøvegen 51A","6460","EIDSVÅG I ROMSDAL","","","0"
"970980539","EIDSVÅG EIENDOMSELSKAP AS","AS","","Utleie av egen eller leid fast eiendom","Eidsvåg sentrum Kråkholmvegen 8","6460","EIDSVÅG I ROMSDAL","","","1"
"914379326","EIDSVÅG FAGSENTER AS","AS","","Utvikling og salg av byggeprosjekter","Kråkholmvegen 46","6460","EIDSVÅG I ROMSDAL","","","1"
"996220982","EIDSVÅG FJORDHOTELL AS","AS","","Utleie av arbeidskraft og andre personaladministrative tjenester","Prestegardsvegen 116","6460","EIDSVÅG I ROMSDAL","","","1"
"937201508","EIDSVÅG MAT AS","AS","12","Detaljhandel med bredt vareutvalg med hovedvekt på nærings- og nytelsesmidler","","6460","EIDSVÅG I ROMSDAL","71 23 26 50","","1"
"918727094","EIDSVÅG PIZERIA ANI VESELINOVA KANCHEVA","ENK","","Drift av restauranter","Eidsvågvegen 50","6460","EIDSVÅG I ROMSDAL","","","1"
"933377806","EIDSVÅG THAI TAKEAWAY. EGIL SVENSLI","ENK","","Catering for arrangementer","Eidsvågvegen 27","6460","EIDSVÅG I ROMSDAL","","","1"
"931621068","EIDSVÅGVEGEN 74 AS","AS","","Utleie av egen eller leid fast eiendom","Sjølaupet 8","6460","EIDSVÅG I ROMSDAL","","","1"
"989475231","EIDSØRA INVEST AS","AS","","Annen teknisk konsulentvirksomhet","Eidsøra","6460","EIDSVÅG I ROMSDAL","","","1"
"948174944","EIENDOMSSELSKAPET TORGET 1 ANS","ANS","","Utleie av egen eller leid fast eiendom","Torget 1","6413","MOLDE","","","0"
"961049695","EIENDOMSSELSKAPET TYREN AS","AS","","Utleie av egen eller leid fast eiendom","Sandvegen 9","6413","MOLDE","","","1"
"969153467","EIK ERLING","ENK","","Avvirkning","Håkon Herdebreis veg 635","6418","SEKKEN","","","0"
"987655747","EIKESDALEN ALPINANLEGG AS","AS","","Dataprogrammeringstjenester","c/o Øyvind Lillebostaad Saeter","6472","EIKESDAL","0046707980740","www.eikesdalalpin.no","1"
"934399315","EIKREM DIGITAL","ENK","","Detaljhandel med bredt vareutvalg ellers","Frænavegen 65B","6415","MOLDE","","","1"
"951805599","EIKREM EIENDOM AS","AS","","Utleie av egen eller leid fast eiendom","Langmyrvegen 15","6413","MOLDE","","","1"
"817130402","EIKREM FOTO & VIDEO","ENK","","Fotografvirksomhet","Bjørsetbovegen 9","6410","MOLDE","","","1"
"989308114","EIKREM NÆRINGSPARK AS","AS","","Utvikling og salg av byggeprosjekter","Fannestrandvegen 125","6419","MOLDE","71 20 22 00","","1"
"996668185","EIKREM UTBYGGING AS","AS","","Utvikling og salg av byggeprosjekter","","6402","MOLDE","","","1"
"913224663","EIKREM UTBYGGING II AS","AS","","Utvikling og salg av byggeprosjekter","Strandgata 5","6415","MOLDE","","","0"
"890923852","EIKREMSVINGEN 4 AS","AS","","Utleie av egen eller leid fast eiendom","Eikremsvingen 4","6422","MOLDE","71 11 53 83","","1"
"995139170","EIKREMSVINGEN 9 AS","AS","","Utleie av egen eller leid fast eiendom","Eikremsvingen 9","6422","MOLDE","","","1"
"935333113","EILERTSEN SYKKELVERKSTED","ENK","","Detaljhandel med sportsvarer","Moldelivegen 94","6413","MOLDE","","","1"
"989550136","EILIN MIDTBØ","ENK","","Skapende kunstnerisk virksomhet innenfor visuell kunst","Fjellbruvegen 17","6415","MOLDE","","","1"
"932589338","EIM INVEST AS","AS","","Drift av restauranter","Amtmann Leths gate 26","6413","MOLDE","","","0"
"918521291","EINAR HANSEN AS","AS","","Detaljhandel med ur, klokker og smykker","Øivinds veg 2B","6429","MOLDE","","","1"
"956932475","EINAR O BERG","ENK","","Utleie av egen eller leid fast eiendom","Nøisomhed Fannestrandvegen 125","6419","MOLDE","","","0"
"918497986","EINAR SOLHJELL REP & SERVICE","ENK","","Grunnarbeid","Stubøvegen 245","6460","EIDSVÅG I ROMSDAL","","","1"
"979206399","EIRA GJESTEGÅRD AS","AS","","Drift av hoteller","Torhusvegen 63","6470","ERESFJORD","71 23 51 54","","1"
"991806857","EIRAWATER AS","AS","23","Produksjon av leskedrikker og flaskevann","Naustevegen 123","6470","ERESFJORD","","www.eirawater.com","1"
"923481435","EIRIK AKSDAL","ENK","","Allmennlegetjenester","Nordskogvegen 6C","6412","MOLDE","","","0"
"812390562","EIRIK SILDNES","ENK","","Utøvende kunstnerisk virksomhet og underholdningsvirksomhet innenfor musikk","Fagerlivegen 47C","6414","MOLDE","","","0"
"921307349","EIRIK STORHOLT","ENK","","Allmennlegetjenester","Nordskogvegen 4B","6412","MOLDE","","","1"
"834334232","EIRIK SYVERSEN FOTO","ENK","","Fotografvirksomhet","Fannestrandvegen 92","6419","MOLDE","","","1"
"990888299","EIRIK ÅFLØYDAL","ENK","","Skogskjøtsel og andre skogbruksaktiviteter","Åfløydalen Åfløyvegen 135","6453","KLEIVE","","","1"
"935362660","EIVIND GAUTVIK HOLDING AS","AS","","Uoppgitt","Storgata 49","6413","MOLDE","","","1"
"918162127","EIVIND GURIGARD","ENK","","Godstransport på vei","Rypevegen 15","6415","MOLDE","","","1"
"935382203","EIVIND LANGE HOLDING AS","AS","","Uoppgitt","Notvollvegen 8","6456","SKÅLA","","","1"
"911563924","EIVIND LILLEÅS","ENK","","Allmennlegetjenester","Blomstervegen 9","6412","MOLDE","","","0"
"990974659","EIVIND WANG","ENK","","Undervisning innenfor idrett og rekreasjon","Anevegen 2J","6410","MOLDE","","","0"
"986281568","EKKO 1000 AS","AS","","Detaljhandel med bredt vareutvalg med hovedvekt på nærings- og nytelsesmidler","c/o Per Inge Gammelsæter Ekko 1000 AS Thiisløypa 4","6414","MOLDE","","","0"
"934260929","EKREN DRIFTSPARTNER","ENK","","Reparasjon og vedlikehold av maskiner","Nygjerdesvingen 20","6421","MOLDE","","","1"
"927025973","EKROLL HOLDING AS","AS","","Uoppgitt","Frænavegen 66A","6415","MOLDE","","","0"
"936385850","EL ASRI PLAYER DEVELOPMENT SK","ENK","","Undervisning innenfor idrett og rekreasjon","Sørnesjevegen 37","6456","SKÅLA","","","1"
"921317867","EL-VA AS","AS","","Kjøp og salg av egen fast eiendom","Stormyrvegen 2","6475","MIDSUND","","","1"
"977193028","ELDAR JAN MYKLEBUST INNGÅR I DØDSBO","ENK","","Kombinert husdyrhold og planteproduksjon","Øvre Istad veg 51","6453","KLEIVE","","","1"
"980424901","ELDENDALE AS","AS","","Utøvende kunstnerisk virksomhet og underholdningsvirksomhet innenfor musikk","Sollivegen 2A","6414","MOLDE","95 28 59 66","","0"
"983597335","ELECTRO AUTOMATION AS","AS","","Utleie av egen eller leid fast eiendom","Hjellmyrnakken 14","6429","MOLDE","71 21 22 90","","1"
"912259072","ELEGIT AS","AS","","Konsulentvirksomhet tilknyttet informasjonsteknologi og forvaltning og drift av it-systemer","Torget 1","6413","MOLDE","71 24 85 00","www.elegit.no","1"
"991401393","ELEKTRIKERTJENESTER RISNES","ENK","","Elektrisk installasjonsarbeid","Kreklingbakken 26","6429","MOLDE","","","0"
"936635237","ELEKTROLYSE VIKTORIIA KABATSKA","ENK","","Skjønnhetspleie","Tiurvegen 1","6416","MOLDE","","","1"
"921457014","ELFA AS","AS","","Utvikling og salg av byggeprosjekter","Øivinds veg 13","6429","MOLDE","","","0"
"921553579","ELIAS STORHAUG FOTO","ENK","","Fotografvirksomhet","Tranebærvegen 11","6429","MOLDE","","","1"
"994897381","ELIN GAUSTAD","ENK","","Skapende kunstnerisk virksomhet innenfor komposisjon av musikk","Ekornbakken 16","6425","MOLDE","","","0"
"931244248","ELINE GØNCZ","ENK","","Allmennlegetjenester","c/o Eline Gøncz Bjørnstjerne Bjørnsons veg 140","6410","MOLDE","","","1"
"979379455","ELINETT AS","AS","93","Distribusjon av elektrisitet","Plutovegen 5","6419","MOLDE","71 21 35 00","www.elinett.no","2"
"928131432","ELISABETH FISKE ASPHOL","ENK","","Tjenester tilknyttet husdyrhold","Istadvegen 657","6453","KLEIVE","","","1"
"929589467","ELISABETH HAGEN HELGESEN","ENK","","Undervisning innenfor idrett og rekreasjon","Adjunkt Dørums gate 22","6413","MOLDE","","","0"
"931978519","ELISABETH HAGSTRØM","ENK","","Andre tjenester tilknyttet kunstnerisk virksomhet og underholdningsvirksomhet","Mordalslia 16","6411","MOLDE","","","0"
"912375242","ELISABETH LUDWIG","ENK","","Utøvende kunstnerisk virksomhet og underholdningsvirksomhet innenfor scenekunst","Tømmervegen 2","6414","MOLDE","","","1"
"925863297","ELISABETH VESETH KRISTOFFERSEN","ENK","","Allmennlegetjenester","Kvernvegen 6","6416","MOLDE","","","1"
"892108242","ELISE FENSTAD","ENK","9","Andre sosialtjenester uten botilbud ellers","Orbakkvegen 29","6418","SEKKEN","","","1"
"984752768","ELITE ELECTRON AS","AS","","Engroshandel med informasjons- og kommunikasjonsteknologiutstyr","Retirovegen 2","6416","MOLDE","","","1"
"929815289","ELLE KOMPETANSE AS","AS","","Formidlingstjenester tilknyttet forretningsmessig tjenesteyting ikke nevnt annet sted","Margareta Dahls gate 3","6413","MOLDE","","","1"
"992699248","ELLEN UNDSETH","ENK","","Sauehold","Neråsvegen 70","6470","ERESFJORD","71 23 34 43","","1"
"889110562","ELLINA AS","AS","","Andre egeninvesteringsselskaper","Skolevegen 20","6410","MOLDE","71 25 71 14","","0"
"914062047","ELLINGSETER SOLUTIONS","ENK","","Kuldeanlegg-, varmepumpearbeid og installasjon av peiser","Uglevegen 20","6425","MOLDE","","www.ellingseter.no","0"
"981097890","ELLINGSGÅRD MONTERING Rune Ellingsgård","ENK","","Rørleggerarbeid","Steinløysvegen 37","6453","KLEIVE","","","1"
"979282362","ELMER EIENDOM AS","AS","","Eiendomsforvaltning på oppdrag","Storgata 54","6413","MOLDE","71 21 50 43","","1"
"984818203","ELNAN.NET","ENK","","Annen undervisning ellers","c/o Pål Elnan Fjellbruvegen 14","6415","MOLDE","","www.elnan.net","1"
"996847187","ELUTSTYR AS","AS","","Detaljhandel med informasjons- og kommunikasjonsteknologiutstyr","Moldegårdsvegen 5","6415","MOLDE","","www.elutstyr.no","1"
"991286705","ELVEGT 9-11 AS","AS","","Utleie av egen eller leid fast eiendom","c/o Planor Bolig AS Grandfjæra 28","6415","MOLDE","71 25 94 10","","1"
"935815355","ELVEHALLEN AS","AS","","Utleie av egen eller leid fast eiendom","Fannefjordsvegen 1035","6450","HJELSET","","","1"
"935096146","ELVSAASGÅRDEN HOLDING AS","AS","5","Utleie av egen eller leid fast eiendom","Storgata 9","6413","MOLDE","","","1"
"935498317","ELVSAASGÅRDEN NÆRING I AS","AS","","Utleie av egen eller leid fast eiendom","Mekvorpvegen 15","6411","MOLDE","","","1"
"935498325","ELVSAASGÅRDEN NÆRING II AS","AS","","Utleie av egen eller leid fast eiendom","Mekvorpvegen 15","6411","MOLDE","","","1"
"914547733","EMA HOLDING AS","AS","","Andre egeninvesteringsselskaper","Kåre Solhjells veg 4","6415","MOLDE","","","0"
"989169513","EMC INVEST AS","AS","","Utleie av egen eller leid fast eiendom","Årøsetervegen 30","6422","MOLDE","","","0"
"933386651","EMCAS AS","AS","22","Detaljhandel med bredt vareutvalg med hovedvekt på nærings- og nytelsesmidler","Gideonvegen 4","6412","MOLDE","","","1"
"932499118","EMILIE SIMMERSHOLM","ENK","","Detaljhandel med bredt vareutvalg ellers","Furulundbakken 1","6413","MOLDE","","","0"
"989213407","EMME EIENDOM AS","AS","","Utleie av egen eller leid fast eiendom","Nøisomhed","6405","MOLDE","","","1"
"935019370","EMPATHEIA AS","AS","","Dataprogrammeringstjenester","c/o Håvard Berg Fjellbruvegen 51A","6429","MOLDE","","","1"
"919071923","EN3 MOLDE AS","AS","","Utleie av egen eller leid fast eiendom","Fannestrandvegen 125","6419","MOLDE","","","1"
"930211109","ENDRE KROHN HOLDING AS","AS","","Uoppgitt","v/ Endre August Krohn Øvre Årø 11","6421","MOLDE","","","0"
"983246230","ENDRE SKJØLBERG","ENK","","Allmennlegetjenester","Uranusvegen 4","6419","MOLDE","","","1"
"887664382","ENENVEGEN 2 A MOLDE AS","AS","","Utleie av egen eller leid fast eiendom","Fannestrandvegen 125","6419","MOLDE","71 20 22 00","","1"
"931478826","ENERGIMA MOLDE AS","AS","7","Ventilasjonsarbeid","Verftsgata 10","6416","MOLDE","","","1"
"822146252","ENGAGE BARSTEN","ENK","","Undervisning innenfor idrett og rekreasjon","Bjørnstjerne Bjørnsons veg 71","6412","MOLDE","","","1"
"928146081","ENGDAHL BYGG AS","AS","","Oppføring av bygninger","Fjellbruvegen 28","6429","MOLDE","","","1"
"923561404","ENGE HOLDING AS","AS","","Uoppgitt","c/o Arild Engeseth Fanneenga 7B","6423","MOLDE","","","0"
"928458091","ENITS AS","AS","","Uoppgitt","Enenvegen 10","6416","MOLDE","","","0"
"833814532","ENNAH AS","AS","","Barneverntjenester","Fannebakken 23","6423","MOLDE","","","1"
"934278771","ENTREPRENEUR SARA AARØE","ENK","","Reklamebyråvirksomhet","Mekvorpvegen 10","6411","MOLDE","","","1"
"996968286","ENVIRO LIVING AS","AS","","Agenturhandel med spesialisert vareutvalg ellers","Sjøvikvegen 67","6475","MIDSUND","","","1"
"976010728","EPO AS","AS","","Eiendomsforvaltning på oppdrag","Kråkholmvegen 8","6460","EIDSVÅG I ROMSDAL","71 23 24 78","","0"
"935303389","EQUINTURA INVEST AS","AS","","Uoppgitt","c/o Terje Vestad Mehmet Flovikhaugvegen 22","6456","SKÅLA","","","1"
"920591035","ERA GEO AS","AS","17","Annen teknisk konsulentvirksomhet","Enenvegen 2A","6416","MOLDE","","","1"
"920513859","ERA INVEST AS","AS","","Annen teknisk konsulentvirksomhet","Verftsgata 10","6416","MOLDE","","","0"
"919307412","ERDAL EIENDOM AS","AS","","Utleie av egen eller leid fast eiendom","Birger Hatlebakks veg 22","6415","MOLDE","","","1"
"926614444","ERESFJORD BYGG V/FRODE NAUSTE","ENK","","Oppføring av bygninger","Siramoen 22","6470","ERESFJORD","","","1"
"986263853","ERESFJORD SPORT AS","AS","","Sportsaktiviteter ikke nevnt annet sted","Frisvollvegen 94","6470","ERESFJORD","","","1"
"929708873","ERIK CHARBELLET SKOG","ENK","","Avvirkning","Grasskaret 38","6429","MOLDE","","","1"
"969397382","ERIK HELDE","ENK","","Dyrking av korn, unntatt ris, belgvekster og oljeholdige vekster","Frisvollvegen 59","6470","ERESFJORD","","","1"
"818535112","ERIK LANGELO ØKONOMI OG LOGISTIKK","ENK","","Konsulentvirksomhet tilknyttet informasjonsteknologi og forvaltning og drift av it-systemer","Bjørnstjerne Bjørnsons veg 17","6412","MOLDE","","","0"
"914430887","ERIKA KAVALI AS","AS","","Frisering og barbering","Storgata 54","6413","MOLDE","","","1"
"933995712","ERIKSEN DATA OG INNSIKT","ENK","","Dataprogrammeringstjenester","Anevegen 2E","6410","MOLDE","","","1"
"937539347","ERLANDSEN CONSULTING","ENK","","Bedriftsrådgivning og annen administrativ rådgivning","Isdamvegen 11","6456","SKÅLA","","","1"
"992951370","ERLEND HANSEN","ENK","","Elektrisk installasjonsarbeid","Fagerlivegen 50","6414","MOLDE","","","1"
"930902926","ERLEND LINDVÅG SOLEMDAL","ENK","","Andre tjenester tilknyttet kunstnerisk virksomhet og underholdningsvirksomhet","Måltrostvegen 17","6425","MOLDE","","","0"
"912583902","ERLING BERSÅS","ENK","","Grunnarbeid","Ljøsmyrvegen 11","6460","EIDSVÅG I ROMSDAL","","","1"
"989204254","ERMA INDUSTRIER AS","AS","","Andre egeninvesteringsselskaper","Fannestrandvegen 33","6415","MOLDE","71 21 85 63","","1"
"922734658","ERNES","ENK","","Sauehold","Naustevegen 147","6470","ERESFJORD","","","1"
"935253209","ERSTAD INSTRUKSJON","ENK","","Annen undervisning innenfor kultur","Krohnhøgda 14","6421","MOLDE","","","1"
"934284607","ERTVÅG LANDBRUK OG SKOG","ENK","","Avvirkning","Skjørsetervegen 177","6453","KLEIVE","","","1"
"913562577","ERWO AS","AS","","Kjøp og salg av egen fast eiendom","Torget 2","6413","MOLDE","","","0"
"916884125","ES-MA HOLDING AS","AS","","Utleie av egen eller leid fast eiendom","","6450","HJELSET","","","0"
"945712570","ESMAU HOLDING AS","AS","","Uoppgitt","c/o Unn Vorpenes Fjellskaret 7A","6416","MOLDE","","","1"
"922076863","ESPEN HAMRE INVEST AS","AS","","Utleie av egen eller leid fast eiendom","C/O Espen Hamre Årølivegen 7","6421","MOLDE","","","0"
"925570435","ESPEN RØD LANGSET BYGG&TJENESTER","ENK","","Oppføring av bygninger","Kvernbergråket 8","6460","EIDSVÅG I ROMSDAL","","","0"
"912514986","ESPEN SILSETH AS","AS","","Andre egeninvesteringsselskaper","Vejlevegen 23A","6415","MOLDE","","","0"
"989133306","ESS AS","AS","","Uoppgitt","Grandfjæra 20","6415","MOLDE","","","0"
"912191311","ETF HOLDING AS","AS","","Utleie av egen eller leid fast eiendom","Bregnelia 9","6429","MOLDE","","","0"
"927025868","EUKO INVEST AS","AS","","Utleie av egen eller leid fast eiendom","c/o Jorunn Rekdal Thiisløypa 1","6414","MOLDE","","","0"
"999572138","EUN BERIT AUNE","ENK","","Skjønnhetspleie","Grasskaret 4A","6429","MOLDE","","","1"
"998686547","EVA SPIRDAL-JACOBSEN","ENK","","Annen undervisning innenfor kultur","Kringsjåvegen 12","6414","MOLDE","71 21 85 18","","0"
"936697917","EVB HOLDING AS","AS","","Uoppgitt","Bjønnan 66","6410","MOLDE","","","1"
"937399049","EVENSEN MEDIA","ENK","","Pr og kommunikasjonstjenester","Anevegen 2F","6410","MOLDE","","","1"
"936787959","EVOA AS","AS","","Industri-, produkt- og motedesignvirksomhet","Årømyran 31D","6421","MOLDE","","","1"
"837388732","EWELINA OSTROWSKA NUTRITION & LIFESTYLE","ENK","","Forebyggende helsearbeid","Olivinvegen 19","6475","MIDSUND","","","1"
"932994577","EXOR AS","AS","","Detaljhandel med motorvogner","Fuglsetbakken 45","6416","MOLDE","","","1"
"914071178","EXPO EIENDOM AS","AS","","Utleie av egen eller leid fast eiendom","Storgata 9","6413","MOLDE","","","1"
"935771129","EXPO-TRADING AS","AS","","Agenturhandel med spesialisert vareutvalg ellers","Sollivegen 30B","6414","MOLDE","","","1"
"933243893","EXPORT BIL HONCHARENKO","ENK","","Detaljhandel med motorvogner","Jakob Bjørnås veg 9","6416","MOLDE","","","1"
"925005347","EXPRESS PIZZA OG GRILL TAHA","ENK","13","Drift av restauranter","Adjunkt Dørums gate 34","6413","MOLDE","","","1"
"916947348","EXTRA UTLEIE AS","AS","","Grunnarbeid","Øvervegen 108","6460","EIDSVÅG I ROMSDAL","","","1"
"930754269","EYA AS","AS","","Uoppgitt","Lyngvegen 32","6429","MOLDE","","","0"
"928458121","EYAR AS","AS","","Uoppgitt","Julsundvegen 728","6411","MOLDE","","","0"
"930075833","F CAP AS","AS","","Uoppgitt","Hagaplassen 43","6422","MOLDE","","","0"
"935485797","F. TOLAAS","ENK","","Grunnarbeid","Borvikvegen 3","6456","SKÅLA","","","1"
"989074431","FAB HOLDING AS","AS","","Bedriftsrådgivning og annen administrativ rådgivning","Torleifvegen 11","6416","MOLDE","","","0"
"947171186","FABRIKKVEIEN 13 AS","AS","","Utleie av egen eller leid fast eiendom","Grandfjæra 22C","6415","MOLDE","71 25 94 10","","1"
"988223344","FAFE AS","AS","","Utleie av egen eller leid fast eiendom","Havnealleen 6","6364","VISTDAL","","www.fafe.no","1"
"917963673","FAGBLIKK AS","AS","14","Ventilasjonsarbeid","Enenvegen 2A","6416","MOLDE","","","1"
"925994618","FAGERHAUGEN VEKST BRAKSTAD","ENK","","Dyrking av kjernefrukter og steinfrukter","Øvervegen 411","6460","EIDSVÅG I ROMSDAL","","","1"
"827173002","FAK AS","AS","","Utleie av egen eller leid fast eiendom","Fannestrandvegen 53","6415","MOLDE","","","1"
"921799500","FAK HOLDING AS","AS","","Utleie av egen eller leid fast eiendom","Fannestrandvegen 53","6415","MOLDE","","","0"
"912225399","FALDET 3D SCAN DESIGN","ENK","","Industri-, produkt- og motedesignvirksomhet","Magerøyvegen 101","6475","MIDSUND","","","1"
"934662024","FALDET SJØLBERGING","ENK","","Fiske og fangst i sjø","Magerøyvegen 101","6475","MIDSUND","","","1"
"991439935","FALK TRAFIKKSKOLE","ENK","","Utleie og leasing av biler og andre lette motorvogner","Astrupvegen 1","6419","MOLDE","","","1"
"932395967","FALK TRAFIKKSKOLE AS","AS","5","Undervisning ved godkjente trafikkskoler","Astrupvegen 1","6419","MOLDE","","","1"
"924915935","FAMILIEN HEGGDAL AS","AS","","Uoppgitt","Holvegen 8","6414","MOLDE","","","0"
"935046440","FANGHOL DRIFT","ENK","","Kombinerte tjenester tilknyttet eiendomsdrift","Fuglsetbakken 45","6416","MOLDE","","","1"
"966993286","FANNE EIENDOM AS","AS","","Utleie av egen eller leid fast eiendom","Fannestrandvegen 55","6415","MOLDE","","","1"
"982832551","FANNEFJORD AS","AS","","Bedriftsrådgivning og annen administrativ rådgivning","Hestehagen 6","6421","MOLDE","","","0"
"919777281","FANNESTRANDSVEIEN 71 AS","AS","","Utleie av egen eller leid fast eiendom","Fannestrandvegen 71","6416","MOLDE","","","1"
"997801970","FANNESTRANDSVEIEN 85 EIENDOM AS","AS","","Eiendomsforvaltning på oppdrag","Fannestrandvegen 85","6416","MOLDE","","","1"
"990149194","FANNESTRANDVEGEN 126 AS","AS","","Utleie av egen eller leid fast eiendom","Storgata 9","6413","MOLDE","","","1"
"921648766","FANNESTRANDVEGEN 146 AS","AS","","Utleie av egen eller leid fast eiendom","Fannestrandvegen 146","6419","MOLDE","","","1"
"926476149","FANNESTRANDVEGEN 49B AS","AS","5","Detaljhandel med innredningsartikler ikke nevnt annet sted","Fannestrandvegen 49B","6415","MOLDE","","","1"
"921954743","FANNESTRANDVEGEN 53 MOLDE AS","AS","","Utleie av egen eller leid fast eiendom","Fannestrandvegen 53","6415","MOLDE","","","1"
"920806805","FANNESTRANDVEGEN 64 MOLDE AS","AS","","Utleie av egen eller leid fast eiendom","Fannestrandvegen 64","6416","MOLDE","","","1"
"926514776","FARGEPANORAMA AS","AS","6","Detaljhandel med jernvarer, byggevarer, fargevarer og glass","Verftsgata 10","6416","MOLDE","","","1"
"992938315","FARMEN FRILUFTSBARNEHAGE AS","AS","12","Førskoleundervisning og drift av barnehager","Eidsøra","6460","EIDSVÅG I ROMSDAL","","","1"
"982508576","FARSTAD INVEST AS","AS","","Detaljhandel med motorvogner","Storgata 9","6413","MOLDE","","","1"
"918434070","FARSTADS MOTORSERVICE AS","AS","","Engroshandel med maskiner og utstyr ellers","Øvre veg 25","6415","MOLDE","","","1"
"984200218","FASADEPRODUKTER EIENDOM AS","AS","","Utleie av egen eller leid fast eiendom","Årøsetervegen 10","6422","MOLDE","71 21 20 40","www.fasadeprodukter.no","1"
"926605739","FELICIAS SMØRDAL","ENK","","Formidlingstjenester tilknyttet detaljhandel med spesialisert vareutvalg","Nothusmarka 44","6457","BOLSØYA","","","1"
"989740539","FELTBIOLOGEN GRØNNINGSÆTER","ENK","","Fotografvirksomhet","Øverbøen 26","6411","MOLDE","95 25 77 10","","1"
"932838214","FEMINA FRØYDIS ORTEN STOKKE","ENK","","Skjønnhetspleie","Gideonvegen 10H","6412","MOLDE","","","1"
"916911483","FERNANDO G. SVENØY","ENK","","Utøvende kunstnerisk virksomhet og underholdningsvirksomhet innenfor musikk","Opdølvegen 89","6450","HJELSET","","","1"
"980379361","FERRO- AS","AS","5","Bearbeiding av metaller","Gammelseterlia 15A","6422","MOLDE","71 21 68 11","","1"
"985290644","FERSKVANNSBIOLOGEN Leif Magnus Sættem","ENK","","Teknisk prøving og analyse","Vestre Plassveg 4","6415","MOLDE","71 21 61 45","","1"
"927817373","FFF INVEST AS","AS","","Uoppgitt","Hamnegata 35","6413","MOLDE","","","0"
"816135362","FH HOLDING 2 AS","AS","","Utleie av egen eller leid fast eiendom","Kristianplassen 24","6410","MOLDE","","","1"
"923075755","FHR EIENDOM AS","AS","","Snekkerarbeid","Innsidevegen 980","6475","MIDSUND","","","1"
"937245556","FIKS & CO AS","AS","","Uoppgitt","Sivertvegen 10","6414","MOLDE","","","1"
"823837402","FIKSDAL JORDMORVIKAR","ENK","","Andre helsetjenester ellers","Heramb-Aamots veg 43","6414","MOLDE","","","0"
"915480918","FILISTOU HOLDING AS","AS","","Utleie av egen eller leid fast eiendom","Rødstrupevegen 8","6425","MOLDE","","","0"
"934501217","FILLUS AS","AS","","Uoppgitt","c/o Guttorm Lønseth Tornes Fuglsetvegen 3B","6415","MOLDE","","","1"
"911568519","FILMPLANET AS","AS","","Produksjon av film, video og fjernsynsprogrammer","Kråkholmvegen 8 Sentrum","6460","EIDSVÅG I ROMSDAL","","","0"
"970904069","FIMAR AS","AS","","Detaljhandel med jernvarer, byggevarer, fargevarer og glass","Hans Thiis Møllers gate 13","6415","MOLDE","","","0"
"974474190","FINNSET GÅRD","ENK","8","Produksjon av jordbruks- og skogbruksmaskiner","Eikesdalsvegen 3133","6472","EIKESDAL","71234512","","1"
"922240493","FINNSET MASKIN AS","AS","","Elektrisk installasjonsarbeid","v/ Olav Finnset Eikesdalsvegen 3133","6472","EIKESDAL","","","1"
"969846896","FINSET NIKOLAI","ENK","","Sauehold","Eikesdalsvegen 3135","6472","EIKESDAL","","","1"
"916544871","FISKE NÆRINGSEIENDOM AS","AS","","Utleie av egen eller leid fast eiendom","Alexander Kiellands veg 12A","6413","MOLDE","","","1"
"930798568","FISKEHALLEN AS","AS","","Utleie av egen eller leid fast eiendom","Hamnegata 43","6413","MOLDE","","","1"
"992510501","FIXEN AS","AS","","Uoppgitt","Museumsvegen 3","6413","MOLDE","","","0"
"927610086","FJ BYGG AS","AS","5","Oppføring av bygninger","Kubergvegen 21","6462","RAUDSAND","","","1"
"933492265","FJEDL AS","AS","","Dataprogrammeringstjenester","Orionvegen 9E","6419","MOLDE","","","1"
"915215157","FJELLBRUVEGEN 13 V/DEVI ROXANNE PERSAUD","ENK","","Oppføring av bygninger","Fjellbruvegen 13","6415","MOLDE","","","0"
"911723212","FJELLENDEN AS","AS","","Kjøp og salg av egen fast eiendom","Glomstuvegen 71B","6410","MOLDE","","","0"
"928266575","FJERDINGENS GUTTA PÅ GULVET.","ENK","","Gulvlegging og tapetsering","Skrenten 14F","6411","MOLDE","","","0"
"983826342","FJORDFIESTA FURNITURE AS","AS","6","Engroshandel med husholdnings-, kontor- og butikkmøbler, gulvtepper og belysningsutstyr","Hamnegata 12","6413","MOLDE","","","1"
"989189352","FJORDFIESTA HOLDING AS","AS","","Engroshandel med husholdnings-, kontor- og butikkmøbler, gulvtepper og belysningsutstyr","Hamnegata 12","6413","MOLDE","","","1"
"994511491","FJORDGATA 2 AS","AS","","Detaljhandel med bakervarer, konditorvarer og sukkervarer","Torget 1","6413","MOLDE","71 21 94 12","","1"
"922403961","FJORDGATA EIENDOM MOLDE AS","AS","","Utleie av egen eller leid fast eiendom","Øvre veg 30","6415","MOLDE","","","1"
"923008268","FJØRSTAD INVEST AS","AS","","Andre egeninvesteringsselskaper","Rådyrvegen 72","6425","MOLDE","","","0"
"832003832","FJØRTOFT LEGETJENESTER","ENK","","Allmennlegetjenester","Kåre Solhjells veg 2","6415","MOLDE","","","1"
"951901350","FK FILM OG TV-PRODUKSJON Frode Kaufman","ENK","","Produksjon av film, video og fjernsynsprogrammer","Bergsbakken 2B","6423","MOLDE","","www.kokk.no","0"
"934113306","FLAGGNUTVEIEN 23 AS","AS","","Utleie av egen eller leid fast eiendom","Kleivbøen 9","6453","KLEIVE","","","1"
"995397609","FLATSETØ MASKIN OG TRANSPORT","ENK","","Grunnarbeid","Kjempehaugan 10","6470","ERESFJORD","","flatsetomaskinogtransport.no","1"
"933688372","FLEMMEN SKOG & ANLEGG","ENK","","Tjenester tilknyttet skogbruk","Løkenvegen 19","6423","MOLDE","","","1"
"923669949","FLEMMEN SPORT","ENK","","Undervisning innenfor idrett og rekreasjon","c/o Marius Flemmen Åsleet 23B","6456","SKÅLA","","","0"
"990754128","FLISEKSPERTEN AS","AS","7","Murerarbeid","Elvegata 15","6413","MOLDE","","","1"
"919209364","FLO DESIGN ANNE-GRETHE FLO ROTTEM","ENK","","Skapende kunstnerisk virksomhet innenfor visuell kunst","Vigvollvegen 5","6450","HJELSET","","","0"
"925336343","FLOVIKHOLM HOLDING AS","AS","","Reklamebyråvirksomhet","Refsnesvegen 2","6456","SKÅLA","","","0"
"832139912","FLOVIKHOLM TAU OG FALLSIKRING","ENK","","Annen undervisning ellers","Hamnavikvegen 17","6456","SKÅLA","","","1"
"914064473","FLUSUND BRANNCONSULT","ENK","","Andre personlige tjenester ikke nevnt annet sted","Sollivegen 20","6414","MOLDE","","","0"
"998135605","FOG & HOLBERG INVEST AS","AS","","Bedriftsrådgivning og annen administrativ rådgivning","Boråsvegen 49","6415","MOLDE","","","0"
"918105867","FOKU AS","AS","7","Annen undervisning ellers","c/o Chriss Rune Nerland Talsetbakken 1","6456","SKÅLA","","","1"
"997318412","FOLDAL RØR AS","AS","7","Rørleggerarbeid","Årøsetervegen 30","6422","MOLDE","","","1"
"825434062","FOLDE INVEST AS","AS","","Uoppgitt","c/o Hans Kristian Folde Årømyran 30","6421","MOLDE","","","0"
"990529132","FOLDE TAXI","ENK","","Passasjertransport på forespørsel utført av fører med kjøretøy","Fagerlivegen 44B","6414","MOLDE","","","1"
"827354082","FOLE FIN UTSIKT AS","AS","","Utleie av egen eller leid fast eiendom","c/o Axio AS Grandfjæra 28","6415","MOLDE","","","1"
"928556018","FOLE GODT HOLDING AS","AS","","Uoppgitt","v/Stig Terje Kristoffersen Frænavegen 69A","6415","MOLDE","","","1"
"997623649","FOLE GODT MOLDE AS","AS","55","Produksjon av brød og ferske konditorvarer","Storgata 61","6413","MOLDE","","","1"
"934521129","FOLKE-OLSEN TRADE AND SERVICES","ENK","","Engroshandel med parfyme og kosmetikk","Aukravegen 13","6414","MOLDE","","","1"
"914909147","FOLKETS HUS MOLDE AS","AS","","Utleie av egen eller leid fast eiendom","Byfogd Motzfeldts gate 6","6413","MOLDE","","","1"
"931314297","FOLLESTAD VERGE","ENK","","Juridisk tjenesteyting","Tuesenvegen 3","6421","MOLDE","","","0"
"934858077","FON HAUGEN MATKUNST","ENK","","Andre personlige tjenester ikke nevnt annet sted","Brokvikvegen 10","6475","MIDSUND","","","1"
"931002910","FONN DIAKONI- OG FORSONINGSTJENESTE INNGÅR I DØDSBO","ENK","","Andre sosialtjenester uten botilbud ellers","Solemdalvegen 49","6456","SKÅLA","","","0"
"834455412","FONN FORTELLINGER","ENK","","Skapende kunstnerisk virksomhet innenfor litteratur","Solemdalvegen 49","6456","SKÅLA","","","1"
"919227710","FONTE VERDI AS","AS","","Produksjon av juice av frukt og grønnsaker","Gørvellplassen 15","6413","MOLDE","","","1"
"919659416","FORETAK ROKKE BRUCKER","ENK","","Allmennlegetjenester","Nygjerdesvingen 26B","6421","MOLDE","","","0"
"915963536","FOREVER 4 YOU AS","AS","","Detaljhandel med nærings- og nytelsesmidler ellers","Lyngvegen 40","6429","MOLDE","","","1"
"916505116","FOREVER ANITA BAKKEN AS","AS","","Detaljhandel med bredt vareutvalg med hovedvekt på nærings- og nytelsesmidler","Sjøvegen 8C","6450","HJELSET","","","1"
"936061354","FOREVER ANN-KRISTIN HUSBY","ENK","","Formidlingstjenester tilknyttet detaljhandel med spesialisert vareutvalg","Årøhagen 11","6422","MOLDE","","","1"
"995844605","FOREVER ASTRID SCHISTAD LUNDHAUG","ENK","","Detaljhandel med nærings- og nytelsesmidler ellers","Røysan 18B","6412","MOLDE","","myaloevera.no/astrid","1"
"933481786","FOREVER BY HELGHEIM AS","AS","","Detaljhandel med kosmetikk og toalettartikler","Lyngvegen 19B","6429","MOLDE","","","1"
"930249289","FOREVER BY SI ROALDSETHLI","ENK","","Annen detaljhandel med andre nye varer","Fannebostadvegen 7","6423","MOLDE","","","1"
"932202190","FOREVER KAROLINE RØNNEBERG","ENK","","Formidlingstjenester tilknyttet detaljhandel med spesialisert vareutvalg","Kløversvingen 20","6423","MOLDE","","www.foreverkaroline.no","1"
"829963752","FORMO CONSULTING","ENK","","Annen teknisk konsulentvirksomhet","Dragetvegen 71","6457","BOLSØYA","","","1"
"937442157","FORSIKRINGSSPARING.NO AS","AS","","Bedriftsrådgivning og annen administrativ rådgivning","Stuevollvegen 6","6412","MOLDE","","","1"
"883957652","FORTELLERFORLAGET Finn Valgermo","ENK","","Utgivelse av bøker","Eikremsvingen 31","6422","MOLDE","22 22 72 91","","1"
"980379353","FOSSEIDE AGENTURER AS","AS","","Agenturhandel med tekstiler, klær, pelsskinn, skotøy og lærvarer","c/o Petter Fosseide Severines veg 2","6411","MOLDE","90142994","","1"
"931399659","FOSSEN MULTISERVICE","ENK","","Snekkerarbeid","Bekkevollvegen 3","6412","MOLDE","","","1"
"927195348","FOSSUM MUSIKK","ENK","","Utøvende kunstnerisk virksomhet og underholdningsvirksomhet innenfor musikk","Bjørkfinkvegen 2","6425","MOLDE","","","0"
"937920520","FOTO LM NESJE","ENK","","Fotografvirksomhet","Hagaplassen 14B","6422","MOLDE","","","1"
"986784101","FOTOGRAF ANDREAS WINTER ANDREAS WINTERSTØ LJØKJEL","ENK","","Fotografvirksomhet","Kåre Solhjells veg 4","6415","MOLDE","","www.andreaswinter.no","1"
"911968142","FOTOGRAF ANITA GRØNLAND AS","AS","","Fotografvirksomhet","Øvre veg 22","6413","MOLDE","71 25 54 17","","1"
"927091763","FOTOGRAF ELLADA HÅNDLYKKEN","ENK","","Fotografvirksomhet","Ranesvegen 45","6456","SKÅLA","","","1"
"925143944","FOTOGRAF FREDDY SVENSLI","ENK","","Fotografvirksomhet","Sjølivegen 240","6462","RAUDSAND","","","1"
"986459820","FOTOGRAF SIGVE STRØMME","ENK","","Fotografvirksomhet","Mekvegen 58","6411","MOLDE","","","0"
"932819236","FOTPLEIEN REIDUN MAY TOVEN","ENK","","Aktiviteter i dagspa, badstue og dampbad","Hargautvegen 17","6460","EIDSVÅG I ROMSDAL","","","1"
"917643636","FOTTERAPEUT RENATE BORISSEN","ENK","","Ortopedi- og fotterapitjenester","c/o Helse og Velvære AS Torget 1","6413","MOLDE","","","1"
"977034434","FOTTERAPEUT TOVE EIDE ANGVIK","ENK","","Ortopedi- og fotterapitjenester","Boråsvegen 54","6415","MOLDE","","","1"
"935877806","FOYN IDRETT OG MEDIA","ENK","","Sportsaktiviteter ikke nevnt annet sted","Anders Sandvigs veg 11","6414","MOLDE","","","1"
"928958892","FP EIENDOM AS","AS","","Eiendomsforvaltning på oppdrag","Stubøvegen 1","6460","EIDSVÅG I ROMSDAL","","","1"
"984461178","FRANK IVERSEN MUSIKUS","ENK","","Utøvende kunstnerisk virksomhet og underholdningsvirksomhet innenfor musikk","Stuevollvegen 7","6412","MOLDE","71 21 81 58","www.frankiversen.com","1"
"986880186","FRANK KIRKELAND","ENK","","Sportsaktiviteter ikke nevnt annet sted","Skolevegen 7B","6410","MOLDE","","","0"
"969996251","FRANK KRAKELI","ENK","","Murerarbeid","Øverlandsvegen 34","6416","MOLDE","91591070","","1"
"934028422","FRANK ROAR LUNDHAUG","ENK","","Etterforskningstjenester og private vakttjenester","Røysan 18B","6412","MOLDE","","","1"
"934376072","FRANK SOLHEIM","ENK","","Avvirkning","Istadvegen 503","6453","KLEIVE","","","1"
"894310642","FRANKLIN KIRMAYER - KIERMYER - MOBILITY MUSIC DBA: MOBILITY MUSIC","ENK","","Bedriftsrådgivning og annen administrativ rådgivning","Håkon Herdebreis veg 876","6418","SEKKEN","","","0"
"926625608","FREDDYS HOLDING AS","AS","","Drift av restauranter","c/o Freddy Hessvik Tyttebærsvingen 43","6429","MOLDE","","","0"
"936553699","FREDHEIM DESIGN V/ HANSSEN","ENK","","Grafisk design og visuell kommunikasjonsdesign","Lensmannsbrekka 33","6460","EIDSVÅG I ROMSDAL","","www.fredheimdesign.no","1"
"918541993","FREDRIK BJERKELUND","ENK","","Psykolog- og psykoterapitjenester, unntatt legetjenester innenfor psykiatri","4. etasje Storgata 14","6413","MOLDE","","","1"
"921377908","FREDRIK HEGGERTVEIT","ENK","","Annen teknisk konsulentvirksomhet","Birkelandvegen 85","6423","MOLDE","","","0"
"850277672","FREDSVIK HAGESENTER OG PLANTESKOLE Perly G Eikås","ENK","","Detaljhandel med blomster, planter, gjødsel og plantevernmidler","Meisalstranda 487B","6460","EIDSVÅG I ROMSDAL","","","0"
"992389826","FREELANCE ARTIST Raymond Gaustadnes","ENK","","Skapende kunstnerisk virksomhet innenfor visuell kunst","Rypevegen 9","6415","MOLDE","","www.digitalartwork.no","0"
"929156331","FREJON HOLDING AS","AS","","Uoppgitt","Rabben 8","6421","MOLDE","","","0"
"814548082","FRIDA BRUNVOLL AS","AS","","Uoppgitt","Birkelandvegen 24","6416","MOLDE","","","0"
"870993382","FRIMED AS","AS","","Forebyggende helsearbeid","c/o Bjørn Otterlei Julsundvegen 93","6412","MOLDE","","","1"
"920054463","FRISCANO AS","AS","","Engroshandel med andre næringsmidler","Enenvegen 3","6416","MOLDE","","","0"
"913680723","FRISKE SPIRER OG MIKROGRØNT TUGUSHAN ALP","ENK","","Dyrking av ettårige vekster ellers","Fannestrandvegen 21","6415","MOLDE","","","0"
"932739682","FRISVOLL ANLEGGSERVICE","ENK","","Grunnarbeid","Kanndalsvegen 13","6470","ERESFJORD","","","1"
"922629862","FRISVOLL DA","DA","","Reparasjon og vedlikehold av maskiner","v/Hallvar Toven Frisvoll Kanndalsvegen 42","6470","ERESFJORD","","","1"
"930105244","FRISVOLL LYD","ENK","","Andre tjenester tilknyttet kunstnerisk virksomhet og underholdningsvirksomhet","Øverlandsvegen 6","6416","MOLDE","","","1"
"933606570","FRISVOLL MASKIN","ENK","","Grunnarbeid","Kanndalsvegen 13","6470","ERESFJORD","","","1"
"935524725","FRISVOLL MASKIN AS","AS","","Grunnarbeid","Kanndalsvegen 9","6470","ERESFJORD","","","1"
"938031797","FRISVOLL TEKNIKK","ENK","","Reparasjon og vedlikehold av maskiner","Neråsvegen 304","6470","ERESFJORD","","","1"
"924921471","FRISVOLL VEIDRIFT AS","AS","5","Godstransport på vei","Husbyvegen 79","6470","ERESFJORD","","","1"
"913178815","FRISØR ANN IREN SOMMERVOLD","ENK","","Frisering og barbering","Råkhaugvegen 12","6425","MOLDE","","","1"
"915421245","FRISØR BERIT SOLHEIM","ENK","","Frisering og barbering","Vestre Plassveg 5","6415","MOLDE","","","0"
"915496547","FRISØR HILDE DYRLI","ENK","","Frisering og barbering","Istadvegen 614","6453","KLEIVE","","www.facebook.com/FrisorHildeDyrli","1"
"819801622","FRISØR MERETE BERG","ENK","","Frisering og barbering","Bergmovegen 9","6419","MOLDE","","","1"
"989310402","FRISØR ODD DANIELSEN AS","AS","","Frisering og barbering","Nøisomhedsveien 32","6419","MOLDE","71 21 21 49","","1"
"936156347","FRITIDA AS","AS","","Engroshandel med bredt utvalg av nærings- og nytelsesmidler","Slenesvegen 189","6470","ERESFJORD","","","1"
"993828017","FRODE BJØRNEREM","ENK","","Melkeproduksjon på storfe og oppdrett av melkekyr","Midøyvegen 398","6475","MIDSUND","71 37 98 73","","1"
"876719592","FRODE EIDSETER","ENK","","Dyrking av ettårige vekster ellers","Barsteinvegen 157","6460","EIDSVÅG I ROMSDAL","","","0"
"911920697","FRODE HANSEN TRAFIKKSKOLE","ENK","","Undervisning ved godkjente trafikkskoler","Romsdalsgata 3","6413","MOLDE","","","1"
"925422053","FRODE JÜNGE","ENK","","Konsulentvirksomhet tilknyttet informasjonsteknologi og forvaltning og drift av it-systemer","Glomstuvegen 6","6412","MOLDE","","","1"
"984621051","FRODE NAKKEN SPORT OG FRITID","ENK","","Beplantning av hager og parkanlegg","Langmyrvegen 88","6415","MOLDE","","www.padlekurs.com","1"
"990674035","FRODE RAUSANDHAUG HØVIK SERVICE","ENK","","Elektrisk installasjonsarbeid","Rødvegen 51","6460","EIDSVÅG I ROMSDAL","","","1"
"989093894","FRODE. SKYTTERLINKEN Frode Standal","ENK","","Detaljhandel med sportsvarer","Gamle Årødalsvegen 2","6421","MOLDE","71 25 22 61","","1"
"934514017","FRONT FJÆRE AS","AS","","Catering for arrangementer","c/o Monica Ugelvik-Bognø Brattåsen 15","6423","MOLDE","","","1"
"997849442","FRONT GROUP AS","AS","16","Annen teknisk konsulentvirksomhet","Torget 4","6413","MOLDE","","www.frontgroup.no","1"
"933194736","FRONT MAT AS","AS","13","Kantinedrift og annen cateringvirksomhet","c/o Monica Ugelvik-Bognø Brattåsen 15","6423","MOLDE","","","1"
"922964335","FROSTAD LYD OG BACKLINE","ENK","","Andre tjenester tilknyttet kunstnerisk virksomhet og underholdningsvirksomhet","Moldelivegen 107B","6412","MOLDE","","","1"
"921621876","FRU INDERSTUA MARGARETHA ELISABETH RØBERG","ENK","","Detaljhandel med husholdningsredskaper og bestikk, servise, glassvarer, porselen og keramikk","Skarsvegen 41","6475","MIDSUND","","","0"
"994454536","FRU LYKKE AS","AS","","Utleie av arbeidskraft og andre personaladministrative tjenester","Hestehagen 13","6421","MOLDE","","","1"
"915555292","FRYDENBØ BIL MOLDE AS","AS","47","Reparasjon og vedlikehold av motorvogner","Verftsgata 3","6416","MOLDE","71 25 94 00","www.frydenbo-bil.no","2"
"833379992","FRYDFRISØR AS","AS","29","Frisering og barbering","Nothusmarka 37","6457","BOLSØYA","","","1"
"979713193","FRÆNA SEAFOOD AS","AS","","Engroshandel med fisk, skalldyr og bløtdyr","c/o Romsdal Revisjon AS Frænavegen 16","6415","MOLDE","","","1"
"988341843","FRÆNAVEGEN 107 AS","AS","","Utleie av egen eller leid fast eiendom","Fannestrandvegen 125","6419","MOLDE","71 20 22 00","","1"
"931651447","FRÆNAVEGEN 147 AS","AS","","Utleie av egen eller leid fast eiendom","Jupitervegen 7","6419","MOLDE","","","1"
"927688077","FRØ HOLDING AS","AS","","Oppføring av bygninger","c/o freddy røberg Røbergvegen 19","6475","MIDSUND","","","0"
"997285239","FSV GROUP AS","AS","","Innenriks sjøfart med gods","Øvre veg 24","6415","MOLDE","","www.fsvgroup.no","1"
"821963842","FSV REDERI AS","AS","","Innenriks sjøfart med gods","Øvre veg 24","6415","MOLDE","","","1"
"915429254","FSV SERVICES AS","AS","","Utleie og leasing av sjøtransportmateriell","Øvre veg 24","6415","MOLDE","","www.fsvgroup.no","1"
"916496575","FUGE HOLDING AS","AS","","Andre egeninvesteringsselskaper","c/o Erik Fuglseth Kringsjåvegen 6","6414","MOLDE","","","0"
"921419139","FUGELSNES BOLIG AS","AS","","Oppføring av bygninger","Fannestrandvegen 53","6415","MOLDE","","","1"
"998237556","FUGELSNES BYGG AS","AS","15","Oppføring av bygninger","Fannestrandvegen 53","6415","MOLDE","","","1"
"934365496","FUGLEN AS","AS","","Detaljhandel med kosmetikk og toalettartikler","Lergrovikvegen 8","6419","MOLDE","","","1"
"912857328","FUGLSET HANDEL ANS","ANS","","Utleie av egen eller leid fast eiendom","Lyngvegen 3","6429","MOLDE","","","1"
"989289519","FUGLSET LAVPRIS AS","AS","37","Detaljhandel med bredt vareutvalg med hovedvekt på nærings- og nytelsesmidler","Frænavegen 107","6416","MOLDE","71 19 17 00","","1"
"926086634","FUNCODE AS","AS","","Dataprogrammeringstjenester","Britvegen 4","6410","MOLDE","","funcode.no","0"
"913635019","FURORE ASGER HOFFART","ENK","","Annen undervisning innenfor kultur","Vektergata 11","6413","MOLDE","71 25 28 92","","0"
"925703990","FURSETH FRILUFTSLIV","ENK","","Guide- og reiseledervirksomhet","Peter Solemdals veg 4B","6414","MOLDE","","","0"
"914534275","FUSCADE AS","AS","","Forskning og eksperimentell utvikling innenfor naturvitenskap og teknikk","Bolsøyvegen 3","6415","MOLDE","","","0"
"932559617","FUSION GRILL AS","AS","5","Drift av restauranter","Hamnegata 45","6413","MOLDE","","","1"
"924575336","FUTT OG FART AKTIVITETSHUS SIMONE MARIE JEANNE HENRIETTE DE SOUZA","ENK","","Dagaktivitetstilbud for barn","Parkvegen 36","6413","MOLDE","","","0"
"995426439","FUTURE BENEFITS AS","AS","","Industri-, produkt- og motedesignvirksomhet","Anevegen 3","6410","MOLDE","","","0"
"822917372","FUZZY MOLDE AS","AS","10","Drift av restauranter","Storgata 13","6413","MOLDE","","","1"
"934593030","FYLKESHUSET DRIFT AS (FHD AS)","AS","","Eiendomsforvaltning på oppdrag","Julsundvegen 9","6412","MOLDE","","","1"
"984538553","FYLKESHUSKANTINA AS","AS","","Kantinedrift og annen cateringvirksomhet","Fylkeshuset","6404","MOLDE","71 25 88 84","","1"
"924940743","FYRET AS","AS","","Pr og kommunikasjonstjenester","Refsnesvegen 3","6456","SKÅLA","","","0"
"925261068","FYSIOHJEM TORHUS","ENK","","Fysioterapi- og ergoterapitjenester","Parkvegen 72","6412","MOLDE","","","0"
"934582527","FYSIOTERAPEUT ASTRID BRAKSTAD","ENK","","Fysioterapi- og ergoterapitjenester","Langset Prestegardsvegen 58","6460","EIDSVÅG I ROMSDAL","","","1"
"927630117","FYSIOTERAPEUT GUNNAR SANDNES NAUSTE","ENK","","Fysioterapi- og ergoterapitjenester","Nøisomhedvegen 33A","6419","MOLDE","","","0"
"932017148","FYSIOTERAPEUT HELLE STRØMME VAL","ENK","","Fysioterapi- og ergoterapitjenester","Sollivegen 105","6414","MOLDE","","","1"
"921545665","FYSIOTERAPEUT HÅKON KLERUD JOHANNESSEN","ENK","","Fysioterapi- og ergoterapitjenester","c/o Håkon Klerud Johannessen Johannes Bjordals veg 1A","6410","MOLDE","","","1"
"994145711","FYSIOTERAPEUT INGUNN N GAUPSET","ENK","","Fysioterapi- og ergoterapitjenester","c/o Moldegård Fysioterapi AS Oscar Hanssens veg 9","6415","MOLDE","","","1"
"986697500","FYSIOTERAPEUT JAN HOLEN LOFTESNES","ENK","","Fysioterapi- og ergoterapitjenester","Bjørnstjerne Bjørnsons veg 77","6412","MOLDE","","","1"
"985983062","FYSIOTERAPEUT MARIT BEATE HORSGAARD HOLO","ENK","","Fysioterapi- og ergoterapitjenester","Oscar Hanssens veg 11","6415","MOLDE","71 25 70 70","moldegardfysioterapi.no","1"
"936585337","FYSIOTERAPEUT RAGNHILD HOLM","ENK","","Fysioterapi- og ergoterapitjenester","Trollhola 3B","6457","BOLSØYA","","","1"
"918731970","FYSIOTERAPEUT TUVA NESJE","ENK","","Fysioterapi- og ergoterapitjenester","Fannebakken 24","6423","MOLDE","","","1"
"927876906","FYSIOTERAPEUT VERONICA TANGEN","ENK","","Fysioterapi- og ergoterapitjenester","Tunvegen 42","6475","MIDSUND","","","1"
"975257231","FYSIOTERAPISENTERET MOLDE AS","AS","","Fysioterapi- og ergoterapitjenester","Torget 1","6413","MOLDE","71 25 10 04","","1"
"923540962","FYSIOTRY AS","AS","","Fysioterapi- og ergoterapitjenester","Idrettsvegen 2","6413","MOLDE","","","1"
"922999414","FYSJOTERAPI MARTA PACZUL","ENK","","Fysioterapi- og ergoterapitjenester","Ramsvikvegen 471","6475","MIDSUND","","","1"
"925720968","FÅ ET VAKKERT HJEM AS","AS","7","Oppføring av bygninger","Frænavegen 43A","6415","MOLDE","","","1"
"987113294","G-FORCE ENTERTAINMENT (STRANDEN)","ENK","","Utøvende kunstnerisk virksomhet og underholdningsvirksomhet innenfor musikk","Moldelivegen 40","6413","MOLDE","","","1"
"929329783","G.N. INVEST AS","AS","","Detaljhandel med spill og leker","Øverlandsvegen 27A","6416","MOLDE","","","0"
"914544009","G.ØI. AS","AS","","Utleie av egen eller leid fast eiendom","Åsleet 45","6456","SKÅLA","","","0"
"911671123","GABOR CONSULT","ENK","","Undervisning innenfor idrett og rekreasjon","Brubakken 23","6456","SKÅLA","","","1"
"929980034","GABOR DRONES","ENK","","Fotografvirksomhet","Brubakken 23","6456","SKÅLA","","","0"
"924426276","GABRIELE HOFINGER JÜNGE","ENK","","Annen undervisning ellers","Glomstuvegen 6","6412","MOLDE","","","1"
"994000497","GALISSAS AS","AS","","Uoppgitt","Hatlehaugvegen 8","6414","MOLDE","","","0"
"918319182","GALLEFOSS INVEST AS","AS","","Pr og kommunikasjonstjenester","Cecilienfrydvegen 28","6412","MOLDE","","","1"
"929256204","GALLERI ELIN BJERKESTRAND","ENK","","Detaljhandel med kulturvarer ikke nevnt annet sted","c/o Elin Bjerkestrand Solbakken 45B","6429","MOLDE","","","1"
"816473322","GAMMELSETERLIA 11 AS","AS","","Oppføring av bygninger","Gammelseterlia 11","6422","MOLDE","","","1"
"998578175","GAMMELSETERLIA 20 AS","AS","","Utleie av egen eller leid fast eiendom","Plutovegen 5","6419","MOLDE","71 21 36 00","","1"
"925424307","GAMMELSETERLIA 38 AS","AS","","Utleie av egen eller leid fast eiendom","Idrettsvegen 9","6413","MOLDE","","","1"
"990923817","GAMMELSETERLIA 4 AS","AS","","Utleie av egen eller leid fast eiendom","Eikremsvingen 4","6422","MOLDE","71 11 53 83","","1"
"917922349","GAMMELSETERLIA 5 EIENDOM AS","AS","","Eiendomsforvaltning på oppdrag","Birkelandvegen 83","6423","MOLDE","","","1"
"917926506","GAMMELSETERLIA 5 II AS","AS","","Eiendomsforvaltning på oppdrag","Gammelseterlia 5","6422","MOLDE","","","1"
"914222109","GAMMELSETERLIA 7 AS","AS","","Utleie av egen eller leid fast eiendom","Grandfjæra 22C","6415","MOLDE","","","1"
"991887334","GAMMELSETERLIA EIENDOM AS","AS","","Utleie av egen eller leid fast eiendom","Grandfjæra 22C","6415","MOLDE","71 20 31 00","","1"
"933591077","GAMMELSÆTER DATA","ENK","","Dataprogrammeringstjenester","Sørteigen 4","6416","MOLDE","","www.gdata.no","1"
"920681506","GARDIEN SPORTS","ENK","","Formidlingstjenester tilknyttet detaljhandel med spesialisert vareutvalg","Frænavegen 35D","6415","MOLDE","","","0"
"915096379","GARAAS KIROPRAKTIKK OG HELSE AS","AS","","Aktiviteter innenfor tradisjonell, komplementær og alternativ medisin","Inngang 2 Julsundvegen 14","6412","MOLDE","91 90 40 51","www.arenamolde.no","1"
"933349705","GAUSETVIK COACHING","ENK","","Annen undervisning ellers","Myrabakken 10","6413","MOLDE","","","1"
"914738423","GAUTVIK CONSULTING","ENK","","Annen teknisk konsulentvirksomhet","Ingrids veg 15","6429","MOLDE","","","1"
"921049692","GAUTVIK EIENDOM MOLDE AS","AS","","Utleie av egen eller leid fast eiendom","Ingrids veg 15","6429","MOLDE","","","1"
"932455617","GBH HAUGEN","ENK","","Fotografvirksomhet","Grandvegen 7","6415","MOLDE","","","1"
"989274163","GEBEKO HOLDING AS","AS","","Logistikktjenester","Kringstadvegen 1B","6411","MOLDE","71 25 06 30","","1"
"989131885","GEBEO AS","AS","","Andre egeninvesteringsselskaper","Grandfjæra 20","6415","MOLDE","","","0"
"989246607","GEHITO AS","AS","","Andre egeninvesteringsselskaper","Naustbakken 4B","6416","MOLDE","","","0"
"928075907","GEIR HEGGDAL","ENK","","Utøvende kunstnerisk virksomhet og underholdningsvirksomhet innenfor musikk","Meteorvegen 5","6419","MOLDE","","","1"
"936336647","GEIR KRISTIAN FOLDE","ENK","","Oppføring av bygninger","Ravnebakken 42","6425","MOLDE","71 48 15 83","","1"
"982916305","GEIR MAGNE REITAN","ENK","","Oppdrett av annet storfe til kjøttproduksjon og sædproduksjon","Hornevegen 95","6470","ERESFJORD","","","1"
"937715048","GEIR MÆLE HOLDING AS","AS","","Uoppgitt","Prestegardsvegen 209","6460","EIDSVÅG I ROMSDAL","","","1"
"923007806","GEIR SOLEMDAL","ENK","","Andre personlige tjenester ikke nevnt annet sted","Måltrostvegen 17","6425","MOLDE","","","0"
"947540912","GEIR ØYE A/S","AS","","Utleie av egen eller leid fast eiendom","Nesjevegen 56","6456","SKÅLA","71 24 27 62","","1"
"932056402","GEITUNG AS","AS","","Annen teknisk konsulentvirksomhet","Storgata 9","6413","MOLDE","","","1"
"830053662","GENTLE AS","AS","","Skapende kunstnerisk virksomhet innenfor visuell kunst","Myrabakken 10","6413","MOLDE","","","0"
"919639946","GEORG KVALSVIK","ENK","","Produksjon av film, video og fjernsynsprogrammer","Anevegen 6","6410","MOLDE","","","1"
"999068685","GEORGINA PR ALEXANDER","ENK","","Andre tjenester tilknyttet kunstnerisk virksomhet og underholdningsvirksomhet","Bjørnstjerne Bjørnsons veg 82","6412","MOLDE","","","0"
"989975862","GH - BOLIG AS","AS","31","Utvikling og salg av byggeprosjekter","Glomstuvegen 4B","6412","MOLDE","","","1"
"996962628","GH GRUPPEN AS","AS","","Utvikling og salg av byggeprosjekter","Glomstuvegen 4B","6412","MOLDE","","","0"
"917495718","GH MASKIN AS","AS","6","Utleie av egen eller leid fast eiendom","Glomstuvegen 4B","6412","MOLDE","","","1"
"915538258","GH-EIENDOM AS","AS","","Utleie av egen eller leid fast eiendom","Glomstuvegen 4B","6412","MOLDE","","","1"
"896883682","GILDEBU AS","AS","","Utleie av egen eller leid fast eiendom","c/o Harald Harstad Peter Solemdals veg 8","6414","MOLDE","","","0"
"923651934","GISKEGATA 46 AS","AS","","Utleie av egen eller leid fast eiendom","c/o Espen Hamre Årølivegen 7","6421","MOLDE","","","1"
"918351310","GITARIST HALLGEIR SOLLI","ENK","","Utøvende kunstnerisk virksomhet og underholdningsvirksomhet innenfor musikk","Astrupvegen 7","6419","MOLDE","","","1"
"913829581","GITTE EIDSLOTT","ENK","","Skapende kunstnerisk virksomhet innenfor visuell kunst","Kreklingbakken 25","6429","MOLDE","","www.gitteeidslott.net","0"
"934100700","GIUSEPPE AS","AS","","Uoppgitt","Sollivegen 101A","6414","MOLDE","","","1"
"932152940","GJELSVIK AUTOMATSERVICE","ENK","","Kombinerte tjenester tilknyttet eiendomsdrift","Amtmann Krohgs gate 4","6413","MOLDE","","","1"
"988921513","GJELSVIK HOLDING AS","AS","","Andre egeninvesteringsselskaper","Jordbærvegen 14","6421","MOLDE","","","0"
"933675599","GJENDEM","ENK","","Utgivelse av bøker","Skrenten 8I","6411","MOLDE","","","1"
"922636885","GJENDEM MASKIN","ENK","","Grunnarbeid","c/o Paul Ove Brokstad Gjendem Grønnesvegen 329","6456","SKÅLA","","","1"
"932346370","GJERDE BUSSREISER","ENK","7","Utleie og leasing av biler og andre lette motorvogner","Solbakken 31","6429","MOLDE","","","1"
"927226847","GJERDE IBIDEM","ENK","","Undervisning innenfor idrett og rekreasjon","Øverlandsvegen 25D","6416","MOLDE","","","1"
"923212906","GJERDEBUA AS","AS","","Utleie av egen eller leid fast eiendom","Sjøvikvegen 6","6475","MIDSUND","","","1"
"987609788","GJERDES AUTOSENTER BOLSØNES AS","AS","","Detaljhandel med drivstoff til motorvogner","Birkelandvegen 53","6423","MOLDE","71257815","","1"
"935415454","GJERMUNDNES EVENT","ENK","","Utøvende kunstnerisk virksomhet og underholdningsvirksomhet innenfor musikk","Dragarøra 3","6457","BOLSØYA","","","1"
"941488056","GJERSTAD AS","AS","","Andre egeninvesteringsselskaper","Dragetvegen 125","6457","BOLSØYA","","","0"
"985799016","GJERTRUD HALS","ENK","","Skapende kunstnerisk virksomhet innenfor visuell kunst","Kringstadstien 12A","6411","MOLDE","67 53 18 82","www.gjertrud-hals.no","1"
"931170759","GJESTESTOVA AS","AS","","Utleie av egen eller leid fast eiendom","Fløtmannsgata 2","6413","MOLDE","","","1"
"988972614","GJL INVEST AS","AS","","Andre egeninvesteringsselskaper","Kringstadvegen 20","6411","MOLDE","","","0"
"922647119","GJØSUND NATUROPPSYN","ENK","","Jakt, fangst, viltstell og tilknyttede tjenester","c/o Frode Gjøsund Langmyrvegen 17B","6413","MOLDE","","","0"
"831639202","GJØSUND VEDLIKEHOLD","ENK","","Kombinerte tjenester tilknyttet eiendomsdrift","Øverbygda 135","6450","HJELSET","","","0"
"931542486","GKL EIENDOM AS","AS","","Utleie av egen eller leid fast eiendom","c/o Jan Emil Gjøen Husbyvegen 19","6470","ERESFJORD","","","0"
"976463382","GKV MUSIKKPRODUKSJON GEIR K VÅGENES","ENK","","Utøvende kunstnerisk virksomhet og underholdningsvirksomhet innenfor musikk","Trollhola 11","6457","BOLSØYA","71 24 43 76","","1"
"923492755","GLADE HUNDER TONE MORK","ENK","","Andre personlige tjenester ikke nevnt annet sted","Nyjordsvegen 14","6453","KLEIVE","","","0"
"956617146","GLAMOUR INTERNATIONAL GRUPPEN ANS","ANS","","","Øvre veg 19","6413","MOLDE","","","0"
"915003893","GLASS RESTAURANT AS","AS","32","Drift av restauranter","Torget 1","6413","MOLDE","","","1"
"936294006","GLOMSTUVEGEN 22 HOLDING AS","AS","","Utleie av egen eller leid fast eiendom","Storgata 11","6413","MOLDE","","","1"
"918929363","GLOPPEN HOTELL EIGEDOM AS","AS","","Utleie av egen eller leid fast eiendom","Fannestrandvegen 125","6419","MOLDE","","","1"
"990384215","GLP AS","AS","","Utleie av egen eller leid fast eiendom","Hamnegata 35","6413","MOLDE","71 25 77 55","","1"
"969995026","GM TAKST TAKSTINGENIØR/BYGGMESTER GUNNAR MYRLAND","ENK","","All annen faglig, vitenskapelig og teknisk virksomhet ikke nevnt annet sted","Bjørnstjerne Bjørnsons veg 75","6412","MOLDE","71 21 80 77","","1"
"931322613","GO SANDNES","ENK","","Dyrking av ettårige vekster ellers","Vistdalsvegen 716","6364","VISTDAL","","","1"
"987536268","GOD ØKONOMI AS","AS","","Bedriftsrådgivning og annen administrativ rådgivning","Trastalia 10","6412","MOLDE","","","1"
"926187465","GODE KAPITAL AS","AS","","Detaljhandel med drivstoff til motorvogner","Raknesvegen 140","6475","MIDSUND","","","0"
"996030202","GODEHUS Hallvard Flovik Nesje","ENK","","Annen teknisk konsulentvirksomhet","Åsleet 5","6456","SKÅLA","71 24 06 47","","0"
"937134630","GODS OG GULL HOLDING AS","AS","","Uoppgitt","Sørteigen 4","6416","MOLDE","","","1"
"921388608","GODØ EIENDOM AS","AS","","Utleie av egen eller leid fast eiendom","Bakkevegen 16","6475","MIDSUND","","","0"
"969130602","GODØ LAURITS","ENK","","Melkeproduksjon på storfe og oppdrett av melkekyr","Midøyvegen 792","6475","MIDSUND","","","0"
"921512767","GOGGEN INVEST AS","AS","","Utvikling og salg av byggeprosjekter","Ranesvegen 26","6456","SKÅLA","","","1"
"889100842","GOLDFINGER INDUSTRIES AS","AS","","Detaljhandel med ur, klokker og smykker","Øivinds veg 2B","6429","MOLDE","","","0"
"912381595","GOLFTOTO BREVIK","ENK","","Aktiviteter utført av utflukts- og eventarrangører","Strandgata 25","6415","MOLDE","","www.golftoto.no","0"
"965442413","GRAFIA AS","AS","","Grafisk design og visuell kommunikasjonsdesign","Siriusvegen 11","6419","MOLDE","71 20 29 30","","1"
"988895334","GRAFIA DESIGN AS","AS","","Uoppgitt","c/o Svein Strandkleiv Siriusvegen 11","6419","MOLDE","71 20 29 30","www.grafia.no","1"
"933513882","GRAFISK DESIGNER JENNY MELSÆTER","ENK","","Grafisk design og visuell kommunikasjonsdesign","Nøisomhedvegen 19A","6419","MOLDE","","","1"
"981843487","GRAM JESPER","ENK","","Allmennlegetjenester","","6475","MIDSUND","","","0"
"892127212","GRAND FIÆRE UTVIKLING AS","AS","","Utleie av egen eller leid fast eiendom","Grandfjæra 28","6415","MOLDE","71 25 94 10","","1"
"932185504","GRAND HOTELL ÅNDALSNES AS","AS","","Utleie av egen eller leid fast eiendom","Fannestrandvegen 125","6419","MOLDE","71 22 75 00","","1"
"995152061","GRANDFJÆRA EIENDOM AS","AS","","Utleie av egen eller leid fast eiendom","Grandfjæra 22C","6415","MOLDE","","","1"
"916017367","GRANLI SKOG OG UTMARK","ENK","","Saging og høvling av tre","Vikdalsvegen 99","6456","SKÅLA","","","1"
"925541273","GRASSE INVEST AS","AS","","Bedriftsrådgivning og annen administrativ rådgivning","Gideonvegen 18","6412","MOLDE","","","0"
"920510906","GRAVSTEINGROSSISTEN.NO AS","AS","","Hogging og bearbeiding av monument- og bygningsstein","Fannefjordsvegen 1150","6450","HJELSET","","","1"
"969262932","GRENDSEN SIGMUND INGE","ENK","","Avvirkning","Fannefjordsvegen 711","6421","MOLDE","","","1"
"969394758","GRINAKER RANDI SKOGBRUK","ENK","","Avvirkning","Strandgata 32","6415","MOLDE","","","0"
"918056394","GROVEN CAR SPA AS","AS","","Reparasjon og vedlikehold av motorvogner","Årøsetervegen 27","6422","MOLDE","","","1"
"915133479","GROWLAB OSLO AS","AS","","Grafisk design og visuell kommunikasjonsdesign","Øvre veg 11","6413","MOLDE","","www.growlab.no","1"
"981791886","GRUBBA RITA HELEN","ENK","","Ortopedi- og fotterapitjenester","Storgata 54","6413","MOLDE","71 21 50 43","","1"
"998044820","GRY FUGLSET","ENK","","Skapende kunstnerisk virksomhet innenfor litteratur","Fanneenga 7A","6423","MOLDE","","","1"
"998803292","GRY LAUVRAK","ENK","","Detaljhandel med bredt vareutvalg ellers","Elvaskaret 8B","6416","MOLDE","71 25 50 20","","0"
"919536624","GRY NORDEIDE GRØNLI","ENK","","Allmennlegetjenester","Kvilarvegen 51","6421","MOLDE","","","0"
"996414965","GRÜNDERSPORS AS","AS","","All annen faglig, vitenskapelig og teknisk virksomhet ikke nevnt annet sted","Hamnegata 35","6413","MOLDE","","","1"
"999235573","GRØNNINGSÆTER VEILEDNINGSTJENESTE","ENK","","Undervisning innenfor idrett og rekreasjon","Bastian Widths gate 14","6415","MOLDE","","","1"
"835860442","GRØTTA PERFORMANCE","ENK","","Sportsaktiviteter ikke nevnt annet sted","Einar O. Bergs veg 4","6423","MOLDE","","","1"
"992149868","GSL15 AS","AS","","Utleie av egen eller leid fast eiendom","Retirovegen 5","6416","MOLDE","","","1"
"922349118","GSS HOLDING AS","AS","","Uoppgitt","Innlegvegen 6","6450","HJELSET","","","0"
"932550113","GUABAO AS","AS","","Uspesifisert engroshandel","c/o Daniel Douglas Paul Nakkvegen 24","6455","KORTGARDEN","","","0"
"927415275","GUI LIN RESTAURANT AS","AS","","Drift av restauranter","Strandgata 10A","6415","MOLDE","","","1"
"921458266","GUL STØVSUGER IWONA GRAZYNA SKWIOT","ENK","","Rengjøring av bygninger","Sollivegen 101A","6414","MOLDE","","","1"
"989824473","GULL-KROKEN ANS","ANS","","Detaljhandel med ur, klokker og smykker","Grandfjæra 26","6415","MOLDE","","","1"
"926186418","GULLA INVEST AS","AS","","Uoppgitt","Bolsøyvegen 17","6415","MOLDE","","","0"
"976148509","GULLSMED BENEDICTE BJERKVIK","ENK","","Produksjon av smykker og lignende artikler","Karenvegen 12","6410","MOLDE","71 21 85 15","","0"
"989603760","GULLSMED Erling Aasen","ENK","","Produksjon av smykker og lignende artikler","Brattlivegen 2","6412","MOLDE","","","1"
"951768316","GULLSMED SVEIN STRANDE AS","AS","","Detaljhandel med ur, klokker og smykker","Storgata 27","6413","MOLDE","","","1"
"987292679","GUNHILD HERVIK","ENK","","Fysioterapi- og ergoterapitjenester","Oscar Hanssens veg 9","6415","MOLDE","92 97 69 05","","1"
"929352890","GUNN-HEGE TØNDEL","ENK","","Formidlingstjenester tilknyttet detaljhandel med spesialisert vareutvalg","Røravegen 5","6450","HJELSET","","","1"
"916079133","GUNNAR BECH MUSIC","ENK","","Utøvende kunstnerisk virksomhet og underholdningsvirksomhet innenfor musikk","Årøråket 10","6421","MOLDE","","","0"
"982206863","GUNNAR NILSEN","ENK","","Spesialiserte legetjenester, unntatt psykiatriske legetjenester","Langfjordvegen 675","6456","SKÅLA","71 24 05 92","","1"
"929856686","GUNNAR ØVERÅS","ENK","","Annen teknisk konsulentvirksomhet","Øvervegen 59","6460","EIDSVÅG I ROMSDAL","","","0"
"937870582","GUNNERØD DRIFTSHJELP","ENK","","Melkeproduksjon på storfe og oppdrett av melkekyr","Langholvegen 16","6453","KLEIVE","","","0"
"813077582","GURO VIK","ENK","","Allmennlegetjenester","Peter Solemdals veg 8","6414","MOLDE","","","1"
"934408012","GURSKEVIK HOLDING AS","AS","","Uoppgitt","Bjørnstjerne Bjørnsons veg 99","6410","MOLDE","","","1"
"932925370","GUSSIÅS BYGGETEKNISKE","ENK","","Byggeteknisk konsulentvirksomhet","Gamle Gussiåsvegen 183","6453","KLEIVE","","","1"
"932702673","GUSSIÅS ENTERTAINMENT","ENK","","Utøvende kunstnerisk virksomhet og underholdningsvirksomhet innenfor musikk","Bjørnstjerne Bjørnsons veg 4","6412","MOLDE","","","0"
"930796484","GUSSIÅS FOTO","ENK","","Fotografvirksomhet","Høglivegen 21F","6450","HJELSET","","","1"
"970361758","GUSSIÅS KNUT IVAR","ENK","","Annen spesialisert bygge- og anleggsvirksomhet ikke nevnt annet sted","Stor-Gussiåsvegen 153","6453","KLEIVE","","","1"
"969846470","GUSSIÅS ODD","ENK","","Avvirkning","Skjørlia Gamle Gussiåsvegen 32","6453","KLEIVE","","","0"
"928996255","GUSSIÅS SNEKERIER","ENK","","Produksjon av andre trevarer og varer av kork, strå og flettematerialer","Gamle Gussiåsvegen 297","6453","KLEIVE","","","0"
"969425823","GUSSIÅS TORSTEIN","ENK","","Oppdrett av annet storfe til kjøttproduksjon og sædproduksjon","Gamle Gussiåsvegen 323","6453","KLEIVE","71 23 56 24","","1"
"937342594","GUSSIÅS XTRASERVICE","ENK","","Godstransport på vei","Røvikhagen 43","6456","SKÅLA","","","1"
"923063811","GUTTORM ELDØEN","ENK","","Allmennlegetjenester","Lillevikvegen 17","6412","MOLDE","","","0"
"936438547","GYNEKOLOG ANE ARRUTI MUNOA","ENK","","Spesialiserte legetjenester, unntatt psykiatriske legetjenester","Henrik Ibsens veg 10","6413","MOLDE","","","1"
"992299339","GYRA EIENDOM AS","AS","","Utleie av egen eller leid fast eiendom","Årøsetervegen 30","6422","MOLDE","","","1"
"936429742","GØRIL VIKØR QUIZ OG KURIOSA","ENK","","Annen utøvende kunstnerisk virksomhet og underholdningsvirksomhet ikke nevnt annet sted","Boråsvegen 21","6415","MOLDE","","","1"
"997245237","GÅSEID UTVIKLING AS","AS","","Uoppgitt","Grandfjæra 28","6415","MOLDE","","","1"
"914395860","H HEGGDAL AS","AS","","Detaljhandel med motorvogner","c/o Kolbjørn Heggdal Innsidevegen 1386","6475","MIDSUND","","","0"
"976717317","H HUSTAD EIENDOM AS","AS","","Utleie av egen eller leid fast eiendom","c/o Rigmor Hustad Leilighet H0202 Vektergata 11","6413","MOLDE","","","1"
"927886634","H P EKREN","ENK","","Reparasjon og vedlikehold av motorvogner","Naustbakken 8","6416","MOLDE","","","0"
"913467183","H R MASKIN DA","DA","","Tjenester tilknyttet planteproduksjon","Rakvåg","6475","MIDSUND","","","1"
"929045432","H-S HOLDING AS","AS","","Uoppgitt","Tyttebærsvingen 29A","6429","MOLDE","","","1"
"931073710","H. HÅNES HOLDING AS","AS","","Detaljhandel med medisinske og ortopediske artikler","Ravnebakken 35","6425","MOLDE","","","0"
"823998112","H. KROHN HOLDING AS","AS","","Uoppgitt","c/o Fannestrandvegen 53 AS Fannestrandvegen 53","6415","MOLDE","","","0"
"980174034","H. NAKKEN TRANSPORT","ENK","","Godstransport på vei","Almlivegen 17","6453","KLEIVE","48 04 67 08","","0"
"836574192","H.A.ART HANNE LENNING","ENK","","Detaljhandel med kulturvarer ikke nevnt annet sted","Einar O. Bergs veg 21","6423","MOLDE","","","1"
"934503031","H.BUGGE HOLDING AS","AS","","Uoppgitt","Nedre Liedgardsveg 2","6460","EIDSVÅG I ROMSDAL","","","1"
"917550093","H.O. SØBSTAD AS","AS","","Utleie av egen eller leid fast eiendom","Glomstuvegen 4B","6412","MOLDE","","","1"
"934047745","HAB AS","AS","","Utleie av egen eller leid fast eiendom","Birkelandvegen 82","6423","MOLDE","","","1"
"833845012","HABESHA FRISØR MAHARI","ENK","","Frisering og barbering","Sollivegen 101A","6414","MOLDE","","","1"
"924695714","HABIBI AS","AS","","Detaljhandel med bredt vareutvalg med hovedvekt på nærings- og nytelsesmidler","Vektergata 1","6413","MOLDE","","","1"
"992847344","HAGA ØKONOMI AS","AS","","Uoppgitt","Hagaplassen 24","6422","MOLDE","","","1"
"936295959","HAGAFJØRA AS","AS","","Utleie av egen eller leid fast eiendom","Baklivegen 27","6450","HJELSET","","","1"
"938032157","HAGEHEI EXPLORE","ENK","","","Frænavegen 55B","6415","MOLDE","","","0"
"932438852","HAGEN EQUESTRIAN","ENK","","Undervisning innenfor idrett og rekreasjon","Frænavegen 61A","6415","MOLDE","","","1"
"970561242","HAGEN IVER","ENK","","Melkeproduksjon på storfe og oppdrett av melkekyr","Hagavegen 57","6450","HJELSET","","","1"
"980343960","HAGEN OVE ANDREAS","ENK","","Allmennlegetjenester","Tanners veg 10","6412","MOLDE","71 25 60 55","","0"
"926360906","HAGEN SVEIS OG REP.","ENK","","Bearbeiding av metaller","c/o Frank Johny Hagen Grønnesvegen 825","6456","SKÅLA","","","0"
"994837540","HAGEPLEIE.NO AS","AS","5","Beplantning av hager og parkanlegg","Lunheimvegen 10","6416","MOLDE","","hagepleie.no","1"
"929062566","HAGSETH HUSFLID","ENK","","Produksjon av yttertøy","Røbergvegen 19","6475","MIDSUND","","","0"
"820416392","HAHN INDUSTRIES AS","AS","","Andre egeninvesteringsselskaper","Aukravegen 31","6414","MOLDE","","","0"
"937566069","HALJEN HOLDING AS","AS","","Uoppgitt","Dyrhaugbakken 8","6420","MOLDE","","","1"
"984022271","HALLE SKOG OG EIENDOM AS","AS","","Tjenester tilknyttet skogbruk","Geitnesvegen 18","6456","SKÅLA","71 24 05 18","","1"
"971035528","HALLGEIR TALSTAD","ENK","","Oppføring av bygninger","Østre Mellomveg 11B","6416","MOLDE","71 21 05 88","","1"
"912106608","HALLVOR ASPHOL DAGLIGVARE AS","AS","8","Detaljhandel med bredt vareutvalg med hovedvekt på nærings- og nytelsesmidler","","6453","KLEIVE","71 24 21 00","","1"
"936742653","HALSTENSENS EIENDOMSSELSKAP AS","AS","","Utleie av egen eller leid fast eiendom","c/o Anne Lie Torget 2","6413","MOLDE","","","0"
"921847130","HALVARD RAKNES","ENK","","Utøvende kunstnerisk virksomhet og underholdningsvirksomhet innenfor musikk","Fjellskaret 30","6416","MOLDE","","","0"
"954716805","HALVOR AARSET","ENK","","Grunnarbeid","Langfjordvegen 538","6456","SKÅLA","","","1"
"995855992","HALÅS SELLEVOLL PROFIL DA","DA","","Skapende kunstnerisk virksomhet innenfor visuell kunst","Dragetvegen 160","6457","BOLSØYA","","","1"
"912830357","HAM RENHOLD AS","AS","","Rengjøring av bygninger","Museumsvegen 2","6413","MOLDE","","","1"
"935362016","HAMMARBACH HOLDING AS","AS","","Uoppgitt","Sollivegen 1","6414","MOLDE","","","1"
"994004255","HAMMERVOLDBYGGET AS","AS","","Utleie av egen eller leid fast eiendom","Grandfjæra 22C","6415","MOLDE","","","1"
"989253174","HAMMERØ BYGG AS","AS","5","Oppføring av bygninger","Mekvorpvegen 15","6411","MOLDE","71 25 12 96","","1"
"832371882","HAMMERØ SYKEPLEIE","ENK","","Andre helsetjenester ellers","Lars Nøsens veg 2B","6415","MOLDE","","","1"
"831651652","HAMMERØFISK AS","AS","","Fiske og fangst i sjø","Storgata 11","6413","MOLDE","","","1"
"899207572","HAMNA MASKIN HALLSTEIN SOLVANG","ENK","","Grunnarbeid","Huskrullvegen 6","6475","MIDSUND","","","1"
"981897153","HAMNEGATA 37 AS","AS","","Utleie av egen eller leid fast eiendom","Hamnegata 35","6413","MOLDE","","","1"
"935409616","HAMNEGATA 41 AS","AS","","Regnskapsføring og bokføring","Julsundvegen 14","6412","MOLDE","71 20 64 11","","1"
"923030964","HAMNEGATA 47 AS","AS","","Eiendomsforvaltning på oppdrag","Hamnegata 35","6413","MOLDE","","","1"
"924188987","HAMNEGATA 49 AS","AS","","Utleie av egen eller leid fast eiendom","Hamnegata 35","6413","MOLDE","","","1"
"916701845","HAMRE COACHING","ENK","","Undervisning innenfor idrett og rekreasjon","Årølivegen 7","6421","MOLDE","","","0"
"988957984","HANA HOLDING AS","AS","","Andre egeninvesteringsselskaper","Osavegen 13","5704","VOSS","","","0"
"989009141","HANDELSHUSET ANGVIK AS","AS","","Drift av hoteller","Nøisomhed","6405","MOLDE","71 20 22 00","","0"
"994074695","HANDYMAN SVEIN JØRGEN DAHLE","ENK","","Grunnarbeid","Røvikhagen 25","6456","SKÅLA","71 24 09 96","","1"
"813939592","HANNE FLEISCHER PRODUCTION","ENK","","Annen utøvende kunstnerisk virksomhet og underholdningsvirksomhet ikke nevnt annet sted","Frænavegen 36","6415","MOLDE","","","1"
"929828313","HANNE ULLA","ENK","","Skapende kunstnerisk virksomhet innenfor visuell kunst","Kvam terrasse 5C","6411","MOLDE","","www.hanneulla.com","1"
"925965340","HANNE ØVERLAND EIK","ENK","","Skapende kunstnerisk virksomhet innenfor litteratur","Håkon Herdebreis veg 752","6418","SEKKEN","","","0"
"919189606","HANS ERIK OPPIGARD","ENK","","Dyrking av ettårige vekster ellers","Oppigard Eikesdalsvegen 2230","6472","EIKESDAL","","","1"
"919756721","HANS IVERSEN","ENK","","Utøvende kunstnerisk virksomhet og underholdningsvirksomhet innenfor musikk","Hans Iversen Bjørnstjerne Bjørnsons veg 105","6410","MOLDE","","","0"
"982907446","HANS PETER MØLLER","ENK","","Psykolog- og psykoterapitjenester, unntatt legetjenester innenfor psykiatri","Moldegård Fannestrandvegen 44","6415","MOLDE","71256694","","1"
"951432687","HANS PETER VÅGSETHER","ENK","","Oppføring av bygninger","Hamnavikvegen 5","6456","SKÅLA","71 24 08 60","","1"
"979601077","HANS-OLAV SOLLI","ENK","","Utøvende kunstnerisk virksomhet og underholdningsvirksomhet innenfor musikk","Dragetvegen 52","6457","BOLSØYA","71 25 44 07","www.solli.nu","1"
"960672283","HANSEN AGENTURER Bjørn Even Hansen","ENK","","Formidlingstjenester tilknyttet detaljhandel med bredt vareutvalg","Øverlandsvegen 31","6416","MOLDE","","","1"
"926681982","HANSEN KULDE AS","AS","","Kuldeanlegg-, varmepumpearbeid og installasjon av peiser","Fannefjordsvegen 740","6421","MOLDE","","","1"
"935216974","HANSEN SOLUTIONS","ENK","","Dataprogrammeringstjenester","Britvegen 21","6411","MOLDE","","","1"
"934108809","HANSENS SMYKKER","ENK","","Produksjon av bijouteri og lignende artikler","Fannefjordsvegen 883","6450","HJELSET","","","1"
"924451424","HANSET","ENK","","Utleie og leasing av sjøtransportmateriell","Langevegen 258","6364","VISTDAL","","","0"
"989057588","HANSET HOLDING AS","AS","","Andre egeninvesteringsselskaper","","6364","VISTDAL","","","0"
"938621853","HANSET SAND AS","AS","8","Utvinning fra grus- og sandtak, og utvinning av leire og kaolin","Vistdalsvegen 1159","6364","VISTDAL","71 23 51 09","","1"
"969401401","HANSET SAU V/ ANTON EVEN LØNSETH","ENK","","Sauehold","Langevegen 256","6364","VISTDAL","","","1"
"969424371","HARALD HATLEN","ENK","","Melkeproduksjon på storfe og oppdrett av melkekyr","Hatlen Hatlabakken 6","6453","KLEIVE","","","1"
"965413421","HARALD HUSTAD & CO AS","AS","35","Reparasjon og vedlikehold av motorvogner","Hendenvegen 2","6423","MOLDE","71 20 66 50","","1"
"971367067","HARALD JANBU","ENK","","Spesialiserte legetjenester, unntatt psykiatriske legetjenester","Hamnegata 39","6413","MOLDE","71 21 81 50","","0"
"952595598","HARALD MYKLEBOSTAD","ENK","","Godstransport på vei","Øvregardsvegen 7","6364","VISTDAL","","","1"
"969156598","HARALD NORDHAUG","ENK","","Fiske og fangst i sjø","Steinhoggarvegen 8","6457","BOLSØYA","","","1"
"894423072","HARNES PUBLIS","ENK","","Skapende kunstnerisk virksomhet innenfor litteratur","Ranesvegen 34","6456","SKÅLA","","www.harnespublis.no","0"
"936288189","HARNISCH UNLIMITED","ENK","","Andre personlige tjenester ikke nevnt annet sted","Torhusvegen 96","6470","ERESFJORD","","","1"
"969632454","HARRY GAUTVIK","ENK","","Oppføring av bygninger","Skytarberget 22","6421","MOLDE","71 29 58 01","","1"
"970361421","HARSTAD MARIANNE VETERINÆR","ENK","","Veterinærtjenester","Årømyran 59","6421","MOLDE","","","1"
"928094022","HASAN HURTIGMAT AV HASAN DIRANI","ENK","","Catering for arrangementer","Vektergata 10","6413","MOLDE","","","0"
"927518244","HASHI TAXI","ENK","","Passasjertransport på forespørsel utført av fører med kjøretøy","Skolevegen 4","6410","MOLDE","","","0"
"930260827","HASSELØ ETTERSØK","ENK","","Jakt, fangst, viltstell og tilknyttede tjenester","Frydenberg 5","6450","HJELSET","","","0"
"928563847","HAST TAK OG FASADEVASK AS","AS","5","Utvendig rengjøring av bygninger og industriell rengjøring","Storgata 9","6413","MOLDE","","","1"
"920408362","HATLE BYGG","ENK","","Oppføring av bygninger","Prestegardsskogen 7","6420","MOLDE","","","1"
"818927002","HAUENSCHILD MUSIKK","ENK","","Utøvende kunstnerisk virksomhet og underholdningsvirksomhet innenfor musikk","Mikkelivegen 17","6429","MOLDE","","","0"
"937458738","HAUGE SANDBLÅST","ENK","","Andre post- og budtjenester","Fannestrandvegen 134","6419","MOLDE","","","1"
"986230149","HAUGEN & REITAN AS","AS","6","Grunnarbeid","Årøsetervegen 30","6422","MOLDE","","","1"
"918474757","HAUGEN LYDTEKNIKK","ENK","","Produksjon og utgivelse av musikk- og lydopptak","Sollivegen 17","6414","MOLDE","","","1"
"922604487","HAUGEN PSR","ENK","","Engroshandel med andre husholdningsvarer","Årøsetervegen 27","6422","MOLDE","","","1"
"936555152","HAUGEN TEKNISKE","ENK","","Annen teknisk konsulentvirksomhet","Gjerdhaugvegen 23","6425","MOLDE","","","1"
"995323842","HAUGNESET GÅRD WATN OG PÅLSRUD","ENK","","Dyrking av grønnsaker, meloner, rot- og knollvekster","Osvegen 480","6453","KLEIVE","","www.madshpalsrud.com","1"
"936787037","HAUGSTAD MONTERING","ENK","","Annen spesialisert bygge- og anleggsvirksomhet ikke nevnt annet sted","Kvernhuslia 8","6456","SKÅLA","","","1"
"931617885","HAUGSTAD SERVICE","ENK","","Reparasjon og vedlikehold av motorvogner","Kvernhuslia 8","6456","SKÅLA","","","1"
"927218399","HAUKARHEIA AS","AS","","Uoppgitt","Fuglsetbakken 24","6416","MOLDE","","","0"
"936891284","HAUKEBØ AUTO","ENK","","Reparasjon og vedlikehold av motorvogner","Bastian Dahls veg 12","6415","MOLDE","","","1"
"974453363","HAUKEBØ BLOMSTER AS","AS","","Detaljhandel med blomster, planter, gjødsel og plantevernmidler","Storgata 12-14","6413","MOLDE","71 25 11 58","","1"
"970057234","HAUKEBØ BLOMSTER Ingunn Haukebø Eikrem","ENK","","Utleie av egen eller leid fast eiendom","Storgata 13","6413","MOLDE","","","1"
"923889612","HAUKEBØ HAGESENTER AS","AS","16","Dyrking av ettårige vekster ellers","Kringstadvegen 40","6411","MOLDE","71 25 24 15","www.haukebo.no","1"
"920648223","HAUKEBØ SPORT","ENK","","Undervisning innenfor idrett og rekreasjon","Bastian Dahls veg 12","6415","MOLDE","","","0"
"988935069","HAUKEN AS","AS","","Bedriftsrådgivning og annen administrativ rådgivning","Synnøves veg 14","6429","MOLDE","","","1"
"997641450","HAUKÅS PANORAMA AS","AS","","Uoppgitt","Strandgata 5","6415","MOLDE","71 25 93 00","www.mobo.no","0"
"915886973","HAUSAGER BIL OG BILPLEIE","ENK","","Reparasjon og vedlikehold av motorvogner","Baklivegen 1","6450","HJELSET","","Bilogbilpleie1.com","0"
"926327925","HAUSÅA EIENDOM AS","AS","","Kjøp og salg av egen fast eiendom","Nøisomhedvegen 57","6419","MOLDE","","","1"
"983059384","HAVES AGENTURER Hans Vestneshagen","ENK","","Agenturhandel med spesialisert vareutvalg ellers","Amtmann Leths gate 12B","6413","MOLDE","71 25 36 97","","1"
"923371087","HAVILA BIOGASS NESSET AS","AS","","Produksjon av gass","Raudsandvegen 100","6460","EIDSVÅG I ROMSDAL","","","1"
"929184998","HAVN AS","AS","","Andre tjenester tilknyttet sjøtransport","Hamnegata 8","6413","MOLDE","","","0"
"935946727","HAVNEN VEDLIKEHOLD","ENK","","Snekkerarbeid","Bregnelia 19","6429","MOLDE","","","1"
"977343623","HAVSNURP AS","AS","","Fiske og fangst i sjø","Sjøslettevegen 65","6475","MIDSUND","","","1"
"992078944","HAVSTUENE DRIFT HOLDING AS","AS","","Drift av hoteller","Fannestrandvegen 125","6419","MOLDE","71 20 22 00","","0"
"936736440","HAVTO AS","AS","","Fiske og fangst i sjø","Ramsvikvegen 372","6475","MIDSUND","","","1"
"971654570","HD SOLSKJERMING AS","AS","379","Produksjon av tekstiler til teknisk og industriell bruk","Årøsetervegen 4","6422","MOLDE","71 25 02 00","","1"
"927984253","HDR-HOLDING AS","AS","","Uoppgitt","Kleivhaugen 6","6453","KLEIVE","","","0"
"936962114","HE BERLIN AS","AS","","Kjøp og salg av egen fast eiendom","Eikremsvingen 9","6422","MOLDE","","","1"
"925853186","HEALTHY & HAPPY ELLY V/ KLEPP","ENK","","Andre personlige tjenester ikke nevnt annet sted","Øvre veg 10C","6413","MOLDE","","","0"
"914126916","HEGE RØVIK FRISØR","ENK","","Frisering og barbering","Kaptein Dreyers veg 2","6456","SKÅLA","","","1"
"932957698","HEGGDAL DOISEL","ENK","","Detaljhandel med bredt vareutvalg ellers","c/o R Heggdal AS Innsidevegen 1372","6475","MIDSUND","","","1"
"925410632","HEGGDAL HESTETRANSPORT","ENK","","Godstransport på vei","Midøyvegen 882","6475","MIDSUND","","","0"
"969128829","HEGGDAL REIDAR","ENK","","Melkeproduksjon på storfe og oppdrett av melkekyr","Innsidevegen 1372","6475","MIDSUND","71278080","","1"
"922344051","HEGGDAL TAXI","ENK","","Passasjertransport på forespørsel utført av fører med kjøretøy","Nøisomhedvegen 19A","6419","MOLDE","","","1"
"926111736","HEGGDALL DESIGN LØNES","ENK","","Grafisk design og visuell kommunikasjonsdesign","c/o Tom Heggdal Lønes Utsidevegen 621","6475","MIDSUND","","","0"
"998538432","HEGGEM INVEST","ENK","","Produksjon av møbler","Eidsvågvegen 130","6460","EIDSVÅG I ROMSDAL","","","0"
"936757103","HEGGSET EMBROIDERY STUDIO","ENK","","Detaljhandel med klær","Ingrids veg 9","6429","MOLDE","","","1"
"922094950","HEIDI FINNØY","ENK","","Fotografvirksomhet","Saturnvegen 1","6419","MOLDE","","","0"
"932365383","HEIENE SPRÅK OG FORMIDLING","ENK","","Skapende kunstnerisk virksomhet innenfor litteratur","c/o Marit Heiene Skrenten 3","6411","MOLDE","","","1"
"979696027","HEIENE TOLKETJENESTE","ENK","","Oversettelses- og tolkevirksomhet","Myrvegen 28B","6421","MOLDE","92880192","","1"
"968655051","HEIENE TRANSPORT","ENK","","Godstransport på vei","Myrvegen 22","6421","MOLDE","","www.heienetransport.no","1"
"921964110","HEIMSTAD HUS","ENK","","Arkitektvirksomhet","Fjellbruvegen 15A","6415","MOLDE","","","0"
"989253808","HEIMTUN INVEST AS","AS","","Andre egeninvesteringsselskaper","Sjøvikvegen 67","6475","MIDSUND","","","0"
"915423612","HEIT STREK HENRIK SÆTHER","ENK","","Skapende kunstnerisk virksomhet innenfor visuell kunst","Kvam terrasse 9D","6411","MOLDE","","","1"
"932317060","HEKE HOLDING AS","AS","","Uoppgitt","c/o Ketil Malo Åsleet 45","6456","SKÅLA","","","0"
"934410254","HELA HOLDING INVESTMENT AS","AS","","Uoppgitt","Vonheimvegen 3","6415","MOLDE","","","1"
"969129876","HELDE ARTHUR","ENK","","Melkeproduksjon på storfe og oppdrett av melkekyr","Vistdalsvegen 1600","6364","VISTDAL","","","1"
"993017019","HELDE DA","DA","","Melkeproduksjon på storfe og oppdrett av melkekyr","v/ John Helde Vistdalsvegen 1594","6364","VISTDAL","","","1"
"936950973","HELEN TOVEN","ENK","","Andre helsetjenester ellers","Talsetvegen 100","6460","EIDSVÅG I ROMSDAL","","","1"
"936789560","HELENA FILAR","ENK","","Allmennlegetjenester","Jernspurvbakken 20","6425","MOLDE","","","1"
"916196741","HELENE HOEMSNES","ENK","","Annen undervisning ellers","Sirivegen 45","6411","MOLDE","","","0"
"975979474","HELGE BUGGE","ENK","","Sauehold","Prestegardsvegen 403","6460","EIDSVÅG I ROMSDAL","","","0"
"880463292","HELGE SILSET TRAFIKKSKOLE","ENK","","Undervisning ved godkjente trafikkskoler","Åsagardvegen 83","6460","EIDSVÅG I ROMSDAL","71 23 24 92","www.abcskole.no","1"
"990607761","HELGE TORNES","ENK","","Fiske og fangst i sjø","Elvavegen 2","6480","AUKRA","","","0"
"994711229","HELLAND EIENDOMSINVEST AS","AS","","Utleie av egen eller leid fast eiendom","Nøisomhed","6405","MOLDE","71 24 91 00","","0"
"918339981","HELLE GJERDE HJELLE VEILEDNING","ENK","","Annen undervisning ellers","Tanners veg 8","6412","MOLDE","","","0"
"915488765","HELLWIG RØR AS","AS","","Rørleggerarbeid","Bolsøyvegen 15","6415","MOLDE","","","1"
"984754051","HELMAX EIENDOM AS","AS","","Utleie av egen eller leid fast eiendom","Baklivegen 5","6450","HJELSET","","","1"
"850201382","HELSE OG DATA Henning Fosse","ENK","","Fysioterapi- og ergoterapitjenester","Langmyrvegen 40","6415","MOLDE","71 21 54 57","","0"
"993867004","HELSE OG VELVÆRE AS","AS","6","Detaljhandel med bredt vareutvalg ellers","Moldetorget Torget 1","6413","MOLDE","41 27 86 62","www.helseogvelveremolde.no","1"
"821171342","HELSKA ENGINEERING HELGE SKARSBØ","ENK","","Grafisk design og visuell kommunikasjonsdesign","Bokfinkvegen 23C","6425","MOLDE","","","0"
"913366646","HELTEC AS","AS","","Utleie av egen eller leid fast eiendom","Alexander Kiellands veg 16","6413","MOLDE","","","0"
"969126559","HENDEN ANDERS","ENK","","Avvirkning","Olav Oksviks veg 8","6423","MOLDE","","","0"
"979998325","HENDEN GÅRD ANS","ANS","","Utvinning fra grus- og sandtak, og utvinning av leire og kaolin","Eikrem","6422","MOLDE","","","1"
"925879916","HENDEN&NERLAND AS","AS","","Utleie av egen eller leid fast eiendom","Frænavegen 482","6423","MOLDE","","","1"
"933790908","HENNES SALONG AS","AS","6","Frisering og barbering","Lyngjavegen 6","6475","MIDSUND","","","1"
"970186565","HENNES SALONG EIVIND HEGGDAL","ENK","","Frisering og barbering","Lyngjavegen 6","6475","MIDSUND","71 27 95 11","","0"
"930389919","HENOK T MAHARI","ENK","","Passasjertransport på forespørsel utført av fører med kjøretøy","Sollivegen 101A","6414","MOLDE","","","1"
"916926103","HENRIK BUGGE","ENK","","Bygging av veier og motorveier","Nedre Liedgardsveg 2","6460","EIDSVÅG I ROMSDAL","","","1"
"929203550","HENRIK ORVIK","ENK","","Detaljhandel med sportsvarer","Fuglsetvegen 15","6415","MOLDE","","","0"
"934762002","HEPTA AS","AS","","Konsulentvirksomhet tilknyttet informasjonsteknologi og forvaltning og drift av it-systemer","Setervegen 23","6411","MOLDE","","hepta.biz","1"
"831561122","HERNBORG MUSIKK","ENK","","Utøvende kunstnerisk virksomhet og underholdningsvirksomhet innenfor musikk","Nerlandsvegen 23","6416","MOLDE","","","1"
"924437197","HERREGÅRD BYGG AS","AS","","Utvikling og salg av byggeprosjekter","Rødstrandvegen 210","6460","EIDSVÅG I ROMSDAL","","","1"
"937981031","HESI EIENDOM AS","AS","","","c/o Bjarne Stormyr Breivikvegen 36","6475","MIDSUND","","","0"
"926541625","HESTAD BÅTUTLEIE","ENK","","Utleie av egen eller leid fast eiendom","Karenvegen 2","6410","MOLDE","","","0"
"992938412","HESTAD MASKIN","ENK","","Grunnarbeid","c/o Hans Trygve Hestad Sjarmyra Vistdalsvegen 692","6364","VISTDAL","","","0"
"920837298","HESTAD MEK","ENK","","Reparasjon og vedlikehold av maskiner","Molovegen 25","6456","SKÅLA","","","0"
"925968080","HESTAD UNDERVANNSSØK","ENK","","Annen teknisk konsulentvirksomhet","Langmyrvegen 67B","6415","MOLDE","","","0"
"925859990","HESTETERAPEUT ANE A. HØGSET - UNDER UTDANNING","ENK","","Andre personlige tjenester ikke nevnt annet sted","Borvikvegen 3","6456","SKÅLA","","","0"
"937653875","HESTÅS 1","ENK","","Sportsaktiviteter ikke nevnt annet sted","Hovdenakvågen 22","6456","SKÅLA","","","1"
"918828648","HEVS MUSIC HENRIK SÆTERVIK SOLVÅG","ENK","","Produksjon og utgivelse av musikk- og lydopptak","Banehaugskogen 12","6415","MOLDE","","","0"
"989161016","HG UTVIKLING AS","AS","","Utleie av egen eller leid fast eiendom","Storgata 9","6413","MOLDE","","","1"
"997610156","HHOLMEN AS","AS","","Utleie av egen eller leid fast eiendom","Østre Plassveg 7","6415","MOLDE","","","0"
"925011959","HIG HOLDING AS","AS","","Uoppgitt","Mårskrenten 23","6425","MOLDE","","","0"
"928094049","HIGH ON ART AV MONICA MARULANDA","ENK","","Grafisk design og visuell kommunikasjonsdesign","Midøyvegen 846","6475","MIDSUND","","","0"
"932935740","HILDE HERNES HOVLAND","ENK","","Produksjon av reiseeffekter og salmakerartikler","Frænavegen 113A","6416","MOLDE","","","1"
"927503867","HINAV ABDALLAH KJØP OG SELG AV BRUKT BILER","ENK","","Detaljhandel med motorvogner","Bekkevollvegen 9","6414","MOLDE","","","1"
"832225312","HINDHAMMER MARTIN","ENK","","Godstransport på vei","Årømyran 23A","6421","MOLDE","","","0"
"932165945","HIRO-HOLDING AS","AS","","Reklamebyråvirksomhet","Østre Plassveg 2A","6415","MOLDE","","","0"
"934419545","HJELLE BYGGTJENESTER AS","AS","","Oppføring av bygninger","Rognebærsvingen 28","6429","MOLDE","","","1"
"933815307","HJELLNES HOLDING AS","AS","","Uoppgitt","Brattåsen 20","6423","MOLDE","","","1"
"826184612","HJELLSET HOLDING AS","AS","","Utleie av egen eller leid fast eiendom","Fannefjordsvegen 908","6450","HJELSET","","","0"
"915169457","HJELMELAND IDRETT OG FYSIOTERAPI AS","AS","","Fysioterapi- og ergoterapitjenester","Inngang 2, Arena Julsundvegen 14","6412","MOLDE","","www.arenamolde.no","1"
"980443353","HJELSET ANLEGG AS","AS","25","Grunnarbeid","Årøsetervegen 47","6422","MOLDE","","","1"
"926685708","HJELSET AREAL AS","AS","","Kjøp og salg av egen fast eiendom","Baklivegen 27","6450","HJELSET","","","1"
"931092995","HJELSET BUTIKKEIENDOM AS","AS","","Utleie av egen eller leid fast eiendom","Fannestrandvegen 125","6419","MOLDE","","","1"
"918433333","HJELSET BYGG AS","AS","20","Oppføring av bygninger","Baklivegen 27","6450","HJELSET","","","1"
"917443270","HJELSET EIENDOMSDRIFT AS","AS","","Uoppgitt","Ravnebakken 32","6425","MOLDE","","","0"
"987269308","HJELSET GRUPPEN AS","AS","","Grunnarbeid","Årøsetervegen 47","6422","MOLDE","71 25 34 00","","1"
"920697151","HJELSET HOLDING AS","AS","","Utleie av egen eller leid fast eiendom","Gardvegen 54","6450","HJELSET","","","0"
"913106997","HJELSET MASKIN AS","AS","","Grunnarbeid","Baklivegen 14","6450","HJELSET","","","1"
"975827895","HJELSET MAT AS","AS","13","Detaljhandel med bredt vareutvalg med hovedvekt på nærings- og nytelsesmidler","Sjøvegen 18","6450","HJELSET","71 24 91 00","","1"
"820434412","HJELSET UTVIKLING AS","AS","","Uoppgitt","Nøisomhedvegen 57","6419","MOLDE","","","0"
"927513056","HJEMLI FORETAK","ENK","","Utøvende kunstnerisk virksomhet og underholdningsvirksomhet innenfor musikk","Myrabakken 4","6413","MOLDE","","","0"
"980686787","HJØRDIS ASPHOL","ENK","","Melkeproduksjon på storfe og oppdrett av melkekyr","Jernverksvegen 210","6453","KLEIVE","71 24 71 43","","1"
"921978200","HKS INVEST AS","AS","","Uoppgitt","Øvre veg 30","6415","MOLDE","","","0"
"975368556","HKS TRADING - H.SUNDE","ENK","","Formidlingstjenester tilknyttet detaljhandel med spesialisert vareutvalg","Skjerslivegen 3","6450","HJELSET","","","1"
"933646874","HKSH AS","AS","","Byggeteknisk konsulentvirksomhet","Klokksetvegen 8","6460","EIDSVÅG I ROMSDAL","","","1"
"989025775","HLH AS","AS","","Andre egeninvesteringsselskaper","Eikremsvingen 4","6422","MOLDE","97 19 09 19","","1"
"930703338","HODDEVIK AS","AS","","Bedriftsrådgivning og annen administrativ rådgivning","Steinskaret 3","6416","MOLDE","","","1"
"920485324","HOEL BYGG","ENK","","Snekkerarbeid","Fjellbruvegen 47","6429","MOLDE","","","0"
"963742762","HOEL FAGUTVIKLING","ENK","","Andre tjenester tilknyttet undervisning ikke nevnt annet sted","Grandvegen 13","6415","MOLDE","71 25 55 54","","0"
"936273130","HOEM BLOCH SOLUTIONS","ENK","","Oppføring av bygninger","Arnes veg 12","6429","MOLDE","","","1"
"996408078","HOFF ANNE BEINNES","ENK","","Andre tjenester tilknyttet undervisning ikke nevnt annet sted","Skogvegen 48A","6415","MOLDE","","","0"
"932534932","HOFF KNIT4FAM","ENK","","Industri-, produkt- og motedesignvirksomhet","Pelskroken 5","6411","MOLDE","","","0"
"927372207","HOFSTAD SJÅFØRSERVICE","ENK","","Godstransport på vei","Mjelvehagen 35","6450","HJELSET","","","1"
"915002811","HOGA CONTROL AS","AS","","Annen teknisk konsulentvirksomhet","Verftsgata 8","6416","MOLDE","","","1"
"835862062","HOIDING AS","AS","","Uoppgitt","Blokkebærvegen 34A","6429","MOLDE","","","1"
"998296404","HOL INVESTERING AS","AS","","Utleie av egen eller leid fast eiendom","Plutovegen 6","6419","MOLDE","","","1"
"826761202","HOL MASKINSERVICE","ENK","","Reparasjon og vedlikehold av maskiner","Strandgata 14","6415","MOLDE","","","0"
"934665120","HOL VEGTENESTER","ENK","","Annen teknisk konsulentvirksomhet","Julsundvegen 93","6412","MOLDE","","","1"
"926899929","HOLBØ HOLDING AS","AS","","Utleie og leasing av andre husholdningsvarer og varer til personlig bruk","Snarvegen 4","6414","MOLDE","","","0"
"927984156","HOLDINGOTHERS AS","AS","","Uoppgitt","Ingrids veg 5","6429","MOLDE","","","0"
"990294445","HOLE GÅRD","ENK","","Sauehold","Holsvegen 48","6475","MIDSUND","","","1"
"927126923","HOLEN 999 SMYKKE OG BRAND NAME","ENK","","Detaljhandel med brukte varer","c/o Laksanawadee Holen Jevikråket 10","6460","EIDSVÅG I ROMSDAL","","","1"
"935986885","HOLEN AUTOFILM","ENK","","Reparasjon og vedlikehold av motorvogner","Ranvikvegen 793","6460","EIDSVÅG I ROMSDAL","","","1"
"933195600","HOLEN BIL","ENK","","Detaljhandel med motorvogner","Ljøsmyrvegen 13","6460","EIDSVÅG I ROMSDAL","","","1"
"927857588","HOLEN TEKST","ENK","","Oversettelses- og tolkevirksomhet","c/o Frode Holen Sjøgardsbakken 3","6460","EIDSVÅG I ROMSDAL","","","0"
"922388199","HOLGUN HOLDING AS","AS","","Uoppgitt","Jernspurvbakken 17","6425","MOLDE","","","0"
"989024051","HOLIDAY STUDIO V/ RAKVÅG","ENK","","Andre tjenester tilknyttet kunstnerisk virksomhet og underholdningsvirksomhet","Langmyrvegen 49","6415","MOLDE","71 25 36 00","www.holidaystudio.no","1"
"937416946","HOLISONT AS","AS","","Uoppgitt","Holvegen 12","6414","MOLDE","","","1"
"927496771","HOLLER 360 AS","AS","","Agenturhandel med tekstiler, klær, pelsskinn, skotøy og lærvarer","c/o Christian Holler Nini Roll Ankers veg 12A","6412","MOLDE","","","1"
"923671412","HOLLINGEN INVEST AS","AS","","Andre egeninvesteringsselskaper","Frænavegen 35D","6415","MOLDE","","","0"
"966727683","HOLM ELEKTRO AS","AS","32","Elektrisk installasjonsarbeid","Fannestrandvegen 53","6415","MOLDE","71 25 44 50","","1"
"991396381","HOLMEN OPTIK AS","AS","12","Detaljhandel med medisinske og ortopediske artikler","Storgata 22","6413","MOLDE","","","1"
"920238807","HOLO HOLDING AS","AS","","Annen teknisk konsulentvirksomhet","c/o Sigurd Holo Leikarnes Raumavegen 12","6410","MOLDE","","","0"
"936875645","HOLSBØ HOLDING AS","AS","","Uoppgitt","Sagrøra 7A","6420","MOLDE","","","1"
"936728731","HOLSBØ SCOUTING & CONSULTING","ENK","","Bedriftsrådgivning og annen administrativ rådgivning","Steinskaret 9","6416","MOLDE","","","1"
"985194939","HOLSEN INVEST AS","AS","","Andre egeninvesteringsselskaper","Amtmann Leths gate 20","6413","MOLDE","","","0"
"986447725","HOMEOPAT MERETE SKALDEBØ HOL","ENK","","Aktiviteter innenfor tradisjonell, komplementær og alternativ medisin","Storgata 36","6413","MOLDE","","","1"
"927100282","HOMES MOLDE AS","AS","","Utleie av egen eller leid fast eiendom","Thiisløypa 1","6414","MOLDE","","","1"
"979648472","HORISONT AS","AS","","Agenturhandel med møbler, husholdningsvarer og jernvarer","Skogvegen 1","6415","MOLDE","91 14 40 00","","1"
"912810623","HORSGAARD & CO AS","AS","15","Detaljhandel med fisk, skalldyr og bløtdyr","Hamnegata 43","6413","MOLDE","71 25 20 64","","1"
"929382854","HORSGÅRD MASKIN","ENK","","Grunnarbeid","Langfjordvegen 877","6456","SKÅLA","","","1"
"933000796","HORUS DIGITAL AS","AS","","Annen teknisk konsulentvirksomhet","Grandfjæra 28","6415","MOLDE","","","1"
"929418336","HORUS INVEST AS","AS","","Annen teknisk konsulentvirksomhet","Grandfjæra 28","6415","MOLDE","","","1"
"992969105","HOSEN SPORT","ENK","","Undervisning innenfor idrett og rekreasjon","Notvollvegen 7","6456","SKÅLA","","","1"
"887147612","HOSTAD EIENDOM ANS","ANS","","Eiendomsforvaltning på oppdrag","c/o Mette Hostad Sørstien 6","6411","MOLDE","","","0"
"923130705","HOTELL REFSNES GODS EIENDOM AS","AS","","Utleie av egen eller leid fast eiendom","Nøisomhed Fannestrandvegen 125","6419","MOLDE","","","1"
"927390922","HOTKEY AS","AS","","Dataprogrammeringstjenester","c/o Øyvind H. Bergesen Notvollvegen 12","6456","SKÅLA","","","1"
"922286574","HOULDER HOLDING AS","AS","","Utleie av egen eller leid fast eiendom","Fannefjordsvegen 233","6421","MOLDE","","","0"
"936652816","HOUSE OF NERLANDSREM AS","AS","","Uoppgitt","Orionvegen 2","6419","MOLDE","","","1"
"921298331","HOV PROSJEKT AS","AS","19","Oppføring av bygninger","Hammervollhagen 19","6460","EIDSVÅG I ROMSDAL","","","1"
"995543990","HOVDENAK ALT","ENK","","Undervisning innenfor idrett og rekreasjon","Nesjevegen 66","6456","SKÅLA","","","1"
"970341536","HOVDENAK OLE D Y","ENK","","Saging og høvling av tre","Hovdenakkvegen 130","6456","SKÅLA","","","1"
"930232815","HOVDENAK VINVESEN","ENK","","Engroshandel med drikkevarer","Mårskrenten 66","6425","MOLDE","","","1"
"932932598","HOVE ESPORTS","ENK","","Skapende kunstnerisk virksomhet innenfor litteratur","Glomstuvegen 85","6410","MOLDE","","","1"
"987265957","HS SERVICE DA","DA","","Reparasjon og vedlikehold av motorvogner","c/o Åge R Harstad Fannefjordsvegen 247","6421","MOLDE","","","1"
"936679900","HSTENEVIK HOLDING AS","AS","","Uoppgitt","Anevegen 6","6410","MOLDE","","","1"
"987047909","HTH MOLDE AS","AS","6","Detaljhandel med innredningsartikler ikke nevnt annet sted","Kåre Solhjells veg 6","6415","MOLDE","71 20 05 20","www.hth.no/butikker/hth-molde/","1"
"987207604","HTI-SKRIBENTEN HANS TORGNY INDREBØ","ENK","","Skapende kunstnerisk virksomhet innenfor litteratur","Tømmervegen 4","6414","MOLDE","51 43 42 32","","0"
"920277047","HUBER HOLDING AS","AS","","Andre egeninvesteringsselskaper","c/o Michael Huber Fjellskaret 22","6416","MOLDE","","","0"
"991553630","HUD & FOTTERAPEUT SISSEL-MARIT KURE","ENK","","Skjønnhetspleie","Lundsengvegen 16","6419","MOLDE","","","1"
"934482816","HUDPLEIE KALIUZHNA","ENK","","Skjønnhetspleie","Vestre Mellomveg 19","6416","MOLDE","","","1"
"893900632","HUDSTUDIO AS","AS","6","Detaljhandel med kosmetikk og toalettartikler","Amfi Roseby Lingedalsvegen 6","6415","MOLDE","71 25 74 37","www.hudstudio.no","1"
"970377301","HUDSTUDIO Marit Grøvdal","ENK","","Frisering og barbering","Amfi Roseby Lingedalsvegen 10","6415","MOLDE","71 25 74 37","","1"
"830793712","HULDER HOLDING AS","AS","","Uoppgitt","Trastalia 22","6412","MOLDE","","","0"
"935950791","HUMLEHAVEN VEKST AS","AS","","Allmennlegetjenester","c/o Tilde Camilla Svela Parkvegen 40","6413","MOLDE","","","1"
"923332464","HUNDEINSTRUKTØR MONA MOLDAL","ENK","","Andre personlige tjenester ikke nevnt annet sted","c/o Mona Moldal Grandvegen 16B","6415","MOLDE","","canishundeskole.no/person/mona-moldal/","0"
"976603915","HUNGNES EIENDOM AS","AS","","Eiendomsforvaltning på oppdrag","Bjørnstjerne Bjørnsons veg 111","6410","MOLDE","71 25 22 25","","1"
"823224052","HUNGNES EVENT SERVICE","ENK","","Utøvende kunstnerisk virksomhet og underholdningsvirksomhet innenfor musikk","Siriusvegen 3","6419","MOLDE","","","1"
"889187182","HUNGNES HOLDING AS","AS","","Andre egeninvesteringsselskaper","","6454","HJELSET","","","0"
"979403976","HUNGNES NYLAND EIENDOM ANS","ANS","","Kjøp og salg av egen fast eiendom","Solbakken 5","6429","MOLDE","","","0"
"989057766","HUNNSVEGEN 17 GJØVIK AS","AS","","Kombinerte tjenester tilknyttet eiendomsdrift","Fannestrandvegen 125","6419","MOLDE","71 20 22 20","","1"
"976201639","HURLENS AGENTURFORRETNING AS","AS","","Agenturhandel med spesialisert vareutvalg ellers","","6460","EIDSVÅG I ROMSDAL","94 73 26 61","","1"
"951266841","HURTIGBÅTENE ANS","ANS","","Innenriks kystruter med passasjerer","","6475","MIDSUND","","","0"
"979279191","HUSARFISK AS","AS","","Fiske og fangst i sjø","Utsidevegen 95","6475","MIDSUND","","","1"
"924797274","HUSE PRODUCTIONS","ENK","","Utøvende kunstnerisk virksomhet og underholdningsvirksomhet innenfor musikk","Dragarøra 11","6457","BOLSØYA","","","0"
"912858537","HUSFLIDEN MOLDE AS","AS","9","Produksjon av yttertøy","Storgata 15","6413","MOLDE","71 25 03 40","norskflid.no","1"
"935493951","HUSMALINGSTJENESTER PADAIGIS","ENK","","Maler- og glassarbeid","Nothusmarka 14","6457","BOLSØYA","","","1"
"928681513","HUSMILJØ AS","AS","12","Snekkerarbeid","Moldelivegen 16","6413","MOLDE","","","1"
"925534935","HUSTAD CONSULTING","ENK","","Annen undervisning ellers","Boråsvegen 57A","6415","MOLDE","","","0"
"937420463","HUSTAD VILNES LYD OG LYS","ENK","","Andre tjenester tilknyttet kunstnerisk virksomhet og underholdningsvirksomhet","Langåsvegen 16A","6450","HJELSET","","","1"
"919071907","HUSTADGÅRDEN PANORAMA AS","AS","","Utleie av egen eller leid fast eiendom","Hendenvegen 2","6423","MOLDE","","","1"
"994171674","HUSTADLITT EIENDOM AS","AS","","Kjøp og salg av egen fast eiendom","Eikremsvingen 9","6422","MOLDE","","","0"
"987017686","HUSTADVIKA GJESTEGÅRD AS","AS","","Utleie av egen eller leid fast eiendom","Nøisomhed","6405","MOLDE","71 20 22 00","","1"
"929975987","HUSVIK BYGGSERVICE","ENK","","Oppføring av bygninger","Øvre Hammervoll 27","6460","EIDSVÅG I ROMSDAL","","","0"
"928738191","HUSVIS AS","AS","","Kjøp og salg av egen fast eiendom","Brattåsen 13","6423","MOLDE","","","0"
"913713966","HUSØY AS","AS","","Uoppgitt","Rødstrupevegen 6","6425","MOLDE","","","0"
"923008187","HUSØY OSTEOPATI","ENK","","Aktiviteter innenfor tradisjonell, komplementær og alternativ medisin","Romsdalsgata 14","6415","MOLDE","","","1"
"913046617","HVATTUM VIET THAI MARKED","ENK","","Detaljhandel med nærings- og nytelsesmidler ellers","Myrabakken 3","6413","MOLDE","","","1"
"933299872","HYPNOTUNES ARTUR BRZESKI","ENK","","Andre personlige tjenester ikke nevnt annet sted","Røviklivegen 190","6456","SKÅLA","","","1"
"918268855","HYTTER FOR ALLE AS","AS","","Kjøp og salg av egen fast eiendom","Skogvegen 39A","6415","MOLDE","","","1"
"931828150","HØSTA AS","AS","","Dataprogrammeringstjenester","Boenhetsnummer H0302 Tiriltungevegen 48","6423","MOLDE","","","1"
"980866416","HØSTSTJERNA AS","AS","","Uoppgitt","Sjøvikvegen 67","6475","MIDSUND","71 27 02 00","","1"
"831032472","HØVDING AS","AS","13","Utleie av egen eller leid fast eiendom","Grandfjæra 22C","6415","MOLDE","71 25 94 10","","1"
"926596667","HÅBET EIENDOM AS","AS","","Utleie av egen eller leid fast eiendom","c/o Andreas Løken Håbet Midøyvegen 276","6475","MIDSUND","","","1"
"919584688","HÅBET KYSTFISKE AS","AS","","Fiske og fangst i sjø","Midøyvegen 276","6475","MIDSUND","","","1"
"926584340","HÅBET SJØ AS","AS","","Fiske og fangst i sjø","c/o Andreas Løken Håbet Midøyvegen 276","6475","MIDSUND","","","1"
"985230471","HÅHOLMEN EIENDOM AS","AS","","Utleie av egen eller leid fast eiendom","Fannestrandvegen 125","6419","MOLDE","","","1"
"984245572","HÅKON ALFRED KRISTENGÅRD","ENK","","Utleie av egen eller leid fast eiendom","Årøhagen 9","6422","MOLDE","","","1"
"999182771","HÅKON BRATSET","ENK","","Grunnarbeid","Amtmann Hammers veg 26","6413","MOLDE","","","1"
"930716472","HÅKON INVEST AS","AS","","Uoppgitt","Elgsåslia 44","6421","MOLDE","","","0"
"931732811","HÅNDLYKKEN BYGG & REHABILITERING","ENK","","Snekkerarbeid","Øygardsvegen 21B","6453","KLEIVE","","","0"
"986242996","HÅNDLYKKEN BYGG AS","AS","5","Oppføring av bygninger","Ranesvegen 41","6456","SKÅLA","","www.handlykken.no","1"
"989717707","HÅNDLYKKEN HOLDING AS","AS","","Oppføring av bygninger","Fannefjordsvegen 1129","6450","HJELSET","","","0"
"995842815","HÅNDLYKKEN KONTORSERVICE","ENK","","Kontortjenester","Ranesvegen 46","6456","SKÅLA","71 21 11 77","","0"
"930856851","HÅNDLYKKEN KYSTFISKE","ENK","","Fiske og fangst i sjø","Geitnessvingen 50","6456","SKÅLA","","","1"
"937535732","HÅNDLYKKEN SURDEIG","ENK","","Detaljhandel med innredningsartikler ikke nevnt annet sted","Ranesvegen 41","6456","SKÅLA","","","1"
"834830302","HÅNDLYKKEN TAKST","ENK","","All annen faglig, vitenskapelig og teknisk virksomhet ikke nevnt annet sted","Ranesvegen 46","6456","SKÅLA","41642753","","1"
"913951867","HÅNDLYKKEN TREVARE AS","AS","","Produksjon av møbler","Ranesvegen 46","6456","SKÅLA","","","1"
"925149934","HÅNDVERKERSERVICE V/INDULIS PEREMEZS","ENK","","Oppføring av bygninger","Høglivegen 29C","6450","HJELSET","","","1"
"935692237","HÅRPASSION AS","AS","","Frisering og barbering","Romsdalsgata 22","6415","MOLDE","","","1"
"812070142","HÅRSTUDIOET AS","AS","5","Frisering og barbering","Coop Bygget i Eidsvåg sentrum","6460","EIDSVÅG I ROMSDAL","","","1"
"974420155","HÅRSTUSSEN Anita Iren Sagli","ENK","","Frisering og barbering","Groven","6453","KLEIVE","71 24 21 01","","1"
"834910322","HÅVARD BØYUM","ENK","","Allmennlegetjenester","Hans Thiis Møllers gate 8","6415","MOLDE","","","1"
"886943512","HÅVARD JENDEM","ENK","","Allmennlegetjenester","Reinhold Zieglers veg 7","6414","MOLDE","","","1"
"937788398","HÅVARD LILLEBOSTAD ENTERPRICES","ENK","","Bedriftsrådgivning og annen administrativ rådgivning","Nothusmarka 37","6457","BOLSØYA","","","1"
"919794097","HÅVARD AARSET DAHLE","ENK","","Tjenester tilknyttet planteproduksjon","Langfjordvegen 605","6456","SKÅLA","","","1"
"927078007","I BISHOP","ENK","","Snekkerarbeid","c/o Ian Bishop Blokkebærvegen 46A","6429","MOLDE","","","1"
"981486897","I SÆTER PROSJEKT AS","AS","","Byggeteknisk konsulentvirksomhet","c/o Ivar Sæter Bjønnan 5","6410","MOLDE","71 19 17 20","","1"
"994613472","I-SPORT MOLDE AS","AS","21","Detaljhandel med sportsvarer","Birger Hatlebakksvei 1-5","6415","MOLDE","","www.intersport.no","1"
"957779085","I-SPORT ROSEBY AS","AS","30","Detaljhandel med sportsvarer","Lingedalsvegen 10","6415","MOLDE","71 19 56 00","","1"
"913589149","I. ØYEN KONSULENTTJENESTER","ENK","","Jakt, fangst, viltstell og tilknyttede tjenester","Kringstadstien 8","6411","MOLDE","41 22 48 35","","1"
"954301931","IANNUZZI INVEST AS","AS","","Uoppgitt","Torget 2","6413","MOLDE","","","1"
"934476247","IAOPDAHL HOLDING AS","AS","","Uoppgitt","c/o Ivar Andreas Opdahl Talsetbakken 61","6456","SKÅLA","","","1"
"958942648","IBSEN STUDIO Peter Helset","ENK","","Engroshandel med informasjons- og kommunikasjonsteknologiutstyr","Pedervegen 6","6410","MOLDE","71 25 29 65","www.ibsenstudio.no","1"
"824950032","ICONSULTING INGRID SARA GRIMSTAD AMUNDSGÅRD","ENK","","Bedriftsrådgivning og annen administrativ rådgivning","Aukravegen 25","6414","MOLDE","","","0"
"933299597","IDA KROKNES","ENK","","Interiørdesignvirksomhet","Kviltorpvegen 16","6419","MOLDE","","shine-through.com","1"
"819424292","IDA MARIE KRISTOFFERSEN MØRK","ENK","","Allmennlegetjenester","Lundsengvegen 11","6419","MOLDE","","","0"
"829528622","IDALIA MASKIN OG UTLEIE AS","AS","","Utleie og leasing av landbruksmaskiner og -utstyr","Åfløyvegen 135","6453","KLEIVE","","","1"
"918579435","IDAR EIDEM","ENK","","Annen undervisning ellers","Torleifvegen 5","6416","MOLDE","","","1"
"969397595","IDAR HÅNDE","ENK","","Oppdrett av annet storfe til kjøttproduksjon og sædproduksjon","Hornevegen 103","6470","ERESFJORD","","","1"
"919881828","IDC AS","AS","","Detaljhandel med motorvogner","Romsdalsgata 16","6415","MOLDE","","","1"
"929704606","IDÉ HARTMANN AS","AS","","Industri-, produkt- og motedesignvirksomhet","Steinskaret 14","6416","MOLDE","","","1"
"988024287","IELEKTRO ANSATTE AS","AS","","Andre egeninvesteringsselskaper","Plutovegen 5","6419","MOLDE","71 21 35 00","","0"
"925855669","IEO HOLDING AS","AS","","Uoppgitt","Huflakvegen 14","6421","MOLDE","","","0"
"937205880","IGEA AS","AS","","Uoppgitt","Røysan 14","6412","MOLDE","","","1"
"936459749","IIDA JÄRVINEN LEARNING","ENK","","Annen undervisning ellers","Sagrøra 15","6420","MOLDE","","","1"
"932005085","IKORNNES BUTIKKEIENDOM AS","AS","","Utleie av egen eller leid fast eiendom","Nøisomhed","6405","MOLDE","","","1"
"913337530","ILLUSTRATØR TROND BORGE-OLSEN","ENK","","Skapende kunstnerisk virksomhet innenfor visuell kunst","Astrupvegen 20","6419","MOLDE","","","0"
"986181830","IMAGICS Torstein Moen","ENK","","Grafisk design og visuell kommunikasjonsdesign","Storvikvegen 5","6412","MOLDE","","www.imagics.no","1"
"992291702","IMARIN AS","AS","","Utleie og leasing av sjøtransportmateriell","Tiriltoppvegen 28","6475","MIDSUND","71 27 91 13","","1"
"932587750","IMIS HOLDING AS","AS","","Uoppgitt","Digernesvegen 100","6475","MIDSUND","","","0"
"913705289","IMPACT HOLDING AS","AS","","Andre egeninvesteringsselskaper","Fannestrandvegen 55","6415","MOLDE","90 98 78 19","","0"
"932579138","IMPRINTED PASKARAN","ENK","","Detaljhandel med husholdningsredskaper og bestikk, servise, glassvarer, porselen og keramikk","Geitnessvingen 47","6456","SKÅLA","","","0"
"835014452","INCLINE COACHING AS","AS","","Annen undervisning ellers","Skolevegen 8","6410","MOLDE","","","1"
"923806555","INCOSY DAVID HOLUB","ENK","","Annet installasjonsarbeid","Saturnvegen 1","6419","MOLDE","","","0"
"996920941","INDEKSBYGGET AS","AS","","Kjøp og salg av egen fast eiendom","Eikremsvingen 9","6422","MOLDE","","","0"
"950284986","INDERGÅRD TAXI","ENK","","Passasjertransport på forespørsel utført av fører med kjøretøy","Rådyrvegen 34","6425","MOLDE","","","1"
"938019614","INDERHAUG PREPP OG TRÅKK","ENK","","","Vestnesvegen 10","6415","MOLDE","","","0"
"998622905","INDERSTUA GÅRD HALLGEIR RØBERG","ENK","","Sauehold","Skarsvegen 41","6475","MIDSUND","","","1"
"930195634","INESA SALONG JUSKEVICIENE","ENK","","Skjønnhetspleie","Øygardsvegen 34","6453","KLEIVE","","","1"
"935737362","INEZ MARTINSEN","ENK","","Dataprogrammeringstjenester","Brattnakkvegen 64","6421","MOLDE","","","1"
"998571553","INFOPARK AS","AS","","Teknisk prøving og analyse","Plutovegen 5","6419","MOLDE","","","0"
"961477743","INFOPARTNER INFORMASJONSBYRÅ ANS","ANS","","Annen forretningsmessig tjenesteyting ikke nevnt annet sted","Gotfred Lies plass 1","6415","MOLDE","","","0"
"989197401","INFRANETT AS","AS","","Utleie av egen eller leid fast eiendom","Plutovegen 5","6419","MOLDE","71 21 35 00","","0"
"968529781","ING B KOLBERG AS","AS","","Annen teknisk konsulentvirksomhet","Gamlevegen 24","6423","MOLDE","71 21 07 69","","1"
"950507977","ING BJØRN HOLM ELEKTROINST AS","AS","","Annen teknisk konsulentvirksomhet","Øverlandstunet 16","6416","MOLDE","","","1"
"922785562","ING PER HANEKAMHAUG","ENK","","Elektrisk installasjonsarbeid","Reknesvegen 11","6413","MOLDE","","","0"
"921359462","INGA ODETTE RØD","ENK","","Utøvende kunstnerisk virksomhet og underholdningsvirksomhet innenfor scenekunst","Neråsvegen 242","6470","ERESFJORD","","","0"
"981728343","INGE I GJUL","ENK","","Andre helsetjenester ellers","Midsund lege- og helsesenter","6475","MIDSUND","71 27 98 66","","1"
"928072428","INGE PETTERSEN ANTIKK","ENK","","Detaljhandel med brukte varer","Fjellvegen 10","6423","MOLDE","","","0"
"985287732","INGE RØBERG","ENK","","Sauehold","Olivinvegen 12","6475","MIDSUND","71 27 83 20","","0"
"981827589","INGEBORG GRIMSMO","ENK","","Allmennlegetjenester","Skåla legekontor","6456","SKÅLA","71 24 07 08","","1"
"995823802","INGEBORG SIMONSEN","ENK","","Skapende kunstnerisk virksomhet innenfor visuell kunst","Solbakken 13","6429","MOLDE","","","0"
"998177952","INGENIO AS","AS","","Annen teknisk konsulentvirksomhet","Brattlivegen 11","6412","MOLDE","","","1"
"928466345","INGENIØR A EVENSEN BYGG OG VVS","ENK","","Rørleggerarbeid","Amtmann Leths gate 31","6413","MOLDE","","","0"
"923039872","INGENIØR OLSEN","ENK","","Annen teknisk konsulentvirksomhet","Øvre Hammervoll 6","6460","EIDSVÅG I ROMSDAL","99 70 44 57","","1"
"916746180","INGER HILDUR AS","AS","","Fiske og fangst i sjø","Fagerlivegen 19","6413","MOLDE","","","1"
"989115413","INGER HILDUR INVEST AS","AS","","Fiske og fangst i sjø","Fagerlivegen 19","6413","MOLDE","","","1"
"917234558","INGER HILDUR KLUBBEN AS","AS","","Fiske og fangst i sjø","Fagerlivegen 19","6413","MOLDE","","","0"
"976560094","INGER JOHANNE KVIEN BRUNVOLL","ENK","","Utøvende kunstnerisk virksomhet og underholdningsvirksomhet innenfor musikk","Bekkevollvegen 15","6414","MOLDE","","","0"
"935421616","INGIMUNDARSON DIVING","ENK","","Sportsaktiviteter ikke nevnt annet sted","Nesjevegen 56","6456","SKÅLA","","","1"
"932138476","INGRID FITJE APNESETH","ENK","","Andre personlige tjenester ikke nevnt annet sted","Torleifvegen 4","6416","MOLDE","","","1"
"928249441","INGRID JOHNSEN HOGSTAD","ENK","","Annen utøvende kunstnerisk virksomhet og underholdningsvirksomhet ikke nevnt annet sted","Sørstien 45","6411","MOLDE","","","0"
"929083903","INGRID KVANDE YTG","ENK","","Undervisning innenfor idrett og rekreasjon","Glomstuvegen 2D","6412","MOLDE","","","1"
"985680337","INGRID MARGRETE WINTER-HJELM","ENK","","Utøvende kunstnerisk virksomhet og underholdningsvirksomhet innenfor musikk","Rusketeigen 13","6421","MOLDE","37 25 14 33","","0"
"922153299","INGRIDBOKA KJERSTI TYTINGVÅG ROGNE","ENK","","Skapende kunstnerisk virksomhet innenfor litteratur","Forhjellen 23","6411","MOLDE","","","0"
"930577103","INGRIDH RIMSTAD","ENK","","Annen undervisning ellers","Julsundvegen 2","6412","MOLDE","","","1"
"927963590","INGULSDOTTIR RØBERG","ENK","","Detaljhandel med bøker","Skarsvegen 129","6475","MIDSUND","","ingulsdottir.com","0"
"969853957","INGVAR H AASEN","ENK","","Melkeproduksjon på storfe og oppdrett av melkekyr","Vollan Åsagardvegen 169A","6460","EIDSVÅG I ROMSDAL","","","1"
"989469371","INGVAR KRISTENSEN","ENK","","Andre tjenester tilknyttet kunstnerisk virksomhet og underholdningsvirksomhet","Nøisomhedvegen 11D","6416","MOLDE","","","1"
"914549337","INGVEST HOLDING AS","AS","","Spesielle holdingselskaper","Øverbøen 43","6411","MOLDE","","","0"
"937231156","INGVIL BENEDICTE BAKKEN","ENK","","Dyrking av ettårige vekster ellers","Stubøvegen 57","6460","EIDSVÅG I ROMSDAL","","","1"
"918169350","INGVILD HØYMORK","ENK","","Undervisning innenfor idrett og rekreasjon","Lønsetbakken 10","6421","MOLDE","","","0"
"827102652","INI CONSULT AS","AS","","Bedriftsrådgivning og annen administrativ rådgivning","Langmyrvegen 38C","6415","MOLDE","","","1"
"964421412","INNENDØRS MIDSUND AS","AS","6","Drift av restauranter","Lyngjavegen 8","6475","MIDSUND","","","1"
"931925938","INNLANDET BUTIKKEIENDOM AS","AS","","Utleie av egen eller leid fast eiendom","Fannestrandvegen 125","6419","MOLDE","","","1"
"914468922","INSPECTMAR AS","AS","","All annen faglig, vitenskapelig og teknisk virksomhet ikke nevnt annet sted","Øvre veg 24","6415","MOLDE","","","1"
"897074052","INSPIRERENDE HOBBY AS","AS","9","Detaljhandel med tekstiler og utstyrsvarer","Storgata 56","6413","MOLDE","","www.inspirerendehobby.no","1"
"931846655","INSTITUTT FOR KORTTIDSTERAPI AS","AS","","Annen undervisning ellers","Istadvegen 604","6453","KLEIVE","","","1"
"961763991","INTAKT BILSKADE MOLDE AS","AS","23","Reparasjon og vedlikehold av motorvogner","Årøsetervegen 7","6422","MOLDE","","","1"
"934249240","INTAX NORDHAUG-NÆSS","ENK","","Annen teknisk konsulentvirksomhet","Vestre Plassveg 2C","6415","MOLDE","","","1"
"924473525","INTER MODA AS","AS","","Snekkerarbeid","Skålavegen 1109","6456","SKÅLA","","","1"
"917317712","INTERATRADE AS","AS","","Konsulentvirksomhet tilknyttet informasjonsteknologi og forvaltning og drift av it-systemer","Gjerdhaugvegen 27","6425","MOLDE","","","1"
"914755441","INTERIØRKONSULENT ANN KRISTIN MISUND","ENK","","Interiørdesignvirksomhet","Holsvegen 48","6475","MIDSUND","","","0"
"933356094","INTERNATIONAL RECRUITMENT GROUP AS","AS","","Annen teknisk konsulentvirksomhet","Øverlandsvegen 22","6416","MOLDE","","","1"
"926439472","INVERITECH AS","AS","13","Annen teknisk konsulentvirksomhet","Midsund Brygge Utsidevegen 37","6475","MIDSUND","","","1"
"933074706","INVESTERO AS","AS","","Uoppgitt","Inngang 7, Aker Stadion Julsundvegen 14","6412","MOLDE","","","1"
"935574064","INVESTORGRUPPEN DINGEL AS","AS","","Utleie av egen eller leid fast eiendom","c/o Areal Utbygging AS Baklivegen 27","6450","HJELSET","","","1"
"929594290","INWESTAD AS","AS","","Bedriftsrådgivning og annen administrativ rådgivning","Sollivegen 101A","6414","MOLDE","","","1"
"918036547","IONA MARINE AS","AS","","Fiske og fangst i sjø","Elvavegen 2","6480","AUKRA","","","0"
"932836459","ISAC FOSTERVOLL SVENDSON","ENK","","Allmennlegetjenester","Astrupvegen 31","6419","MOLDE","","","1"
"995778254","ISACH HOLDING AS","AS","","Utleie av egen eller leid fast eiendom","Moldelivegen 26","6413","MOLDE","71 20 22 40","","0"
"990059446","ISFJORDEN BUTIKKEIENDOM AS","AS","","Utleie av egen eller leid fast eiendom","Nøisomhed","6405","MOLDE","71 24 91 00","","1"
"984353359","ISG AMUNDSGÅRD CONSULTING","ENK","","Reklamebyråvirksomhet","Løkenvegen 37","6423","MOLDE","71 25 22 41","www.iconsulting.no","0"
"936999492","ISIR HOLDING AS","AS","","Uoppgitt","Hjellhaugen 33","6450","HJELSET","","","1"
"921167520","ISOLA KONSULENTTJENESTER","ENK","","Annen teknisk konsulentvirksomhet","Innsidevegen 413","6475","MIDSUND","","","0"
"931743406","ISSAM FRISØR ADEL KURDI","ENK","","Andre post- og budtjenester","Amtmann Krohgs gate 3","6413","MOLDE","","","1"
"913004043","ISTAD AS","AS","11","Distribusjon av elektrisitet","Plutovegen 5","6419","MOLDE","71 21 35 00","","1"
"913867785","ISTAD FIBER AS","AS","11","Kabelbasert, satellittbasert og trådløs telekommunikasjon","Plutovegen 5","6419","MOLDE","","","1"
"981455460","ISTAD FJORDVARME AS","AS","","Produksjon av elektrisitet fra vannkraft","Plutovegen 5","6419","MOLDE","71 21 35 00","","0"
"928536289","ISTAD INFRASTRUKTUR AS","AS","","Kabelbasert, satellittbasert og trådløs telekommunikasjon","Plutovegen 5","6419","MOLDE","","","1"
"923253920","ISTAD KRAFT AS","AS","21","Produksjon av elektrisitet fra vannkraft","Plutovegen 5","6419","MOLDE","71 21 35 00","","1"
"931832883","ISTADGJERDET UTLEIE OG SERVICE IUS SØRLIE","ENK","","Utleie av egen eller leid fast eiendom","Istadvegen 1176","6453","KLEIVE","","","0"
"998896460","ISTADLI ANS","ANS","","Melkeproduksjon på storfe og oppdrett av melkekyr","Istadlia","6453","KLEIVE","","","1"
"876652242","ISTADLI SAMDRIFT ANS","ANS","","Dyrking av korn, unntatt ris, belgvekster og oljeholdige vekster","Istadlia","6453","KLEIVE","71 24 72 18","","0"
"990016402","IT-KONSULENTEN Arnt Blix Vaagsæter","ENK","","Konsulentvirksomhet tilknyttet informasjonsteknologi og forvaltning og drift av it-systemer","Ranesvegen 46","6456","SKÅLA","","","0"
"925703516","ITONOMI SOLUTIONS AS","AS","","Forskning og eksperimentell utvikling innenfor naturvitenskap og teknikk","Øvre veg 11","6413","MOLDE","","","1"
"922132232","ITVAKTA AS","AS","","Konsulentvirksomhet tilknyttet informasjonsteknologi og forvaltning og drift av it-systemer","c/o Per Otto Opstad Innsidevegen 448","6475","MIDSUND","","","1"
"921338287","IULIIA PUGACHEVA","ENK","","Skjønnhetspleie","Øvre Krohnstad veg 17","6421","MOLDE","","","1"
"911901463","IVAR ANDREAS OPDAHL","ENK","","Annen undervisning ellers","Talsetbakken 61","6456","SKÅLA","71 24 46 98","","0"
"967986534","IVAR HORSGÅRD","ENK","","Grunnarbeid","Langfjordvegen 869","6456","SKÅLA","","","1"
"913543432","IVAR KOSBERG AS","AS","","Utleie av egen eller leid fast eiendom","Storgata 15","6413","MOLDE","","","1"
"931057995","IVATHO HOLDING AS","AS","","Engroshandel med informasjons- og kommunikasjonsteknologiutstyr","c/o Ivar Asbjørn Thorvik Lyngvegen 35","6429","MOLDE","","","0"
"929523148","J & M FREDRIKSSON AS","AS","","Annen teknisk konsulentvirksomhet","Hamnegata 35","6413","MOLDE","","","1"
"925370657","J ASPHOL TJENESTER","ENK","","Utøvende kunstnerisk virksomhet og underholdningsvirksomhet innenfor musikk","Istadvegen 689","6453","KLEIVE","","","0"
"912654508","J DALENE ENK","ENK","","All annen faglig, vitenskapelig og teknisk virksomhet ikke nevnt annet sted","Røysan 10","6412","MOLDE","","","0"
"933217639","J-LOKNA INVEST AS","AS","","Uoppgitt","Ola Fladmarks veg 1","6412","MOLDE","","","1"
"959518408","J. BJØRSNØS HOLDING AS","AS","","Utleie av egen eller leid fast eiendom","Fannestrandvegen 51B","6415","MOLDE","71 20 59 99","","0"
"934430352","J.E. BRATTBAKK","ENK","","Avvirkning","Sørnesjevegen 11","6456","SKÅLA","","","1"
"925323063","J.E.GJØEN HOLDING AS","AS","","Uoppgitt","Husbyvegen 19","6470","ERESFJORD","","","0"
"985082855","J.HATLE AS","AS","","Annen rengjøringsvirksomhet og snømåking","Parkvegen 24","6413","MOLDE","","","1"
"987664444","J4 MOLDE AS","AS","","Utleie av egen eller leid fast eiendom","Nøisomhed","6405","MOLDE","71 20 22 00","","0"
"999608655","JA INTERIØR JORUNN ALSTADSÆTER","ENK","","Interiørdesignvirksomhet","Gideonvegen 14H","6412","MOLDE","","","1"
"926992481","JA TODAL","ENK","","Produksjon av fisk, bløtdyr, krepsdyr og pigghuder i sjø og brakkvann","Sollivegen 101B","6414","MOLDE","","","0"
"929060539","JACOBSEN AJX.STUDIO","ENK","","Skapende kunstnerisk virksomhet innenfor visuell kunst","Storgata 25","6413","MOLDE","","","0"
"936510361","JAFRAKT V/ JIM AUNE MALMEDAL","ENK","","Andre post- og budtjenester","Østre Plassveg 42","6415","MOLDE","","","1"
"898901882","JAKOBSNES EIENDOM AS","AS","","Kjøp og salg av egen fast eiendom","Eikremsvingen 9","6422","MOLDE","","","0"
"993366498","JAKT & FISKESPESIALISTEN AS","AS","8","Detaljhandel med sportsvarer","Lingedalsvegen 9","6415","MOLDE","71 25 77 00","www.sportsbutikken.no","1"
"935009790","JAKUPOVIC MOBILITY","ENK","","Andre personlige tjenester ikke nevnt annet sted","Solbakken 43A","6429","MOLDE","","","1"
"888896422","JAL - INVEST AS","AS","","Utleie av egen eller leid fast eiendom","Kringstadvegen 10","6411","MOLDE","","","1"
"930632236","JALON AS","AS","","Utleie av egen eller leid fast eiendom","Stuevollvegen 14B","6412","MOLDE","","","0"
"994469622","JAMAS AS","AS","","Utleie av egen eller leid fast eiendom","Moldegårdsvegen 5","6415","MOLDE","","","1"
"920229441","JAMELL AS","AS","","Bedriftsrådgivning og annen administrativ rådgivning","Måltrostvegen 15","6425","MOLDE","","","1"
"925347078","JAN BJARNE ØVERÅS","ENK","","Kombinerte tjenester tilknyttet eiendomsdrift","Neråsvegen 320","6470","ERESFJORD","","","1"
"970058338","JAN ERIK NERLAND","ENK","","Oppdrett av annet storfe til kjøttproduksjon og sædproduksjon","Øvregardsvegen 56","6364","VISTDAL","","","1"
"915245846","JAN FRODE FRISVOLL","ENK","","Dyrking av korn, unntatt ris, belgvekster og oljeholdige vekster","Kanndalsvegen 31","6470","ERESFJORD","","","0"
"912702979","JAN GREGOR AS","AS","","Andre egeninvesteringsselskaper","Jernspurvbakken 4","6425","MOLDE","","","0"
"933850773","JAN LØNSETHAGEN","ENK","","Godstransport på vei","Rypevegen 15","6415","MOLDE","","","1"
"982354390","JAN MAGNE DAHLE","ENK","","Grunnarbeid","Geitnesvegen 79","6456","SKÅLA","","","1"
"995976102","JAN OLAV RØYSLAND","ENK","","Gulvlegging og tapetsering","Einebæråsen 8","6429","MOLDE","","","0"
"947319485","JAN OLAV SLEMMEN","ENK","","Avvirkning","Fannestrandvegen 128","6419","MOLDE","","","0"
"970059628","JAN OLE VALSETH","ENK","","Melkeproduksjon på storfe og oppdrett av melkekyr","Dragetvegen 44","6457","BOLSØYA","","","0"
"920431992","JAN ÅGE SKOGBY","ENK","","Skogskjøtsel og andre skogbruksaktiviteter","Fannefjordsvegen 765","6421","MOLDE","","","1"
"933843211","JANEVARDEN AS","AS","","Uoppgitt","c/o Henriette Juliebø Mork Solbakken 37","6429","MOLDE","","","1"
"935709814","JANKOWSKI CATERING & UTLEIE","ENK","","Catering for arrangementer","Fannestrandvegen 117","6419","MOLDE","","","1"
"988635413","JANMA INVEST AS","AS","","Andre egeninvesteringsselskaper","Trastalia 34","6412","MOLDE","","","0"
"984744757","JANNE ØDEGÅRD","ENK","","Oppdrett av annet storfe til kjøttproduksjon og sædproduksjon","Istadvegen 1172","6453","KLEIVE","71 22 91 49","","1"
"991749705","JANO MOEN ENTERTAINMENT","ENK","","Utøvende kunstnerisk virksomhet og underholdningsvirksomhet innenfor musikk","Fannestrandvegen 10","6415","MOLDE","","","0"
"992174102","JAPESTO AS","AS","","Utvikling og salg av byggeprosjekter","Bjørnstjerne Bjørnsons veg 98B","6410","MOLDE","","","1"
"998040078","JARG HOLDING AS","AS","","Fiske og fangst i sjø","v/Jarle Gangstad","6475","MIDSUND","","","0"
"984881150","JARLAUG HALSE INNGÅR I DØDSBO","ENK","","Sauehold","Osvegen 599","6453","KLEIVE","","","1"
"914504678","JARLE BERG INVEST AS","AS","","Andre egeninvesteringsselskaper","Myrvegen 34","6421","MOLDE","","","0"
"922354480","JARON PROSJEKT - SIVILINGENIØR JANN REISTAD","ENK","","Byggeteknisk konsulentvirksomhet","Oterhammaren 10","6456","SKÅLA","","","0"
"931544861","JAY MATURAN","ENK","","Fotografvirksomhet","Margareta Dahls gate 40","6413","MOLDE","","jmaturan.com","1"
"993919535","JAZZ & FISKE Petter Pettersson","ENK","","Skapende kunstnerisk virksomhet innenfor litteratur","Storgata 36","6413","MOLDE","71 21 93 51","","0"
"928919781","JBF AS","AS","","Kombinerte tjenester tilknyttet eiendomsdrift","Skrenten 11","6411","MOLDE","","","1"
"925961450","JBF JOHN BIRGER FLADBY","ENK","","Reklamebyråvirksomhet","Øverbøen 43","6411","MOLDE","","","1"
"995232308","JDK INVEST AS","AS","","Engroshandel med deler og utstyr for motorvogner","c/o Kurt Aaram Sollivegen 78","6414","MOLDE","","","0"
"911891999","JEI HOLDING AS","AS","","Byggeteknisk konsulentvirksomhet","Synnøves veg 15","6429","MOLDE","","","0"
"923561463","JEN HOLDING AS","AS","","Uoppgitt","Bolignummer H204 Gideonvegen 18","6412","MOLDE","","","0"
"895673862","JENDEM NÆRINGSBYGG AS","AS","","Utleie av egen eller leid fast eiendom","Julsundvegen 113","6410","MOLDE","","","1"
"937303920","JENKINS-BERG CLOTHING","ENK","","Detaljhandel med klær","Gørvellalleen 3","6413","MOLDE","","","1"
"899266722","JENNY STØLEN INVEST AS","AS","","Andre egeninvesteringsselskaper","Sjøslettevegen 65","6475","MIDSUND","","","0"
"916284438","JENS KRISTIAN MORDAL MUSIKKTJENESTER","ENK","","Annen undervisning innenfor kultur","Bjørnstjerne Bjørnsons veg 110","6410","MOLDE","","","1"
"985094527","JENSEN BYGG Jens Vesterlund Jensen","ENK","","Oppføring av bygninger","c/o Dalsbø Regnskap AS Torget 4","6413","MOLDE","","","1"
"927343142","JENSET CONSULTING","ENK","","Konsulentvirksomhet tilknyttet informasjonsteknologi og forvaltning og drift av it-systemer","c/o Svein Erik Jenset Birkelandvegen 56A","6423","MOLDE","","","0"
"926873997","JENSET FOTOPRINT","ENK","","Fotografvirksomhet","Heimstevikvegen 19","6475","MIDSUND","","","0"
"915325920","JENSETS FRILUFTSTJENESTER","ENK","","Guide- og reiseledervirksomhet","Rypevegen 17","6415","MOLDE","","","0"
"835645312","JEREMIASSEN MULTISERVICE","ENK","","Snekkerarbeid","Notvollvegen 20","6456","SKÅLA","","","1"
"931147234","JF HOLDING AS","AS","","Utleie av egen eller leid fast eiendom","Myrabakken 2","6413","MOLDE","","","0"
"929520203","JFK PRIVAT HOLDING AS","AS","","Uoppgitt","Skrenten 16L","6411","MOLDE","","","0"
"933785211","JHANAK HANAK","ENK","","Dataprogrammeringstjenester","Øverbøen 8","6411","MOLDE","","","1"
"915431364","JIER HOLDING AS","AS","","Andre egeninvesteringsselskaper","Flaggspettvegen 13","6425","MOLDE","","","0"
"928593282","JIPPIII AS","AS","","Utleie og leasing av biler og andre lette motorvogner","Frænavegen 45","6415","MOLDE","","jippiii.com","1"
"932475065","JKAR HOLDING AS","AS","","Uoppgitt","Hammervollhagen 30","6460","EIDSVÅG I ROMSDAL","","","1"
"926875027","JKD HOLDING AS","AS","","Uoppgitt","H0102 Røysan 10","6412","MOLDE","","","0"
"926459252","JKL INVEST AS","AS","","Uoppgitt","Eikremsvingen 6","6422","MOLDE","","","1"
"988885258","JML HOLDING AS","AS","","Reparasjon og vedlikehold av motorvogner","Julsundvegen 2","6412","MOLDE","71 25 31 49","","0"
"837967562","JMT STUDIO JANNICKE MARTINSEN THOMASSEN","ENK","","","Elgsåslia 26","6421","MOLDE","","","0"
"924818980","JO TORE BÆVERFJORD","ENK","","Andre tjenester tilknyttet kunstnerisk virksomhet og underholdningsvirksomhet","Setervegen 6","6411","MOLDE","","","0"
"996166791","JOAKIM LANGE BYGG OG KJØTT","ENK","","Oppføring av bygninger","Langevegen 97","6364","VISTDAL","","","1"
"979595484","JOBE HOLDING AS","AS","","Engroshandel med jernvarer, rørleggerartikler og oppvarmingsutstyr","Årøsetervegen 17","6422","MOLDE","","","1"
"812292862","JOGARDEN DRIFT JØRGEN NORDHEIM","ENK","","Dyrking av ettårige vekster ellers","Reinhold Zieglers veg 1","6414","MOLDE","","","1"
"988635340","JOGARDEN INVEST AS","AS","","Utleie av egen eller leid fast eiendom","c/o Wenche Kjøll Statsråd Astrups gate 2","6413","MOLDE","71 25 12 10","","1"
"930650331","JOHANNA MØRCK","ENK","","Utøvende kunstnerisk virksomhet og underholdningsvirksomhet innenfor scenekunst","Margareta Dahls gate 38","6413","MOLDE","","","1"
"919219629","JOHANNE ELISE BAKKE BÆVERFJORD","ENK","","Undervisning innenfor idrett og rekreasjon","Amtmann Hammers veg 26","6413","MOLDE","","","0"
"927981564","JOHANNES BLEKKEN HANSEN","ENK","","Reklamebyråvirksomhet","Tømmervegen 2","6414","MOLDE","","","0"
"965563520","JOHANNES KJERSTAD MASKINERING","ENK","","Bearbeiding av metaller","Jupitervegen 5","6419","MOLDE","","","1"
"935061342","JOHANNES STØRKSEN AS","AS","","Fiske og fangst i sjø","Sirivegen 46","6411","MOLDE","","","0"
"911884399","JOHANNESSEN MUSIKK","ENK","","Utøvende kunstnerisk virksomhet og underholdningsvirksomhet innenfor musikk","Osvegen 125","6453","KLEIVE","","","1"
"923965548","JOHANSEN BYGG","ENK","","Annen spesialisert bygge- og anleggsvirksomhet ikke nevnt annet sted","Uranusvegen 8A","6419","MOLDE","","","1"
"922240078","JOHN ARNE LARSEN","ENK","","Spesialiserte legetjenester, unntatt psykiatriske legetjenester","Bjørsetbovegen 7","6410","MOLDE","","","1"
"834476282","JOHN EIDSØR HOLDING AS","AS","","Uoppgitt","Talsetvegen 27","6460","EIDSVÅG I ROMSDAL","","","1"
"969233703","JOHN HELDE","ENK","","Tjenester tilknyttet planteproduksjon","Vistdalsvegen 1594","6364","VISTDAL","","","0"
"920631584","JOHN LINGEN INVEST AS","AS","","Geologiske undersøkelser","Paradiset 10","6456","SKÅLA","","","0"
"915140297","JOHN PALMAR ØDEGAARD","ENK","","Avvirkning","Ødegård Vistdalsvegen 1460","6364","VISTDAL","","","0"
"914929652","JOHN ROTTEM","ENK","","Andre helsetjenester ellers","Tyttebærsvingen 15","6429","MOLDE","","","1"
"934348745","JOHNNY VÅGSETER MALER OG GULV SERVICE","ENK","","Maler- og glassarbeid","Osvegen 1129","6455","KORTGARDEN","","","1"
"821234662","JOHNSON ENTERTAINMENT","ENK","","Utøvende kunstnerisk virksomhet og underholdningsvirksomhet innenfor musikk","Øverbøen 31","6411","MOLDE","","","0"
"826164522","JOHSVE INVEST AS","AS","","Uoppgitt","Bokfinkvegen 40","6425","MOLDE","","","0"
"928688984","JON ARNE HAUGEN","ENK","","Bryting av dekorstein, kalkstein, gips, skifer og annen stein","Svenslivegen 110","6460","EIDSVÅG I ROMSDAL","","","1"
"969848880","JON BIRGER BUGGE","ENK","","Melkeproduksjon på storfe og oppdrett av melkekyr","Boggestranda 429","6460","EIDSVÅG I ROMSDAL","","","0"
"991959580","JON OLAV KRAKELI","ENK","","Melkeproduksjon på storfe og oppdrett av melkekyr","Istadlivegen 201","6453","KLEIVE","","","1"
"931729624","JONAS BERGETUN LYSTER BYGG","ENK","","Oppføring av bygninger","Rødstrandvegen 129","6460","EIDSVÅG I ROMSDAL","","","1"
"932179377","JONAS P A FUGLSETH LYSDESIGN","ENK","","Andre tjenester tilknyttet kunstnerisk virksomhet og underholdningsvirksomhet","Bjørnstjerne Bjørnsons veg 82","6412","MOLDE","","","0"
"829543192","JONASSO AS","AS","","Uoppgitt","Margareta Dahls gate 12","6413","MOLDE","","","0"
"814852482","JONIKA HOLDING AS","AS","","Oppføring av bygninger","Fannestrandvegen 53","6415","MOLDE","","","0"
"922238928","JORDBÆRPIKENE ROSEBY AS","AS","21","Drift av restauranter","Lingedalsvegen 6","6415","MOLDE","","","1"
"934864328","JORDMOR HELEN AS","AS","","Andre helsetjenester ellers","Eidsvågvegen 59","6460","EIDSVÅG I ROMSDAL","","www.jordmorhelen.no","1"
"933021777","JORDMOR INGEBORG HJERTVIK","ENK","","Andre helsetjenester ellers","Blokkebærvegen 52","6429","MOLDE","","","1"
"933430766","JORUN SIMENSEN GLEDEOGBALANSE","ENK","","Reklamebyråvirksomhet","Hauanvegen 5","6414","MOLDE","","","1"
"899101502","JORUNN GUNNERØD","ENK","","Melkeproduksjon på storfe og oppdrett av melkekyr","Langholvegen 13","6453","KLEIVE","","","1"
"924540435","JOSEFSEN","ENK","","Formidlingstjenester tilknyttet detaljhandel med spesialisert vareutvalg","Gideonvegen 18","6412","MOLDE","","","0"
"921269285","JOSTEIN GODØ INVEST AS","AS","","Utleie av egen eller leid fast eiendom","Bakkevegen 16","6475","MIDSUND","","","0"
"935581109","JOSTEIN NYGAARD","ENK","","Allmennlegetjenester","Storgata 12","6413","MOLDE","","","1"
"919593911","JOURNALISTHEEN EIRIK HEEN","ENK","","Skapende kunstnerisk virksomhet innenfor litteratur","Østre Plassveg 16","6415","MOLDE","","","0"
"931127438","JR-SERVICE ROALDSET","ENK","","Reparasjon og vedlikehold av motorvogner","Høglivegen 25D","6450","HJELSET","","","0"
"933546896","JSTRAND AS","AS","","Uoppgitt","c/o Joakim Strand Frænavegen 468A","6423","MOLDE","","","1"
"991422137","JULBØ HOLDING AS","AS","","Andre egeninvesteringsselskaper","Julsundvegen 984","6411","MOLDE","","","0"
"987856130","JULIAN BEYER","ENK","","Dyrking av korn, unntatt ris, belgvekster og oljeholdige vekster","Bjørnes Gård Slenesvegen 71","6470","ERESFJORD","71 23 43 32","villa-langfjord.no","1"
"925383996","JULIE ARNESEN","ENK","","Allmennlegetjenester","c/o Julie Synnøve Arnesen Leilighet 8 Stuevollvegen 2","6412","MOLDE","","","0"
"925687383","JULIE MORDAL SYSLAK","ENK","","Utøvende kunstnerisk virksomhet og underholdningsvirksomhet innenfor scenekunst","Bergmovegen 13","6419","MOLDE","","","0"
"987664401","JULSUNDVEGEN 4 MOLDE AS","AS","","Utleie av egen eller leid fast eiendom","Nøysomhed","6405","MOLDE","71 20 22 00","","1"
"912179087","JULSUNDVEGEN 47 AS","AS","","Utleie av egen eller leid fast eiendom","Bergmovegen 48","6419","MOLDE","","","1"
"917624305","JULSUNDVEGEN 91-93 AS","AS","","Eiendomsforvaltning på oppdrag","c/o Andreas Ringdal Julsundvegen 93","6412","MOLDE","","","1"
"945712015","JULSUNDVEIEN 47 ANS","ANS","","Utleie av egen eller leid fast eiendom","Bergmovegen 48","6419","MOLDE","71 20 27 00","","0"
"929618505","JUNE FLADBY","ENK","","Undervisning innenfor idrett og rekreasjon","Øverbøen 43","6411","MOLDE","","","0"
"925378763","JUNE VESTAVIK","ENK","","Bedriftsrådgivning og annen administrativ rådgivning","Hjellmyrnakken 30","6429","MOLDE","","","1"
"916365047","JUPITERVN. 7 AS","AS","","Utleie av egen eller leid fast eiendom","Jupitervegen 7","6419","MOLDE","","","1"
"817681972","JURO EIENDOM AS","AS","","Utleie av egen eller leid fast eiendom","Storgata 9","6413","MOLDE","","","1"
"918633227","JURO FRITID AS","AS","","Oppføring av bygninger","Hjellmyrnakken 30","6429","MOLDE","","","1"
"918483500","JURO HOLDING AS","AS","","Oppføring av bygninger","Hjellmyrnakken 30","6429","MOLDE","","","0"
"921495730","JURO RENT AS","AS","","Utleie av egen eller leid fast eiendom","Hjellmyrnakken 30","6429","MOLDE","","","1"
"933156680","JUS EIENDOM AS","AS","","Utleie av egen eller leid fast eiendom","Hjellmyrnakken 30","6429","MOLDE","","","1"
"998463319","JYF HOLDING AS","AS","","Utleie av egen eller leid fast eiendom","Thiisløypa 6","6414","MOLDE","","","1"
"999318126","JÆGER HOLDING AS","AS","","Utleie av egen eller leid fast eiendom","c/o Jostein Tverdal Nordteigen 13","6416","MOLDE","","","1"
"822327192","JØRGEN MONSÅS","ENK","","Dyrking av ettårige vekster ellers","c/o Jørgen Lie Monsås Skålavegen 1035","6456","SKÅLA","","","1"
"923571922","JØRGEN TORSEN","ENK","","Treningssentervirksomhet","Skrenten 11","6411","MOLDE","","","0"
"933317048","JØRGEN TVEITERÅS","ENK","","Bedriftsrådgivning og annen administrativ rådgivning","Grasskaret 8","6429","MOLDE","","","1"
"919906758","JØRSTAD MULTISERVICE","ENK","","Reparasjon og vedlikehold av motorvogner","Syltebøvegen 14","6470","ERESFJORD","","","1"
"987543671","JØRUND SVENSLI","ENK","","Undervisning innenfor idrett og rekreasjon","Nedre Liedgardsveg 12","6460","EIDSVÅG I ROMSDAL","71 23 23 51","","0"
"988706914","JØRVOLL OG BJØRNES SAMDRIFT DA","DA","","Melkeproduksjon på storfe og oppdrett av melkekyr","v/Terje Frisvoll","6470","ERESFJORD","71 23 43 34","","0"
"979487665","K EIKEBØ","ENK","","Maler- og glassarbeid","Utsidevegen 84","6475","MIDSUND","71 27 95 57","","1"
"926525409","K HAGENS INVEST AS","AS","","Utleie av egen eller leid fast eiendom","Istadvegen 604","6453","KLEIVE","","","1"
"932863693","K NÆSHEIM","ENK","","Industri-, produkt- og motedesignvirksomhet","Utsidevegen 455","6475","MIDSUND","","","1"
"996306348","K STØLEN INVEST AS","AS","","Andre egeninvesteringsselskaper","","6475","MIDSUND","","","0"
"921671369","K-R PRESENNINGER AS","AS","","Produksjon av tekstiler til teknisk og industriell bruk","Årøsetervegen 5","6422","MOLDE","","","1"
"934295862","K. ARNESDATTER","ENK","","Interiørdesignvirksomhet","Henrik Ibsens veg 12","6413","MOLDE","","","1"
"931713647","K. GUSSIÅS AS","AS","5","Grunnarbeid","Nyjordsvegen 18","6453","KLEIVE","","","1"
"898380262","K. I. GAMSGRØ TRANSPORT AS","AS","","Godstransport på vei","Hammervollhagen 36","6460","EIDSVÅG I ROMSDAL","71 23 22 86","","1"
"988074292","K. JØRGENSEN","ENK","","Annen virksomhet for distribuering av innhold","Kreklingbakken 21","6429","MOLDE","","","1"
"937651562","K. JØRGENSEN INVEST AS","AS","","Uoppgitt","Kreklingbakken 21","6429","MOLDE","","","1"
"915857817","K. KLUNGNES","ENK","","Rørleggerarbeid","c/o Kristian Klungnes Nordnesjevegen 22","6456","SKÅLA","","","0"
"935595991","K. KRISTOFFERSEN HOLDING AS","AS","","Uoppgitt","Ingrids veg 12A","6429","MOLDE","","","1"
"996686752","K. MYKLEBUST AS","AS","","Produksjon av andre trevarer og varer av kork, strå og flettematerialer","Stormyra 9","6409","MOLDE","","","1"
"988978957","K.A ORØ","ENK","","Bedriftsrådgivning og annen administrativ rådgivning","Birkelandvegen 93","6423","MOLDE","","","0"
"926099183","K.A. AARAM","ENK","","Annen spesialisert byggevirksomhet i forbindelse med oppføring av bygninger","Vårbekkvegen 3","6450","HJELSET","","","1"
"914422159","K.JE INVEST AS","AS","","Bedriftsrådgivning og annen administrativ rådgivning","Bokfinkvegen 40","6425","MOLDE","","","0"
"996306356","KA HOLE INVEST AS","AS","","Andre egeninvesteringsselskaper","","6475","MIDSUND","","","0"
"997871413","KA NYGÅRD HOLDING AS","AS","","Andre egeninvesteringsselskaper","c/o Kjartan Andre Nygård","6475","MIDSUND","","","0"
"939241566","KABARETHUSET AS","AS","","Utleie av egen eller leid fast eiendom","Rotvoll","6410","MOLDE","","","0"
"936288693","KAHA INVEST AS","AS","","Uoppgitt","Røbekkhagen 12","6421","MOLDE","","","1"
"932008963","KAI ANDRÈ VALDERHAUG","ENK","","Reklamebyråvirksomhet","Enenvegen 14C","6416","MOLDE","","","0"
"988457728","KAI GUSSIÅS","ENK","","Oppdrett av annet storfe til kjøttproduksjon og sædproduksjon","Nyjordsvegen 18","6453","KLEIVE","","","1"
"936283179","KAIA SVENSEN IDRETT OG KONSULENT","ENK","","Undervisning innenfor idrett og rekreasjon","Tyttebærsvingen 28","6429","MOLDE","","","1"
"918681183","KAKA AS","AS","","Andre egeninvesteringsselskaper","Birkelandvegen 82","6423","MOLDE","","","1"
"932012618","KALAMARIS INVEST AS","AS","","Andre tjenester tilknyttet kunstnerisk virksomhet og underholdningsvirksomhet","Hatlehaugvegen 8","6414","MOLDE","","","0"
"924371463","KALK V/AGNES ELISABETH AARØE BERG","ENK","","Bryting av dekorstein, kalkstein, gips, skifer og annen stein","Tiriltungevegen 56","6423","MOLDE","","","1"
"934766024","KALLMYR COACHING","ENK","","Undervisning innenfor idrett og rekreasjon","Trastalia 22","6412","MOLDE","","","1"
"880604732","KAMCO AS","AS","","Annen teknisk konsulentvirksomhet","Gamlevegen 3","6423","MOLDE","71 25 61 41","","0"
"994871625","KAMI HOLDING AS","AS","","Andre egeninvesteringsselskaper","c/o Karsten Misund","6475","MIDSUND","","","0"
"914549396","KAMILLION AS","AS","","Andre egeninvesteringsselskaper","Kringsjåvegen 11B","6414","MOLDE","","","0"
"933072924","KAMMO INDUSTRIES AS","AS","","Bedriftsrådgivning og annen administrativ rådgivning","Alexander Kiellands veg 15","6413","MOLDE","","","1"
"925689475","KARIANNE BRUDESET AS","AS","","Detaljhandel med innredningsartikler ikke nevnt annet sted","Fannebostadvegen 39","6423","MOLDE","","","0"
"923131124","KARIM & RAMONA SUBASU / BUNAD SYSTUE","ENK","","Produksjon av yttertøy","Storgata 22","6413","MOLDE","","","1"
"932317087","KARIMALO HOLDING AS","AS","","Uoppgitt","c/o Kari Anne Malo Ødegård Fannebakken 25","6423","MOLDE","","","0"
"988383163","KARIN SKJETNE","ENK","","Annen undervisning ellers","Hauanvegen 1A","6414","MOLDE","71 25 53 27","","0"
"935543665","KARL HÅNDLYKKEN HOLDING AS","AS","","Uoppgitt","Ranesvegen 41","6456","SKÅLA","","","1"
"932454777","KARLSEN CAPITAL AS","AS","","Uoppgitt","c/o Preben Toven Karlsen Einar O. Bergs veg 14B","6423","MOLDE","","","0"
"986282491","KARMEN GAVER & DESIGN ANS","ANS","","Detaljhandel med bredt vareutvalg ellers","Parkvegen 72","6412","MOLDE","","","1"
"927964287","KAROLINA KRUCZYNSKA","ENK","","Skjønnhetspleie","Moldetorget 3 egt Torget 1","6413","MOLDE","","","1"
"985294976","KARSTEN A JOHANNESSEN","ENK","","Regnskapsføring og bokføring","Røsbergvegen 27","6453","KLEIVE","71 24 10 90","","1"
"829762072","KASP AS","AS","","Uoppgitt","Museumsvegen 1","6413","MOLDE","","","0"
"969232332","KASPER MARENO MITTET","ENK","","Dyrking av ettårige vekster ellers","Åsagardvegen 371","6460","EIDSVÅG I ROMSDAL","","","1"
"928309665","KATHRINE RØDSETH NERLAND HOLDING AS","AS","","Uoppgitt","Sollivegen 70","6414","MOLDE","","","0"
"935029929","KAVA KOVNATSKYI","ENK","","Oppføring av bygninger","Tangevegen 12","6475","MIDSUND","","","1"
"934652681","KB MARKETING AS","AS","","Produksjon av brød og ferske konditorvarer","Barvegen 2","6411","MOLDE","","","1"
"984647867","KC UTLEIE Anne Marie Smistad Kalseth","ENK","","Ortopedi- og fotterapitjenester","Meisalstranda 9","6460","EIDSVÅG I ROMSDAL","71 23 34 11","www.mamut.com/topptiltaa","1"
"995108887","KC-TJENESTER AS","AS","15","Drift av campingplasser","Fannestrandvegen 140","6419","MOLDE","","","1"
"937174640","KDTV AS","AS","","Kjøp og salg av egen fast eiendom","Dragetvegen 59","6457","BOLSØYA","","","1"
"913226135","KELIO DAGLIGVARE AS","AS","15","Detaljhandel med bredt vareutvalg med hovedvekt på nærings- og nytelsesmidler","Lyngjavegen 8","6475","MIDSUND","","","1"
"932233983","KELISI AS","AS","","Reklamebyråvirksomhet","Lyngvegen 29","6429","MOLDE","","","1"
"935763061","KENG HOLDING AS","AS","","Uoppgitt","Blokkebærvegen 2","6429","MOLDE","","","1"
"933907171","KETIL MALO PP","ENK","","Kombinerte tjenester tilknyttet eiendomsdrift","Åsleet 45","6456","SKÅLA","","","1"
"937551606","KETIL VESTAD ELEKTRO","ENK","","Elektrisk installasjonsarbeid","Håkon Herdebreis veg 833","6418","SEKKEN","","","1"
"934495209","KH28 INVEST AS","AS","","Uoppgitt","Cecilienfrydvegen 38","6412","MOLDE","","","1"
"927582325","KHADAR HASSAN ISMAIL","ENK","","Passasjertransport på forespørsel utført av fører med kjøretøy","Blokkebærvegen 53D","6429","MOLDE","","","0"
"932070529","KHJELSET INVEST AS","AS","","Uoppgitt","Hjelsetvegen 47B","6450","HJELSET","","","0"
"983800378","KICK MENTZONI LYS OG SCENEPRODUKSJON","ENK","","Andre tjenester tilknyttet kunstnerisk virksomhet og underholdningsvirksomhet","Åsleet 26B","6456","SKÅLA","","","1"
"918286179","KIGO AS","AS","","Uoppgitt","Raknesvegen 161","6475","MIDSUND","","","0"
"996306275","KIH INVEST AS","AS","","Andre egeninvesteringsselskaper","Gurehaugvegen 32","6475","MIDSUND","","","0"
"930509698","KIIRA RAUD","ENK","","Utøvende kunstnerisk virksomhet og underholdningsvirksomhet innenfor musikk","Raumavegen 10C","6410","MOLDE","","","1"
"918439331","KIM KLOKSET","ENK","","Sauehold","Øvervegen 16","6460","EIDSVÅG I ROMSDAL","","","1"
"917630518","KINOALLIANSEN AS","AS","","Bedriftsrådgivning og annen administrativ rådgivning","C/O Molde Kino AS Gotfred Lies plass 1","6415","MOLDE","","","1"
"925173568","KIPPERNES KIROPRAKTIKK AS","AS","","Aktiviteter innenfor tradisjonell, komplementær og alternativ medisin","Inngang 2 Julsundvegen 14","6412","MOLDE","","","1"
"937294840","KIPPERNESET AS","AS","","Uoppgitt","Glomstuvegen 2B","6412","MOLDE","","","1"
"989007246","KIRKEBAKKEN 5 MOLDE AS","AS","","Utleie av egen eller leid fast eiendom","Nøisomhed","6405","MOLDE","71 20 22 00","","1"
"981829255","KIRKEBAKKEN FOTTERAPI MARIANN BØE","ENK","","Ortopedi- og fotterapitjenester","Veøygata 1","6413","MOLDE","71 11 14 16","","1"
"934810740","KIRKELAND BEGRAVELSESBYRÅ AS","AS","16","Begravelsesbyråvirksomhet og lignende tjenester","Verftsgata 6","6416","MOLDE","","","1"
"934758161","KIRKELAND HOLDING AS","AS","","Uoppgitt","Ingebriktvegen 10B","6410","MOLDE","","","1"
"921705239","KIROPRAKTOR KRISTINA KIPPERNES","ENK","","Aktiviteter innenfor tradisjonell, komplementær og alternativ medisin","Julsundvegen 14","6412","MOLDE","","","0"
"829118572","KIROPRAKTOR SAGLI AS","AS","","Aktiviteter innenfor tradisjonell, komplementær og alternativ medisin","Solbakken 42A","6429","MOLDE","","","1"
"986747656","KIRSCH NORWAY AS","AS","","Engroshandel med andre husholdningsvarer","c/o HD Solskjerning AS Årøsetervegen 10","6422","MOLDE","22 90 77 00","","1"
"981849671","KIRSTI BJERKVIK","ENK","","Skapende kunstnerisk virksomhet innenfor visuell kunst","Sagvegen 15","6412","MOLDE","71 25 59 35","","0"
"969231859","KIRSTI FAGERSLETT","ENK","","Dyrking av korn, unntatt ris, belgvekster og oljeholdige vekster","Fagerslett Syltebøvegen 78","6470","ERESFJORD","","","1"
"921578938","KITEL AKTIV","ENK","","Undervisning innenfor idrett og rekreasjon","Sollivegen 27B","6414","MOLDE","","","0"
"927048183","KITELS DRØM","ENK","","Undervisning innenfor idrett og rekreasjon","Sollivegen 27B","6414","MOLDE","","","1"
"984244886","KITOS AS","AS","","Utleie av egen eller leid fast eiendom","Jupitervegen 1","6419","MOLDE","70 27 98 01","","1"
"925387444","KJELL ARILD ISTAD","ENK","","Utøvende kunstnerisk virksomhet og underholdningsvirksomhet innenfor musikk","Istadlivegen 127","6453","KLEIVE","","","0"
"981956834","KJELL ERIK STRØMSKAG","ENK","","Allmennlegetjenester","Kringsjåvegen 19","6414","MOLDE","","","0"
"969856743","KJELL IVAR ROMULD","ENK","","Oppdrett av annet storfe til kjøttproduksjon og sædproduksjon","Ytre Romoldveg 18","6453","KLEIVE","71 24 10 40","","1"
"913569520","KJELL NEKSTAD","ENK","","Skapende kunstnerisk virksomhet innenfor litteratur","Fasanvegen 9","6416","MOLDE","","","0"
"933144313","KJELL NYLAND MUSIKKTJENESTER","ENK","","Utøvende kunstnerisk virksomhet og underholdningsvirksomhet innenfor musikk","Mårskrenten 24","6425","MOLDE","","","1"
"934538196","KJELL THORSRUDHAGEN MOLDE-SYKKEL","ENK","","Reparasjon og vedlikehold av andre husholdningsvarer og varer til personlig bruk ikke nevnt annet sted","Jakob Bjørnås veg 12","6416","MOLDE","","www.moldesykkel.no","1"
"921991401","KJELLER VEST EIENDOM AS","AS","","Utleie av egen eller leid fast eiendom","Baklivegen 27","6450","HJELSET","","","1"
"936492606","KJERSEM INVEST AS","AS","","Uoppgitt","c/o Maria Kjersem Solbakken 45A","6429","MOLDE","","","1"
"824619212","KJERSTI BOTN SANDAL","ENK","","Utøvende kunstnerisk virksomhet og underholdningsvirksomhet innenfor scenekunst","Holvegen 10B","6414","MOLDE","","","0"
"912773914","KJERSTI FLØYSTAD ELLINGSGÅRD","ENK","","Melkeproduksjon på storfe og oppdrett av melkekyr","Kjerkjehaugvegen 15","6457","BOLSØYA","","","1"
"988549924","KJERSTI HESTAD","ENK","","Allmennlegetjenester","Talsetvegen 91","6460","EIDSVÅG I ROMSDAL","71 23 12 00","","0"
"995915979","KJETIL GJELSTENLI","ENK","","Utøvende kunstnerisk virksomhet og underholdningsvirksomhet innenfor musikk","Grandvegen 5A","6415","MOLDE","","","0"
"952501232","KJETIL GUSSIÅS","ENK","","Reparasjon og vedlikehold av maskiner","Nyjordsvegen 22","6453","KLEIVE","","","1"
"937054246","KJØHR MOLDE AS","AS","","Undervisning ved godkjente trafikkskoler","Grandfjæra 32","6415","MOLDE","","","1"
"987873000","KJØLL INVEST AS","AS","","Andre egeninvesteringsselskaper","Sagvegen 19","6412","MOLDE","71 21 69 50","","0"
"916063253","KJØLSTAD HMS RÅDGIVNING","ENK","","Forebyggende helsearbeid","Gamlevegen 2","6423","MOLDE","","","0"
"917249202","KJØNNØY FOTO","ENK","","Fotografvirksomhet","Fjellskaret 29D","6416","MOLDE","","","0"
"940219973","KK-VENTILASJON AS","AS","","Ventilasjonsarbeid","Fannefjordsvegen 877","6450","HJELSET","71 19 13 30","","0"
"937359586","KLAR LUNAR DESIGN STUDIO MARCIN KUBIAK","ENK","","Skapende kunstnerisk virksomhet innenfor visuell kunst","Håkon Herdebreis veg 818","6418","SEKKEN","","","1"
"935629152","KLAR ØYEKLINIKK AS","AS","","Spesialiserte legetjenester, unntatt psykiatriske legetjenester","Rektor Brinchmanns gate 1","6413","MOLDE","","","1"
"935806798","KLARFORENDRING AS","AS","","Annen undervisning ellers","Reinhold Zieglers veg 21A","6414","MOLDE","","klarforendring.no","1"
"992384522","KLATRER1 AS","AS","","Kjøp og salg av egen fast eiendom","Aukravegen 16","6414","MOLDE","","","0"
"889196742","KLAUS HOSETH AS","AS","","Andre egeninvesteringsselskaper","Nerlandsvegen 27","6416","MOLDE","","","0"
"981201493","Klauset Lars Rikard","ENK","","Sauehold","Innsidevegen 1036","6475","MIDSUND","","","1"
"919289406","KLEIVE UTLEIE AS","AS","","Utleie av egen eller leid fast eiendom","Nesbakken 4","6453","KLEIVE","","","1"
"951816337","KLEPPEN GOLF Bjørn Jarle Kleppen","ENK","","Undervisning innenfor idrett og rekreasjon","Elvegata 13C","6413","MOLDE","","","1"
"934256581","KLEPPEN MEKANISKE","ENK","","Detaljhandel med deler og utstyr til motorvogner","Hovdenakkvegen 6","6456","SKÅLA","","","1"
"932318741","KLINGE DEKK & SERVICE AS","AS","","Detaljhandel med deler og utstyr til motorvogner","Raknesvegen 44","6475","MIDSUND","","","1"
"929004787","KLINGE SERVICE","ENK","","Detaljhandel med deler og utstyr til motorvogner","Raknesvegen 44","6475","MIDSUND","","","1"
"815886542","KLINIKK FOR FYSIOTERAPI & SMERTEMESTRING AS","AS","","Fysioterapi- og ergoterapitjenester","Midsund sjukeheim","6475","MIDSUND","","","1"
"987201444","KLINISK ERNÆRINGSFYSIOLOG - FOR KRONISKE HELSEPLAGER OG VEKTREDUKSJON, HENRIETTE NERLAND","ENK","","Andre helsetjenester ellers","c/o Henriette Nerland Leil. 9090 Sollivegen 101B","6414","MOLDE","","","0"
"928799964","KLIPPERIET KLEIVE AS","AS","","Frisering og barbering","Istadvegen 611","6453","KLEIVE","","","1"
"927385147","KLIPRA CAMPING AS","AS","","Drift av campingplasser","Skålavegen 950","6456","SKÅLA","","","1"
"925203815","KLOKSET ETTERSØK","ENK","","Jakt, fangst, viltstell og tilknyttede tjenester","Øvervegen 16","6460","EIDSVÅG I ROMSDAL","","","1"
"934377079","KLOKSETH SHARPSENSEI","ENK","","Detaljhandel med innredningsartikler ikke nevnt annet sted","Vølvegen 68","6475","MIDSUND","","","1"
"937521979","KLUNDERUD FYSIOTERAPI","ENK","","Fysioterapi- og ergoterapitjenester","Mikkelivegen 33","6429","MOLDE","","","1"
"925726532","KNAST AS","AS","","Uoppgitt","Heramb-Aamots veg 12","6414","MOLDE","","","0"
"874385832","KNEIPPEN MOLDE AS","AS","20","Detaljhandel med bakervarer, konditorvarer og sukkervarer","Torget 1","6413","MOLDE","71 21 94 00","","1"
"929258304","KNUDSON DRIFT","ENK","","Etterforskningstjenester og private vakttjenester","Romsdalsgata 5","6413","MOLDE","","","1"
"970281592","KNUT ANDERS ISTAD","ENK","","Oppføring av bygninger","Nyjordsvegen 2","6453","KLEIVE","71 24 73 13","","1"
"932898594","KNUT ARNE BUGGE","ENK","","Avvirkning","Boggestranda 235","6460","EIDSVÅG I ROMSDAL","","","1"
"983805159","KNUT ARNE VIKE","ENK","","Sauehold","Eikesdalsvegen 903","6470","ERESFJORD","","","1"
"988763365","KNUT ARVID JOHANSEN","ENK","","Dyrking av korn, unntatt ris, belgvekster og oljeholdige vekster","Øvre Istad veg 4","6453","KLEIVE","","","1"
"935786258","KNUT BERGSBAKK","ENK","","Reparasjon og vedlikehold av maskiner","Grønnesvegen 701","6456","SKÅLA","","","1"
"915049478","KNUT BERTIL ØYGARD","ENK","","Grunnarbeid","Bekkevollvegen 7","6412","MOLDE","","","1"
"869177512","KNUT EIVIND LERVIK","ENK","","Dyrking av korn, unntatt ris, belgvekster og oljeholdige vekster","Nesoddvegen 14","6475","MIDSUND","","","0"
"969992191","KNUT EVEN RØNNING","ENK","","Snekkerarbeid","Smedhagvegen 19","6470","ERESFJORD","","","1"
"917084181","KNUT IVAR MORK AS","AS","12","Grunnarbeid","Baklivegen 16","6450","HJELSET","","","1"
"920348629","KNUT IVAR MORK HOLDING AS","AS","","Utleie av egen eller leid fast eiendom","Vigvollvegen 7","6450","HJELSET","","","0"
"925890278","KNUT MORTENS KÅREVIKS LYD","ENK","","Andre tjenester tilknyttet kunstnerisk virksomhet og underholdningsvirksomhet","Bjørsetbovegen 5","6410","MOLDE","","","1"
"979959591","KNUT OTTO SJØVIK","ENK","","Regnskapsføring og bokføring","Kringsjåvegen 14","6414","MOLDE","71 21 53 83","","1"
"995446863","KNUT ROGER TAUTRA","ENK","","Detaljhandel med motorvogner","Naustbakken 6A","6416","MOLDE","","","0"
"919692669","KNUT STEINAR DAHLE","ENK","","Skapende kunstnerisk virksomhet innenfor visuell kunst","Ranesvegen 2","6456","SKÅLA","","","0"
"928160270","KNUT VIDAR AS","AS","","Uoppgitt","c/o Knut Vidar Haukebø Siem Tranebærvegen 12","6429","MOLDE","","","0"
"997852974","KOAS AS","AS","","Kjøp og salg av egen fast eiendom","Aukravegen 25","6414","MOLDE","","","0"
"986435549","KOLBJØRN NÆSS","ENK","","Sauehold","Hagavegen 1","6450","HJELSET","71 24 22 58","","0"
"980997022","KOLBJØRN VENAAS JR","ENK","","Engroshandel med andre husholdningsvarer","Østtorpvegen 3","6419","MOLDE","","www.drumzone.no","1"
"921161360","KOMENT MØRE AS","AS","","Aktiviteter utført av utflukts- og eventarrangører","Romsdalsgata 16","6415","MOLDE","","","1"
"991018565","KOMENT PROMO AS","AS","","Uspesifisert engroshandel","Romsdalsgata 16","6415","MOLDE","","","1"
"920765254","KOMETVEGEN 5 AS","AS","","Utleie av egen eller leid fast eiendom","Marsvegen 4","6419","MOLDE","","","1"
"933757978","KOMETVEGEN 9 AS","AS","","Utleie av egen eller leid fast eiendom","Kometvegen 9","6419","MOLDE","","","1"
"985179891","KOMETVEIEN 7 B AS","AS","","Utleie av egen eller leid fast eiendom","Kometvegen 7B","6419","MOLDE","","","1"
"981827376","KOMMUNIKANTEN MOLLE MARIE LØKEN","ENK","","Annen undervisning ellers","Langmyrvegen 73","6415","MOLDE","","","1"
"929534786","KOMOVER AS","AS","","Industri-, produkt- og motedesignvirksomhet","Skogvegen 41","6415","MOLDE","","","1"
"927007053","KOMPETANSEAGENTEN IVAR ØVERLAND","ENK","","Annen undervisning ellers","Birkelandvegen 56","6423","MOLDE","","","1"
"929692128","KOMPIS MOLDE AS","AS","","Drift av restauranter","Hamnegata 39","6413","MOLDE","","","1"
"929230779","KOMPISEIENDOM AS","AS","","Utleie av egen eller leid fast eiendom","Mikkelivegen 31","6429","MOLDE","","","0"
"914417112","KONGSHAUG HOLDING AS","AS","","Utleie av egen eller leid fast eiendom","Glomstuvegen 2B","6412","MOLDE","","","1"
"997349997","KONGSHAUG RENHOLD","ENK","","Rengjøring av bygninger","Hamnegata 39","6413","MOLDE","","","1"
"913371666","KONSERVATOR HILDE HEGGTVEIT","ENK","","Konservering, restaurering og andre tjenester tilknyttet kulturarv","Raudsandbakken 93","6462","RAUDSAND","","","1"
"917153558","KONSULENTTJENESTER JEFFREY SPRONK","ENK","","Engroshandel med andre husholdningsvarer","Røbekklia 9","6420","MOLDE","","","0"
"843138292","KONTORVAREHUSET MØRE OG ROMSDAL AS","AS","12","Engroshandel med husholdnings-, kontor- og butikkmøbler, gulvtepper og belysningsutstyr","Gammelseterlia 29","6422","MOLDE","71 20 56 00","","1"
"917803544","KORSSUND INVEST AS","AS","","Andre egeninvesteringsselskaper","Gørvellalleen 9","6413","MOLDE","","","0"
"831174692","KORTGARDEN AS","AS","","Annen undervisning ellers","Osvegen 1181","6455","KORTGARDEN","","","1"
"920770959","KORTGARDEN GÅRD V/ ANN HELEN  AASLUND","ENK","","Detaljhandel med motorvogner","Osvegen 1181","6455","KORTGARDEN","","","1"
"981714563","KORTNER ELIN","ENK","","Fysioterapi- og ergoterapitjenester","Ravnebakken 8","6425","MOLDE","90 98 79 27","","1"
"926023969","KOSAN","ENK","","Grafisk design og visuell kommunikasjonsdesign","Britvegen 19","6411","MOLDE","","","0"
"886761562","KOSBERG EIENDOM AS","AS","","Utleie av egen eller leid fast eiendom","Sandvegen 3","6413","MOLDE","71 20 23 50","","1"
"924791829","KPK SERVICE AS","AS","","Reparasjon og vedlikehold av motorvogner","Bergsbakken 12","6423","MOLDE","","","1"
"932547864","KRAFT GRUNN OG BETONG AS","AS","15","Grunnarbeid","Midøyvegen 762","6475","MIDSUND","","","1"
"994065432","KRAFTI AS","AS","","Annen teknisk konsulentvirksomhet","Nini Roll Ankers veg 1A","6412","MOLDE","","","1"
"924197374","KRAITEN AS","AS","","Utleie av egen eller leid fast eiendom","Skrenten 16G","6411","MOLDE","","","0"
"991471901","KRAKELI EIENDOM AS","AS","","Utleie av egen eller leid fast eiendom","Kvam terrasse 24A","6411","MOLDE","","","1"
"988339350","KRAKELI OG BJERKESET SAMDRIFT DA","DA","","Melkeproduksjon på storfe og oppdrett av melkekyr","V/Øyvind Krakeli","6453","KLEIVE","71 24 72 18","","0"
"969259893","KRAKELI ØYVIND JOSTEIN","ENK","","Melkeproduksjon på storfe og oppdrett av melkekyr","Istadlivegen 215","6453","KLEIVE","71 24 72 18","","1"
"977269679","KRAMAGS WEBSERVICE ANS","ANS","","Dataprogrammeringstjenester","Pedervegen 10","6410","MOLDE","71 21 52 34","","0"
"989240536","KREARD AS","AS","","Dataprogrammeringstjenester","Birger Hatlebakks veg 26","6415","MOLDE","","","1"
"823328702","KREATIVE WITZØE","ENK","","Skapende kunstnerisk virksomhet innenfor visuell kunst","Øvervegen 486","6460","EIDSVÅG I ROMSDAL","","","0"
"991153500","KREATORIET AS","AS","","Grafisk design og visuell kommunikasjonsdesign","Bjørnstjerne Bjørnsons veg 111","6410","MOLDE","","","1"
"988953180","KREDITTSIKRING AS","AS","","Inkasso- og kredittopplysningsvirksomhet","Plutovegen 5","6419","MOLDE","","","1"
"998087473","KRICHA24 AS","AS","","Bedriftsrådgivning og annen administrativ rådgivning","Kristianplassen 20","6410","MOLDE","","","1"
"837253292","KRIMP HOLDING AS","AS","","Uoppgitt","Glomstuvegen 83B","6410","MOLDE","","","1"
"936955819","KRINGSTAD CREATIVE","ENK","","Produksjon av film, video og fjernsynsprogrammer","Bastian Widths gate 1","6415","MOLDE","","","1"
"930316563","KRINGSTAD LYD","ENK","","Utøvende kunstnerisk virksomhet og underholdningsvirksomhet innenfor musikk","Siriusvegen 15","6419","MOLDE","","","0"
"990857679","KRINGSTAD TAUTRA MEKANISKE","ENK","","Reparasjon og vedlikehold av motorvogner","Fannestrandvegen 125","6419","MOLDE","71 21 87 76","","1"
"932286238","KRISTAL PREMIER","ENK","","Oppføring av bygninger","Årømyran 31D","6421","MOLDE","","","0"
"937326742","KRISTEN SÆTHER","ENK","","Reparasjon og vedlikehold av motorvogner","Slenesvegen 51","6470","ERESFJORD","","","1"
"930897809","KRISTIAN COLLIN BERGE AS","AS","","Dataprogrammeringstjenester","c/o Trygve Berge Moldelivegen 17","6415","MOLDE","","","0"
"918683232","KRISTIAN RØNNING ASSISTANSE","ENK","","Bygging av andre anlegg ikke nevnt annet sted","Åsleet 51","6456","SKÅLA","","","1"
"912515001","KRISTIAN RØSOK AS","AS","","Kontortjenester","Torget 1","6413","MOLDE","","","1"
"933992721","KRISTIAN TORHUS","ENK","","Reparasjon og vedlikehold av maskiner","Åsagardvegen 74","6460","EIDSVÅG I ROMSDAL","","","1"
"931907891","KRISTIAN VESTAD MEKANISKE","ENK","","Sauehold","Sølsnesvegen 143","6456","SKÅLA","","","1"
"990957460","KRISTIN EIK","ENK","","Aktiviteter innenfor tradisjonell, komplementær og alternativ medisin","Storgata 9","6413","MOLDE","","","1"
"914520363","KRISTIN MYKLEBOSTAD","ENK","","Sauehold","Øvregardsvegen 7","6364","VISTDAL","","","1"
"921871333","KRISTIN ØYE REISTAD","ENK","","Oppdrett av annet storfe til kjøttproduksjon og sædproduksjon","Nesjevegen 56","6456","SKÅLA","","","1"
"934223756","KRISTINA DUBAUSKAITE","ENK","","Skjønnhetspleie","Lars Nøsens veg 6","6415","MOLDE","","","1"
"921724136","KRISTINAS HUDPLEIE KLIMAVICE","ENK","","Skjønnhetspleie","Bergsbakken 12","6423","MOLDE","","","1"
"993085685","KRISTINE BERG HOLDING AS","AS","","Andre egeninvesteringsselskaper","Eikrem","6423","MOLDE","","","0"
"988796832","KRISTOFFER IVERSEN","ENK","","Utøvende kunstnerisk virksomhet og underholdningsvirksomhet innenfor musikk","Vestre Plassveg 7","6415","MOLDE","","","0"
"927249987","KRISTOFFERSEN OG REBNI HOLDING AS","AS","","Uoppgitt","Sollivegen 45","6414","MOLDE","","","0"
"996897729","KROGH IDRETT OG FYSIOTERAPI","ENK","","Fysioterapi- og ergoterapitjenester","Inngang 2, Arena Julsundvegen 14","6412","MOLDE","","","0"
"935240131","KROGSET SERVICE","ENK","","Kombinerte tjenester tilknyttet eiendomsdrift","Naustevegen 35","6470","ERESFJORD","","","1"
"968852477","KROHN DRIFT AS","AS","","Utleie av egen eller leid fast eiendom","Øvre Årø 10","6421","MOLDE","","www.krohndrift.no","1"
"985172242","KROHN PYROTEKNIKK AS","AS","","Aktiviteter utført av utflukts- og eventarrangører","Østtorpvegen 8","6419","MOLDE","","","1"
"969398486","KROHN WOLLERT DANKERT","ENK","","Dyrking av ettårige vekster ellers","Fannefjordsvegen 40","6421","MOLDE","","","1"
"987985135","KROHNSTAD MONTESSORIBARNEHAGE ÅRØ AS","AS","35","Førskoleundervisning og drift av barnehager","Krohnsvingen 10","6421","MOLDE","71 24 14 00","krohnstad.no","1"
"920317200","KROHNSTAD MONTESSORISKOLE AS","AS","","Ordinær grunnskoleundervisning","Krohnsvingen 6A","6421","MOLDE","","","0"
"935883652","KROKNES HOLDING AS","AS","","Uoppgitt","Åsvegen 8","6450","HJELSET","","","1"
"928071774","KROM CONSULTING AS","AS","","Bedriftsrådgivning og annen administrativ rådgivning","Bokfinkvegen 36","6425","MOLDE","","","0"
"928316920","KRR AS","AS","","Uoppgitt","Stuttnesvegen 47","6475","MIDSUND","","","0"
"926149342","KRUBBA 1 AS","AS","","Utleie av egen eller leid fast eiendom","Krubba 1","6415","MOLDE","","","1"
"998340276","KRUMPOLC CONSULTING AS","AS","","Annen teknisk konsulentvirksomhet","Boråsvegen 45","6415","MOLDE","","","1"
"931356402","KRYR AS","AS","","Utleie av egen eller leid fast eiendom","Øvre veg 11","6413","MOLDE","","","1"
"926355864","KRØVEL GRUNNERVERV","ENK","","Eiendomsforvaltning på oppdrag","c/o Magne Krøvel Bjørnstjerne Bjørnsons veg 98C","6410","MOLDE","","","0"
"916710224","KRØVEL INVEST","ENK","","Bedriftsrådgivning og annen administrativ rådgivning","Forhjellen 27B","6411","MOLDE","","","1"
"932524813","KUBERICA AS","AS","","Bedriftsrådgivning og annen administrativ rådgivning","Bergsbakken 4","6423","MOLDE","","","1"
"935302242","KULA HOLDING AS","AS","","Uoppgitt","Astrupvegen 30","6419","MOLDE","","","1"
"968350269","KULELAGER AS","AS","","Engroshandel med maskiner og utstyr ellers","Verftsgata 10","6416","MOLDE","71 21 32 10","www.kulelager24.no","1"
"930731218","KULINARISKE GLEDER MED HILDE WOLDSTAD","ENK","","Annen undervisning ellers","Bregnelia 7","6429","MOLDE","","","1"
"928761320","KULSVEHAGEN VIRVLER","ENK","","Utøvende kunstnerisk virksomhet og underholdningsvirksomhet innenfor musikk","Hauanvegen 25","6414","MOLDE","","","1"
"927167980","KULTURELLA AS","AS","","Dataprogrammeringstjenester","Naustskaret 2","6409","MOLDE","","www.kulturella.no","0"
"980883566","KULTURPRODUKSJONER Svein Gundersen","ENK","","Utøvende kunstnerisk virksomhet og underholdningsvirksomhet innenfor scenekunst","Moldelivegen 42","6413","MOLDE","","","0"
"927971933","KULTURTJENESTER FRANK STENLØS","ENK","","Andre tjenester tilknyttet kunstnerisk virksomhet og underholdningsvirksomhet","Steinløysvegen 110","6453","KLEIVE","","","0"
"981220072","KUNNSKAPSPARKEN EIENDOM AS","AS","","Utleie av egen eller leid fast eiendom","Britvegen 4","6410","MOLDE","71 11 50 63","","1"
"994644033","KUNNSKAPSREISE - KULTURFORMIDLING VED KURS OG REISE Lidvar Nygjerde","ENK","","Reisearrangørvirksomhet ellers","Jordbærvegen 31","6421","MOLDE","","www.kunnskapsreise.no","1"
"935569699","KURR AS","AS","","Detaljhandel med kosmetikk og toalettartikler","Håkon Herdebreis veg 818","6418","SEKKEN","","","1"
"894249862","KURT-JONNY GRIMELID","ENK","","Sauehold","Midøyvegen 347","6475","MIDSUND","71 27 99 79","","0"
"925459364","KV LØBERGSLI AS","AS","","Uoppgitt","Jordbærvegen 40","6421","MOLDE","","","0"
"936463398","KVADSHEIM CONSULTING","ENK","","Annen teknisk konsulentvirksomhet","Glomstuvegen 72","6410","MOLDE","","","1"
"890330312","KVAM EIENDOMMER AS","AS","","Utleie av egen eller leid fast eiendom","Julsundvegen 113","6410","MOLDE","71 20 38 00","","1"
"988072729","KVAM LAVPRIS AS","AS","","Detaljhandel med bredt vareutvalg med hovedvekt på nærings- og nytelsesmidler","Mekvegen 5","6411","MOLDE","71 25 43 22","","0"
"928628566","KVAM TANNLEGEKONTOR AS","AS","5","Tannlegetjenester","Parkvegen 45","6413","MOLDE","","","1"
"991466282","KVAMBO AS","AS","","Utleie av egen eller leid fast eiendom","Nøisomhed","6405","MOLDE","71 24 91 00","","0"
"944734503","KVAMGÅRDEN ANS","ANS","","Utleie av egen eller leid fast eiendom","Nøisomhed Fannestrandvegen 125","6419","MOLDE","","","0"
"990008752","KVAMGÅRDEN AS","AS","","Utleie av egen eller leid fast eiendom","Nøisomhed","6405","MOLDE","71 20 22 00","","1"
"919035889","KVAMLEGENE AS","AS","9","Allmennlegetjenester","Mekvegen 13","6411","MOLDE","","","1"
"921298943","KVELDHEIM AS","AS","","Uoppgitt","Frænavegen 98D","6415","MOLDE","","","0"
"833819992","KVENNES PETTERSEN DETALJHANDEL","ENK","","Detaljhandel med kjæledyr og varer til kjæledyr","Mikkelivegen 19","6429","MOLDE","","","1"
"933983188","KVERNBERG","ENK","","Grunnarbeid","Kåre Solhjells veg 4","6415","MOLDE","","","1"
"930667323","KVERNBERG MOLDE","ENK","","Skjønnhetspleie","Røbekkvegen 1","6421","MOLDE","","","1"
"932123487","KVERNBERG MUSIKK","ENK","","Utøvende kunstnerisk virksomhet og underholdningsvirksomhet innenfor musikk","Kvernbergvegen 2","6460","EIDSVÅG I ROMSDAL","","","0"
"933680428","KVERNBERG SERVICE","ENK","","Reparasjon og vedlikehold av motorvogner","Røbekkvegen 1","6421","MOLDE","","","1"
"915647723","KVERNBERG VIKARTJENESTER","ENK","","Privatundervisning","Kvernbergråket 17","6460","EIDSVÅG I ROMSDAL","","","1"
"916574576","KVH EIENDOM AS","AS","","Utleie av egen eller leid fast eiendom","Gammelseterlia 29","6422","MOLDE","","","1"
"922531706","KVILTORP MAT AS","AS","26","Detaljhandel med bredt vareutvalg med hovedvekt på nærings- og nytelsesmidler","Kometvegen 5","6419","MOLDE","","","1"
"912411621","KVITINGAN HOLDING AS","AS","","Andre egeninvesteringsselskaper","Jernspurvbakken 14","6425","MOLDE","","","0"
"986000607","KYRRE BJØRDAL SÆTHER ARTIST","ENK","","Utøvende kunstnerisk virksomhet og underholdningsvirksomhet innenfor musikk","Kometvegen 16A","6419","MOLDE","","www.kbsmusiconline.com","1"
"921276389","KØL MOLDE AS","AS","17","Drift av restauranter","Torget 1","6413","MOLDE","","","1"
"916929544","KÅRE JØRSTAD","ENK","8","Dyrking av ettårige vekster ellers","Syltebøvegen 8","6470","ERESFJORD","","","1"
"970960406","KÅRE TOVEN","ENK","","Reparasjon og vedlikehold av maskiner","Tiltereidet 61","6460","EIDSVÅG I ROMSDAL","712 33474","","0"
"989115472","L. J. JENSET HOLDING AS","AS","","Andre egeninvesteringsselskaper","","6475","MIDSUND","","","0"
"923006532","L.A.JENSET INVEST AS","AS","","Utleie av egen eller leid fast eiendom","Breivikvegen 38","6475","MIDSUND","","","0"
"928094154","LA MERIENDA TAKEAWAY AV LIZA CLAIRE ROMUALDO","ENK","","Catering for arrangementer","Bergvegen 1A","6412","MOLDE","","","0"
"911631296","LA NORDHAUG HOLDING AS","AS","","Utleie av egen eller leid fast eiendom","Risanvegen 257","6455","KORTGARDEN","71 20 23 30","www.la-nordhaug.no","1"
"937775776","LA- NORDHAUG","ENK","","","Nothusmarka 38","6457","BOLSØYA","","","0"
"990693862","LAGE HJELSET","ENK","","Melkeproduksjon på storfe og oppdrett av melkekyr","Gardvegen 37","6450","HJELSET","","","1"
"989747584","LAGERET BØLGEN AS","AS","","Detaljhandel med husholdningsredskaper og bestikk, servise, glassvarer, porselen og keramikk","Fannestrandvegen 134","6419","MOLDE","71 21 66 50","","1"
"915085725","LAGUNEN LEO OTERHALS","ENK","","Fotografvirksomhet","Julsundvegen 2","6412","MOLDE","","","0"
"917417326","LAIMA RAUDONIKIENE","ENK","","Drift av restauranter","","6472","EIKESDAL","","","1"
"917620717","LAMPONG THAI MAT LAMPHONG YAOKHORNBURI","ENK","7","Detaljhandel med bredt vareutvalg med hovedvekt på nærings- og nytelsesmidler","Kirkebakken 16C","6413","MOLDE","","","1"
"923999701","LAMVIK CONSULTING AS","AS","","Annen teknisk konsulentvirksomhet","c/o Olav Lamvik Østtorpvegen 5","6419","MOLDE","","","0"
"990643555","LAND OG STRAND HOLDING AS","AS","","Utvikling og salg av byggeprosjekter","Gideonvegen 18","6412","MOLDE","","","1"
"997278828","LANDFAST AS","AS","","Bedriftsrådgivning og annen administrativ rådgivning","Storgata 9","6413","MOLDE","","","1"
"926186515","LANGE A","ENK","","Snekkerarbeid","Osvegen 1231","6455","KORTGARDEN","","","1"
"985642117","LANGE EIENDOM AS","AS","","Utleie av egen eller leid fast eiendom","Myrvegen 37","6421","MOLDE","","","1"
"935029082","LANGE KAPITALFORVALTNING","ENK","","Uoppgitt","Gamle Gussiåsvegen 269","6453","KLEIVE","","","1"
"956301327","LANGE LANDBRUKSVERKSTED O S Bergset","ENK","","Oppdrett av annet storfe til kjøttproduksjon og sædproduksjon","Langevegen 130","6364","VISTDAL","","","1"
"969401886","LANGE LEIF ARNE","ENK","","Melkeproduksjon på storfe og oppdrett av melkekyr","Gamle Gussiåsvegen 269","6453","KLEIVE","","","1"
"942179626","LANGE MASKIN AS","AS","","Uoppgitt","Fannestrandvegen 19","6415","MOLDE","","","1"
"837979102","LANGE MEK & MASKIN","ENK","","","Ljøsmyrvegen 5","6460","EIDSVÅG I ROMSDAL","","","0"
"922046913","LANGES BYGGHJELP","ENK","","Snekkerarbeid","Langevegen 5","6364","VISTDAL","","","1"
"997098161","LANGEVÅG BUTIKKEIENDOM AS","AS","","Utleie av egen eller leid fast eiendom","Nøisomhed","6405","MOLDE","71 24 91 00","","1"
"924479949","LANGFJORDEN BYGG AS","AS","","Oppføring av bygninger","Langevegen 97","6364","VISTDAL","","","1"
"971579692","LANGFJORDFISK Roy Klokseth","ENK","","Fiske og fangst i sjø","Ranvik Ranvikvegen 772","6460","EIDSVÅG I ROMSDAL","71 23 54 40","","1"
"886281692","LANGFJORDFORBINDELSEN AS","AS","","Aktiviteter i næringslivs- og arbeidsgiverorganisasjoner","c/o Molde Rådhus Rådhusplassen 1","6413","MOLDE","","","1"
"920504434","LANGLIA FJELLGARD, OLAV TJELLE","ENK","","Svinehold","Grøndalsvegen 297","6453","KLEIVE","","","0"
"929593758","LANGSET AS","AS","","Utleie av egen eller leid fast eiendom","Gammelseterlia 5","6422","MOLDE","","","0"
"974692228","LANGSET EIENDOM AS","AS","","Utleie av egen eller leid fast eiendom","","6460","EIDSVÅG I ROMSDAL","71232518","","1"
"937296878","LANGSET ENERGY SOLUTIONS AS","AS","5","Elektrisk installasjonsarbeid","Gammelseterlia 5","6422","MOLDE","","","1"
"991309101","LANGSET ENGINEERING AS","AS","","Annen teknisk konsulentvirksomhet","Gammelseterlia 5","6422","MOLDE","","www.langset.no","1"
"970593497","LANGSET ERIK V/WATN REGNSKAPIB","ENK","","Utleie av egen eller leid fast eiendom","Høvikvegen 28","6460","EIDSVÅG I ROMSDAL","","","0"
"921899130","LANGSET GROUP AS","AS","","Utleie av egen eller leid fast eiendom","Gammelseterlia 5","6422","MOLDE","","www.langset.no","1"
"937830017","LANGSET INTERIOR SOLUTIONS AS","AS","","Annet installasjonsarbeid","Gammelseterlia 5","6422","MOLDE","","","1"
"925545724","LANGSET MEDIA","ENK","","Reklamebyråvirksomhet","Kløversvingen 10","6423","MOLDE","","","0"
"924285265","LANGSET PROPERTY SOLUTIONS AS","AS","","Utleie av egen eller leid fast eiendom","Gammelseterlia 5","6422","MOLDE","71 21 48 80","www.langsetsolutions.no","1"
"937147643","LANGSET SOLUTIONS GROUP AS","AS","","Uoppgitt","Gammelseterlia 5","6422","MOLDE","","","1"
"920124283","LANGSETFELTET AS","AS","","Utvikling og salg av byggeprosjekter","Kråkholmvegen 20","6460","EIDSVÅG I ROMSDAL","","","0"
"930898759","LANGÅS SERVICE","ENK","","Oppføring av bygninger","Amtmann Leths gate 30","6413","MOLDE","","","1"
"934776399","LANS MEDISINSKE","ENK","","Spesialiserte legetjenester, unntatt psykiatriske legetjenester","Fasanvegen 6","6416","MOLDE","","","1"
"995684322","LARHAMMER AARSETH ADVOKATFIRMA AS","AS","7","Juridisk tjenesteyting","Torget 2","6413","MOLDE","71 19 16 00","Eurojuris.no/molde","1"
"920158951","LARS ARNE REITAN","ENK","","Melkeproduksjon på storfe og oppdrett av melkekyr","Rødstrandvegen 107","6460","EIDSVÅG I ROMSDAL","","","0"
"913647874","LARS B. RØDAL","ENK","","Konsulentvirksomhet tilknyttet informasjonsteknologi og forvaltning og drift av it-systemer","Moldelivegen 56","6413","MOLDE","","www.lroedal.net","0"
"976729935","LARS CHR ISTAD","ENK","","Detaljhandel med aviser og papirvarer","Synnøves veg 1","6429","MOLDE","71 25 40 14","","1"
"969129272","LARS EIVIND SÆTER","ENK","","Sauehold","Damman Stubøvegen 228","6460","EIDSVÅG I ROMSDAL","","","1"
"918904387","LARS FLEMMING HEDIN","ENK","","Allmennlegetjenester","Hammervollhagen 12B","6460","EIDSVÅG I ROMSDAL","","","1"
"835408892","LARS FREDLY AS","AS","","Bedriftsrådgivning og annen administrativ rådgivning","c/o Lars Fredly Hagaplassen 11","6422","MOLDE","","","1"
"912728803","LARS HOL AS","AS","","Utleie av egen eller leid fast eiendom","Plutovegen 6","6419","MOLDE","71 21 90 09","","0"
"996765067","LARS IVAR HATLEBAKK","ENK","","Allmennlegetjenester","Langmyrvegen 59","6415","MOLDE","","","0"
"969131781","LARS KRISTIAN KVERNBERG","ENK","","Melkeproduksjon på storfe og oppdrett av melkekyr","Kvernbergvegen 42","6460","EIDSVÅG I ROMSDAL","","","1"
"933328562","LARS MORK HOLDING AS","AS","","Uoppgitt","Røravegen 2","6450","HJELSET","","","1"
"969177803","LARS MYRSET","ENK","","Melkeproduksjon på storfe og oppdrett av melkekyr","Brannholvegen 236","6460","EIDSVÅG I ROMSDAL","","","1"
"987394552","LARS ODDVAR STRANDEBØ","ENK","","Dyrking av ettårige vekster ellers","Fannefjordsvegen 455","6421","MOLDE","71 24 42 90","","1"
"819958912","LARS OLAV WIIK","ENK","","Dyrking av ettårige vekster ellers","Dragarøra 9","6457","BOLSØYA","","","1"
"917460914","LARS OLTEDAL","ENK","","Grunnarbeid","Hauglegda 14B","6416","MOLDE","","","0"
"984680929","LARS SANDNES","ENK","","Sauehold","Øvre Hammervoll 1","6460","EIDSVÅG I ROMSDAL","71 23 25 26","","1"
"993553816","LARS ULLELAND DA","DA","","Utleie av egen eller leid fast eiendom","Kortgarden","6455","KORTGARDEN","71 24 27 74","","1"
"969212803","LARS VASSLI","ENK","","Oppdrett av annet storfe til kjøttproduksjon og sædproduksjon","Talsetvegen 44","6460","EIDSVÅG I ROMSDAL","","","1"
"928573575","LARS-ANDRÉ GUDMUNDSET","ENK","","Annen undervisning innenfor kultur","Notvollvegen 4A","6456","SKÅLA","","","1"
"929187059","LARS1 AS","AS","","Uoppgitt","Fagerlivegen 49","6414","MOLDE","","","0"
"952093479","LARSEN HOLDING AS","AS","","Utleie og leasing av andre maskiner og annet utstyr og materiell ikke nevnt annet sted","Fagerlivegen 49","6414","MOLDE","","","1"
"929187040","LARSGÅRDEN AS","AS","","Utleie av egen eller leid fast eiendom","Årøsetervegen 4","6422","MOLDE","","","1"
"921667450","LASH ROOM BY AN ANITA GRZEGORZEWSKA","ENK","","Skjønnhetspleie","Istadvegen 879","6453","KLEIVE","","","0"
"932725150","LASSE HOLDING AS","AS","","Uoppgitt","c/o Lasse Walderhaug Bjørnstjerne Bjørnsons veg 55","6412","MOLDE","","","1"
"987292970","LASSE SANDNES TRANSPORT OG TJENESTER","ENK","","Godstransport på vei","Bjørkfinkvegen 15","6425","MOLDE","","","1"
"870593252","LASSE STOKKE","ENK","5","Tjenester tilknyttet planteproduksjon","Istadvegen 418","6453","KLEIVE","","","1"
"918011811","LASSE V GJEITNES","ENK","","Melkeproduksjon på storfe og oppdrett av melkekyr","Geitnesvegen 8","6456","SKÅLA","","","1"
"935384389","LAST OG BRAST AS","AS","","Bygging av andre anlegg ikke nevnt annet sted","Storgata 11","6413","MOLDE","71 20 23 30","","1"
"996741273","LATTERGAL UNDERHOLDNING Olav Kåre Torjuul","ENK","","Utøvende kunstnerisk virksomhet og underholdningsvirksomhet innenfor scenekunst","Naustevegen 14","6470","ERESFJORD","","","0"
"937604327","LAUVÅSEN LANDBRUK & TEKNOLOGI AS","AS","","Uoppgitt","Skålavegen 1035","6456","SKÅLA","","","1"
"937940483","LB HUSTAD","ENK","","Bedriftsrådgivning og annen administrativ rådgivning","Banehaugskogen 10","6415","MOLDE","","","1"
"916061072","LE VI NGUYEN TUONG","ENK","6","Drift av restauranter","Lingedalsvegen 6-10","6415","MOLDE","","","1"
"937288247","LEDFRONT AS","AS","","Detaljhandel med informasjons- og kommunikasjonsteknologiutstyr","Eikremsvingen 7","6422","MOLDE","","","1"
"990748926","LEFTY AMUNDSEN DRUMS AND PERCUSSION","ENK","","Utøvende kunstnerisk virksomhet og underholdningsvirksomhet innenfor musikk","Alexander Kiellands veg 13","6413","MOLDE","","","0"
"934193032","LEGE DAG FARESTVEDT RAAHEIM","ENK","","Allmennlegetjenester","Årømyran 52","6421","MOLDE","","","1"
"982771854","LEGE DAG SUNDE","ENK","","Spesialiserte legetjenester, unntatt psykiatriske legetjenester","Moldelivegen 90","6413","MOLDE","71 21 81 61","","0"
"936023126","LEGE ELISABETH GRANÅS DAHL","ENK","","Allmennlegetjenester","Mekvegen 13","6411","MOLDE","","","1"
"917323682","LEGE ELLING PAULSEN SKÅRN","ENK","","Allmennlegetjenester","Bjørnstjerne Bjørnsons veg 126","6410","MOLDE","","","1"
"932928795","LEGE EMILIE NESJE","ENK","","Allmennlegetjenester","Fannebakken 24","6423","MOLDE","","","1"
"937567839","LEGE GRIMSMO ØINES","ENK","","Allmennlegetjenester","Jordbærvegen 33B","6421","MOLDE","","","1"
"921446721","LEGE HAUG","ENK","","Allmennlegetjenester","Julsundvegen 2","6412","MOLDE","","","1"
"925394327","LEGE IDA FOYN GUNDERSEN","ENK","","Allmennlegetjenester","Storgata 21","6413","MOLDE","","","0"
"917700893","LEGE J.S. WILLUMSEN","ENK","","Allmennlegetjenester","Sollivegen 47","6414","MOLDE","","","0"
"934111826","LEGE KERSTIN REGINA SMENES","ENK","","Allmennlegetjenester","Tranebærvegen 10","6429","MOLDE","","","1"
"935825040","LEGE KOLBERG MORK","ENK","","Allmennlegetjenester","Flaggspettvegen 7","6425","MOLDE","","","1"
"993425249","LEGE LARS FREDRIK HASSELGÅRD","ENK","","Allmennlegetjenester","Verftsgata 10","6416","MOLDE","71 20 32 00","","1"
"916756267","LEGE LINA ROSSLAND","ENK","","Allmennlegetjenester","Steinskaret 12","6416","MOLDE","","","0"
"921959966","LEGE LIVA IZAKA","ENK","","Allmennlegetjenester","Skaret 12","6422","MOLDE","","","1"
"927077914","LEGE MATTIAS NARANJO","ENK","","Allmennlegetjenester","Bukthaugvegen 2","6475","MIDSUND","","","1"
"914756081","LEGE TILDE CAMILLA SVELA","ENK","","Allmennlegetjenester","Mekvegen 13A","6411","MOLDE","","","1"
"923490329","LEGE TRINE SKÅRLAND","ENK","","Allmennlegetjenester","Julsundvegen 2","6412","MOLDE","","","1"
"936720684","LEGE VEGARD ANSOK","ENK","","Allmennlegetjenester","Arnes veg 14A","6429","MOLDE","","","1"
"923254293","LEGEKONTORET FEM FASTE - MONICA C. R. ANDERSEN","ENK","","Allmennlegetjenester","Legekontoret Fem Faste Verftsgata 10","6416","MOLDE","","","0"
"918436510","LEGEKONTORET FEM FASTE AS","AS","12","Allmennlegetjenester","Verftsgata 10","6416","MOLDE","","","1"
"980379302","LEGEKONTORET MOLDE BRYGGE AS","AS","12","Allmennlegetjenester","Julsundvegen 2","6412","MOLDE","71 24 94 60","","1"
"915615570","LEGESEKSJONEN AS","AS","","Utleie av egen eller leid fast eiendom","Solbakken 17C","6429","MOLDE","","","1"
"930813923","LEGESENTERET I MOLDE AS","AS","11","Allmennlegetjenester","Storgata 14","6413","MOLDE","","","1"
"921418779","LEIDULF LYNGSTAD AS","AS","","Annen teknisk konsulentvirksomhet","Østre Plassveg 26","6415","MOLDE","","","1"
"985305412","LEIF BIRGER RAKNES","ENK","","Melkeproduksjon på storfe og oppdrett av melkekyr","Veltevegen 11","6475","MIDSUND","71 27 82 18","","0"
"981641779","LEIF HELGE SOLHJELL","ENK","","Kombinert husdyrhold og planteproduksjon","Frisvollvegen 30","6470","ERESFJORD","","","0"
"977040787","LEIF HORSGAARD","ENK","","Regnskapsføring og bokføring","Tingnesvegen 17","6457","BOLSØYA","71244432","","0"
"912549798","LEIF JOSTEIN BORGESTRAND","ENK","","Bedriftsrådgivning og annen administrativ rådgivning","Torleifvegen 3","6416","MOLDE","","","1"
"933412148","LEIF MAGNE BOLME","ENK","","Annen undervisning ellers","Kleivbøen 10","6453","KLEIVE","","","1"
"968120697","LEIF REIDAR SOLLI","ENK","","Godstransport på vei","Steinløysvegen 49","6453","KLEIVE","","","1"
"929196562","LEIF-ANDRE CHRISTOFFERSEN","ENK","","Annen undervisning ellers","Ramsvikvegen 98","6475","MIDSUND","","","1"
"921896212","LEIKA AS","AS","","Uoppgitt","c/o Leif Jostein Borgestrand Torleifvegen 3","6416","MOLDE","","","0"
"969849054","LEIRVOLL MARTINUS","ENK","","Dyrking av korn, unntatt ris, belgvekster og oljeholdige vekster","Frisvollvegen 149","6470","ERESFJORD","","","1"
"938102945","LEKHARCHOK THAI TAKEAWAY","ENK","","","Moldelivegen 93B","6412","MOLDE","","","0"
"916021879","LELO INVEST AS","AS","","Eiendomsforvaltning på oppdrag","c/o Leif Løken Solbakken 7","6429","MOLDE","","","0"
"912308936","LENE LØNSETH","ENK","","Barneverntjenester","Margareta Dahls gate 3","6413","MOLDE","","","1"
"926449745","LENE S. ANDERSEN","ENK","","Undervisning innenfor idrett og rekreasjon","Mårskrenten 56","6425","MOLDE","","","1"
"985756724","LENOR TRANSPORT DA","DA","","Godstransport på vei","","6456","SKÅLA","99 00 49 04","","0"
"864062822","LEREN & SIMONSEN EIENDOM AS","AS","","Kjøp og salg av egen fast eiendom","Lyngvegen 11","6429","MOLDE","","","0"
"979406126","LERGROVIK EIENDOM AS","AS","","Utleie av egen eller leid fast eiendom","Storgata 36-40","6413","MOLDE","71 21 94 12","","1"
"920875645","LERGROVIK NÆRINGSBYGG AS","AS","","Eiendomsforvaltning på oppdrag","c/o Lønsethagen Eiendom AS Eikremsvingen 4","6422","MOLDE","","","1"
"930969087","LERVIK LERNO","ENK","","Reklamebyråvirksomhet","Nøisomhedvegen 9E","6416","MOLDE","","","0"
"936929990","LERVIK RÅDGIVNING AS","AS","","Skatterådgivning","Birkelandvegen 51","6423","MOLDE","","","1"
"933400433","LERVOLD INVEST AS","AS","","Kjøp og salg av egen fast eiendom","Romsdalsgata 22","6415","MOLDE","","","1"
"930069744","LERVOLD LINJERYDDING","ENK","","Miljøutbedring, opprydding og lignende aktivitet","Haukabøvegen 170","6411","MOLDE","","","0"
"932284588","LERVOLD SJØ","ENK","","Fiske og fangst i sjø","Romsdalsgata 22","6415","MOLDE","","","1"
"936743331","LETTSKYA AS","AS","","Konsulentvirksomhet tilknyttet informasjonsteknologi og forvaltning og drift av it-systemer","Fagerlivegen 14","6413","MOLDE","","","1"
"921157312","LEVEN AS","AS","","Uoppgitt","Lyngvegen 6","6429","MOLDE","","","1"
"830519572","LEVENDE JACOBSEN","ENK","","Utøvende kunstnerisk virksomhet og underholdningsvirksomhet innenfor musikk","Fannefjordsvegen 1046","6450","HJELSET","","","0"
"929429885","LEWANDOWSKI LM BYGG OG TRANSPORT","ENK","","Maler- og glassarbeid","Sjølivegen 8","6462","RAUDSAND","","","1"
"921592310","LHM MUSIKK V/HAUGEN MORDAL","ENK","","Utøvende kunstnerisk virksomhet og underholdningsvirksomhet innenfor musikk","Bjørnstjerne Bjørnsons veg 110","6410","MOLDE","","","1"
"997722663","LIA1 AS","AS","","Kjøp og salg av egen fast eiendom","c/o Frank Thomassen Mordalslia 69","6411","MOLDE","","","0"
"834257602","LIABONDEN KNUT ØDEGÅRD AS","AS","","Kjøp og salg av egen fast eiendom","Fannestrandvegen 125","6419","MOLDE","","","1"
"928288110","LIABØ INVEST AS","AS","","Uoppgitt","Kreklingbakken 30","6429","MOLDE","","","0"
"936765823","LIBERTAS AS","AS","","Uoppgitt","Nothusmarka 37","6457","BOLSØYA","","","1"
"988138703","LIEBEN FOTOGRAFI SELJESETH","ENK","","Fotografvirksomhet","Borvikvegen 21","6456","SKÅLA","","www.lillemaison.no","1"
"918023151","LIEN","ENK","","Sauehold","Meisalstranda 394","6460","EIDSVÅG I ROMSDAL","","","1"
"981812700","LIEPELT ANDRE","ENK","","Allmennlegetjenester","Hammervollhagen 25","6460","EIDSVÅG I ROMSDAL","","","1"
"932235838","LIFE COACH LUMINITA KONGSHAUG","ENK","","Andre helsetjenester ellers","Julsundvegen 85","6412","MOLDE","","","0"
"937777833","LIGHTSENSE EUROPE AS","AS","","Annen teknisk konsulentvirksomhet","Sandvegen 9","6413","MOLDE","","","1"
"932718723","LILLE LØNSJØ","ENK","","Skapende kunstnerisk virksomhet innenfor litteratur","Torhushaugen 57","6457","BOLSØYA","","","0"
"920662668","LILLEVIKA SOLUTIONS HAREIDE","ENK","","Konsulentvirksomhet tilknyttet informasjonsteknologi og forvaltning og drift av it-systemer","Storgata 23","6413","MOLDE","","","0"
"916821379","LIMA FRISØR LILL MARIT HENØEN","ENK","","Frisering og barbering","Sirivegen 35","6411","MOLDE","","","1"
"992388765","LINA INVEST AS","AS","","Andre egeninvesteringsselskaper","Bokfinkvegen 40","6425","MOLDE","71 70 47 25","","0"
"817451632","LINDA LUND","ENK","","Andre personlige tjenester ikke nevnt annet sted","Grasskaret 16C","6429","MOLDE","","","1"
"817257852","LINE BEATE MELSÆTER","ENK","","Andre tjenester tilknyttet undervisning ikke nevnt annet sted","Skolevegen 8","6410","MOLDE","","","1"
"816735092","LINE HEGGHEIM BRAUTE AS","AS","","Andre egeninvesteringsselskaper","Snarvegen 1","6414","MOLDE","","","0"
"920835821","LINGEN GRUNNBORING AS","AS","11","Geologiske undersøkelser","Årøsetervegen 27","6422","MOLDE","","","1"
"926756478","LINGEN UTLEIE AS","AS","","Utleie og leasing av andre maskiner og annet utstyr og materiell ikke nevnt annet sted","Fannestrandvegen 66","6416","MOLDE","","","1"
"923442901","LINJE INVEST AS","AS","","Utleie av egen eller leid fast eiendom","c/o Nils Petter Vegsund Bekkevollvegen 16","6414","MOLDE","","","0"
"913000552","LINJEBYGG NORWAY AS","AS","","Andre tjenester tilknyttet utvinning av råolje og naturgass","Grandfjæra 22A","6415","MOLDE","97 50 70 00","","0"
"923185348","LINN AAGEDAL","ENK","","Utøvende kunstnerisk virksomhet og underholdningsvirksomhet innenfor scenekunst","Orionvegen 9A","6419","MOLDE","","","0"
"933525880","LIST STRØMSVÅG","ENK","","Catering for arrangementer","Utsidevegen 68","6475","MIDSUND","","","1"
"921447213","LITE REDE AS","AS","","Arkitektvirksomhet","Håkon Herdebreis veg 765","6418","SEKKEN","","","1"
"916617488","LITORE AS","AS","","Bedriftsrådgivning og annen administrativ rådgivning","c/o Tommy Stranden Peter Solemdals veg 4A","6414","MOLDE","","","1"
"925496324","LITTLE CHEF FAH AS","AS","","Drift av restauranter","c/o Nittana Kitkong Storgata 26","6413","MOLDE","","","1"
"998798116","LIUM FRILUFT & MEDIA","ENK","","Fotografvirksomhet","Raneshøgda 8","6456","SKÅLA","","","0"
"999262562","LIV ANNE INVEST AS","AS","","Andre egeninvesteringsselskaper","","6460","EIDSVÅG I ROMSDAL","","","0"
"933074935","LL KYSTFISKE AS","AS","","Fiske og fangst i sjø","Uglevegen 24","6425","MOLDE","","","1"
"933103935","LM JACOBSEN SERVICE","ENK","","Utleie og leasing av biler og andre lette motorvogner","Mårskrenten 4","6425","MOLDE","","","1"
"921753586","LM LANGSET AS","AS","","Annen teknisk konsulentvirksomhet","Ranesvegen 42","6456","SKÅLA","","","1"
"990142637","LN HOLDING AS","AS","","Andre egeninvesteringsselskaper","Sørstien 44","6411","MOLDE","","","0"
"918027084","LOBOS & HESTAD EVO AS","AS","","Andre helsetjenester ellers","Leilighet 2E Kirkekråpet 12","6413","MOLDE","","","0"
"979678274","LODVE VILLA NESJE","ENK","","Oppdrett av annet storfe til kjøttproduksjon og sædproduksjon","Sørnesjevegen 7","6456","SKÅLA","71 25 39 08","","1"
"915140092","LOGISTIKKTEAM AS","AS","","Godstransport på vei","Bergmovegen 20","6419","MOLDE","","","1"
"984919530","LOGOPED HILDE TOVEN","ENK","","Andre helsetjenester ellers","Hargautvegen 10","6460","EIDSVÅG I ROMSDAL","","","1"
"924977868","LOGOPED SIDSEL SPORSHEIM","ENK","","Andre helsetjenester ellers","Refsnesvegen 4","6456","SKÅLA","","","0"
"934290860","LOKALTAXI HJELSET AS","AS","","Passasjertransport på forespørsel utført av fører med kjøretøy","Baklivegen 4","6450","HJELSET","","","1"
"989226924","LOMHAUGEN AS","AS","","Annen teknisk konsulentvirksomhet","Solbakken 37","6429","MOLDE","","","1"
"820145852","LONGVASTØL SIGURD","ENK","","Undervisning innenfor idrett og rekreasjon","Forhjellen 8B","6411","MOLDE","","","0"
"827474312","LOPES VÅGEN - KOSMISK LYS-NATURLIG TERAPI","ENK","","Andre personlige tjenester ikke nevnt annet sted","Løkenvegen 27","6423","MOLDE","","","1"
"921221002","LORDES AS","AS","","Andre egeninvesteringsselskaper","Fanneenga 7B","6423","MOLDE","","","0"
"988083577","LOS FORLAG Oddbjørn Sættem","ENK","","Utgivelse av bøker","Mali Furunes veg 5","6414","MOLDE","71 25 19 32","","1"
"936909337","LOS SANTOS AS","AS","","Uoppgitt","Kanndalsvegen 13","6470","ERESFJORD","","","1"
"923670602","LOSSIUS KOMPETANSE","ENK","","Annen undervisning ellers","Skolevegen 18","6410","MOLDE","","","0"
"824012202","LOTUS WIPASANEE CHOCHOTTANASIT SPORSHEIM","ENK","","Aktiviteter i dagspa, badstue og dampbad","Fløtmannsgata 2","6413","MOLDE","","","1"
"991347739","LOUISE ODIER AS","AS","","Detaljhandel med klær","Storgata 23","6413","MOLDE","71 21 93 55","","1"
"921190301","LOVART AQUA LOGISTICS AS","AS","","Innenriks sjøfart med gods","Torget 4","6413","MOLDE","","","1"
"928998789","LOVISE AMDAM","ENK","","Skapende kunstnerisk virksomhet innenfor visuell kunst","Tømmervegen 2","6414","MOLDE","","","0"
"826430192","LOVISE REFSNES INVEST AS","AS","","Uoppgitt","Cecilienfrydvegen 28","6412","MOLDE","","","0"
"835054942","LP ELEKTRO AS","AS","","Annen teknisk konsulentvirksomhet","Fjellbruvegen 27","6429","MOLDE","","","1"
"924467355","LPT AS","AS","","Uoppgitt","Vestre Mellomveg 11","6416","MOLDE","","","0"
"989116886","LS AKTIVA HOLDING AS","AS","","Andre egeninvesteringsselskaper","Myrabakken 1","6413","MOLDE","","","0"
"934486927","LS NYGÅRD","ENK","","Industri-, produkt- og motedesignvirksomhet","c/o Line Skrede Nygård Granlia 19","6429","MOLDE","","","1"
"930843393","LUFTSLOTT AS","AS","","Industri-, produkt- og motedesignvirksomhet","Lergrovikvegen 8","6419","MOLDE","","","1"
"942399243","Luggen Hårstudio AS","AS","42","Frisering og barbering","Birger Hatlebakks veg 5","6415","MOLDE","71 25 63 00","","3"
"931833391","LUGGEN NO.6 AS","AS","","Frisering og barbering","Grandfjæra 28","6415","MOLDE","","","1"
"931305840","LULUS HAGE AS","AS","","Dyrking av ettårige vekster ellers","Lundsengvegen 1","6419","MOLDE","","","1"
"929571509","LULUS HAGE ELI HANNE DAHLE","ENK","","Dyrking av ettårige vekster ellers","c/o Eli Hanne Dahle Lundsengvegen 1","6419","MOLDE","","","0"
"937706383","LUND CREATIVE","ENK","","Fotografvirksomhet","Julsundvegen 119","6410","MOLDE","","","1"
"934434358","LUND FORSIKRINGSKOMPETANSE","ENK","","Annen undervisning ellers","Fagerlivegen 20","6413","MOLDE","","","1"
"927532360","LUNZEO SOLUTIONS STENERSEN","ENK","","Reklamebyråvirksomhet","Britvegen 17","6411","MOLDE","","","0"
"925681644","LYCHE KONSULT","ENK","","Bedriftsrådgivning og annen administrativ rådgivning","Østre Mellomveg 7","6416","MOLDE","","","0"
"933458091","LYCHE LOGOPED","ENK","","Andre helsetjenester ellers","Frænavegen 37","6415","MOLDE","","","1"
"932184869","LYD & SCENEPRODUKSJON AS","AS","","Andre tjenester tilknyttet kunstnerisk virksomhet og underholdningsvirksomhet","Årøsetervegen 29B","6422","MOLDE","","","1"
"997716434","LYKKESLET STRØMSKAG","ENK","","Utøvende kunstnerisk virksomhet og underholdningsvirksomhet innenfor scenekunst","Holvegen 10B","6414","MOLDE","","","0"
"929161106","LYNGJAVEGEN 8 AS","AS","","Utleie av egen eller leid fast eiendom","Sjøvikvegen 67","6475","MIDSUND","","","1"
"925528986","LYNGSTAD ERNÆRING AS","AS","","Forebyggende helsearbeid","Hagaplassen 36","6422","MOLDE","","","1"
"932726343","LYNVING1 BERGSBAKK ELEKTROSERVICE","ENK","","Reparasjon og vedlikehold av elektrisk utstyr","Løkenvegen 8","6423","MOLDE","93 86 70 73","","0"
"923748830","LYS BEMANNING AS","AS","109","Utleie av arbeidskraft og andre personaladministrative tjenester","Skrenten 15","6411","MOLDE","","","1"
"834240912","LYS HOLDING AS","AS","","Uoppgitt","Skrenten 15","6411","MOLDE","","","1"
"944516840","LYSKOPI AS","AS","","Trykking ellers","Hamnegata 41","6413","MOLDE","","","1"
"937245963","LYST LIV ANNE BERIT MOE","ENK","","Annen undervisning ellers","c/o Anne Berit Moe Mårskrenten 66","6425","MOLDE","","","1"
"980719650","LYSTAD PRAKSIS Leif-Arne Lystad","ENK","","Fysioterapi- og ergoterapitjenester","c/o Moldegård Fysioterapi AS Oscar Hanssens veg 9","6415","MOLDE","+4771257070","www.moldegardfysioterapi.no","1"
"931569570","LYSTECH LYSGÅRD SINDRE","ENK","","Annen teknisk konsulentvirksomhet","Sirivegen 4","6411","MOLDE","","","0"
"814734412","LYSTER DIVING","ENK","","Oppdrett av annet storfe til kjøttproduksjon og sædproduksjon","Rød Ljøstavegen 86","6460","EIDSVÅG I ROMSDAL","","","1"
"927214539","LYSTER KYSTFISKE AS","AS","","Fiske og fangst i sjø","Tiriltoppvegen 28","6475","MIDSUND","","","1"
"969261537","LYSTER TORE","ENK","","Melkeproduksjon på storfe og oppdrett av melkekyr","Ljøstavegen 95","6460","EIDSVÅG I ROMSDAL","","","1"
"981862155","LØDING STEINAR JOHAN","ENK","","Utøvende kunstnerisk virksomhet og underholdningsvirksomhet innenfor musikk","Sirivegen 3","6411","MOLDE","","","0"
"918196854","LØKEN ANETTE KRISTIN","ENK","","Industri-, produkt- og motedesignvirksomhet","Blomstervegen 13","6412","MOLDE","","","0"
"969849496","LØKEN KJELL OVE","ENK","","Kombinert husdyrhold og planteproduksjon","Magerøyvegen 24","6475","MIDSUND","","","1"
"928010228","LØNNUM AS","AS","","Uoppgitt","Geitnessvingen 53","6456","SKÅLA","","","0"
"914103118","LØNSETH EIENDOM AS","AS","","Utleie av egen eller leid fast eiendom","Fløtmannsgata 2","6413","MOLDE","","","1"
"982784220","LØNSETH INVEST AS","AS","","Utleie av egen eller leid fast eiendom","Fløtmannsgata 2","6413","MOLDE","71 21 46 00","","0"
"932185881","LØNSETHAGEN AS","AS","","Regnskapsføring og bokføring","Eikremsvingen 4","6422","MOLDE","71 11 53 83","","1"
"990582750","LØNSETHAGEN EIENDOM AS","AS","","Utleie av egen eller leid fast eiendom","Eikremsvingen 4","6422","MOLDE","71 11 53 83","","1"
"979463448","LØNSETHAGEN ELEKTRO-DIESEL AS","AS","5","Reparasjon og vedlikehold av motorvogner","Skålavegen 3","6422","MOLDE","71 24 17 50","lønsethagenelektrodiesel.no","1"
"929312384","LØSET SKOGTJENESTER","ENK","","Avvirkning","Eikremshagen 42","6423","MOLDE","","","0"
"937103522","LØVOLD SAMSPILL & SIKKERHET","ENK","","Andre personlige tjenester ikke nevnt annet sted","Skolevegen 22B","6410","MOLDE","","","1"
"937027303","LAAGE SOLUTIONS AS","AS","","Detaljhandel med motorvogner","Storgata 11","6413","MOLDE","","laagesolutions.no","1"
"992031824","LÅVEN INVEST AS","AS","","Andre egeninvesteringsselskaper","Sørnesjevegen 22","6456","SKÅLA","","","1"
"912154343","LÅVEN TRENINGSSTUDIO AS","AS","","Treningssentervirksomhet","Langsetvegen 23","6460","EIDSVÅG I ROMSDAL","","","1"
"929947630","M BUGGE ANLEGG","ENK","","Grunnarbeid","Boggestranda 446","6460","EIDSVÅG I ROMSDAL","","","1"
"997836634","M NYGÅRD HOLDING AS","AS","","Uoppgitt","c/o Markus Nygård","6475","MIDSUND","","","0"
"935348528","M TANGEN SERVICE","ENK","","Tjenester tilknyttet planteproduksjon","Raknesvegen 296","6475","MIDSUND","","","1"
"915505988","M-K CONSULTING AS","AS","","Bedriftsrådgivning og annen administrativ rådgivning","Årønes Gård","6421","MOLDE","","","1"
"998372038","M.O. MALO","ENK","","Avvirkning","Langfjordvegen 191","6456","SKÅLA","71 25 12 55","","1"
"976011481","M/Y RAGNI DA","DA","","Utenriks sjøfart med gods","c/o Arne Berge Sollivegen 95","6414","MOLDE","","","0"
"933831086","M2 REVISJON AS","AS","","Revisjon","Julsundvegen 4","6412","MOLDE","","","1"
"923142827","MACCAN AS","AS","","Bedriftsrådgivning og annen administrativ rådgivning","c/o Andreasson Sollivegen 86","6414","MOLDE","","","1"
"933813142","MACÉ CAFE AS","AS","13","Drift av restauranter","Storgata 42","6413","MOLDE","","","1"
"988798827","MACÈ EIENDOM AS","AS","","Kjøp og salg av egen fast eiendom","Fannestrandvegen 125","6419","MOLDE","71 21 43 00","","0"
"935283892","MADALIN GUSITA - BYGG & MALING","ENK","","Maler- og glassarbeid","Fannestrandvegen 117","6419","MOLDE","","","1"
"832001392","MADELENE BROKSTAD","ENK","","Beplantning av hager og parkanlegg","Geitnesvågen 8","6456","SKÅLA","","","0"
"990699879","MADS LANGNES","ENK","","Skapende kunstnerisk virksomhet innenfor litteratur","Aukravegen 14","6414","MOLDE","","","0"
"988913227","MAERZ CONTEMPORARY AS","AS","","Detaljhandel med kulturvarer ikke nevnt annet sted","Myrabakken 3","6413","MOLDE","90 01 48 32","","1"
"921528477","MAGDELENA NYLAND","ENK","","Annen undervisning ellers","Hagaplassen 32","6422","MOLDE","","","0"
"930806889","MAGERØY GÅRD","ENK","","Sauehold","Magerøyvegen 420","6475","MIDSUND","","","1"
"935862507","MAGERØY HOLDING AS","AS","","Uoppgitt","Gamlevegen 19","6423","MOLDE","","","1"
"994483706","MAGNAR MORK","ENK","","Kombinerte tjenester tilknyttet eiendomsdrift","Øverbygda 86","6450","HJELSET","","","1"
"969153599","MAGNE K HJELSET","ENK","","Melkeproduksjon på storfe og oppdrett av melkekyr","Gardvegen 54","6450","HJELSET","","","1"
"969128950","MAGNE REITEN","ENK","","Oppdrett av annet storfe til kjøttproduksjon og sædproduksjon","Reitenvegen 52","6475","MIDSUND","71 27 87 08","","1"
"980509877","MAGNE SLENES","ENK","","Sauehold","Rødstrandvegen 148","6460","EIDSVÅG I ROMSDAL","71 23 24 45","","1"
"969399210","MAGNE ØDEGÅRD","ENK","","Melkeproduksjon på storfe og oppdrett av melkekyr","Ødegårdvegen 37","6364","VISTDAL","","","1"
"979313306","MAGNE AAFLØY","ENK","","Oppføring av bygninger","Istadlivegen 165","6453","KLEIVE","71 24 72 19","","1"
"926202251","MAGNUS EINAR SCHEVIK BERG","ENK","","Oppdrett av annet storfe til kjøttproduksjon og sædproduksjon","Øverbygda 183","6450","HJELSET","","","1"
"997055403","MAGNUS JULBØ","ENK","","Grunnarbeid","Setervegen 21","6411","MOLDE","","","1"
"935402204","MAGNUS MADSEN (ENK)","ENK","","Undervisning innenfor idrett og rekreasjon","Nygjerdesvingen 8","6421","MOLDE","","","1"
"815869532","MAGNUS REITAN","ENK","","Utleie og leasing av bygge- og anleggsmaskiner og -utstyr","Hornevegen 95","6470","ERESFJORD","","","1"
"927874342","MAGNUS SKREDE","ENK","","Allmennlegetjenester","Eidsvågvegen 30","6460","EIDSVÅG I ROMSDAL","","","1"
"998851750","MAI CECILIE VENAAS","ENK","","Utøvende kunstnerisk virksomhet og underholdningsvirksomhet innenfor scenekunst","Skrenten 8L","6411","MOLDE","","","0"
"932366959","MAIKEN RØVIK","ENK","","Oppdrett av annet storfe til kjøttproduksjon og sædproduksjon","Dvergsnes Grønnesvegen 63","6456","SKÅLA","","","1"
"926332600","MAILIS SARA MARTH NAJDORF","ENK","","Utøvende kunstnerisk virksomhet og underholdningsvirksomhet innenfor musikk","Birkelandvegen 14","6416","MOLDE","","","1"
"916361033","MAJ INVEST AS","AS","","Andre egeninvesteringsselskaper","Solbakken 17C","6429","MOLDE","","","0"
"931708066","MAJO MOLDE AS","AS","","Detaljhandel med fisk, skalldyr og bløtdyr","Adjunkt Dørums gate 31","6413","MOLDE","","","0"
"931745816","MAJO SERVICE AS","AS","","Reparasjon og vedlikehold av maskiner","Fannefjordsvegen 683","6421","MOLDE","","","1"
"922829993","MAJO SERVICE SCHEVIK","ENK","","Reparasjon og vedlikehold av maskiner","Fannefjordsvegen 683","6421","MOLDE","","","1"
"921670494","MALENE PEDERSEN","ENK","","Skapende kunstnerisk virksomhet innenfor litteratur","Astrupvegen 30","6419","MOLDE","","","1"
"931038362","MALEPOPP ÅSTE LANDRØ MARØY","ENK","","Skapende kunstnerisk virksomhet innenfor visuell kunst","Alexander Kiellands veg 6","6413","MOLDE","","","1"
"983564917","MALERMESTER STIG VAAGSETHER AS","AS","","Maler- og glassarbeid","Tellusvegen 2","6419","MOLDE","71 20 09 01","www.stigvaagsether.no","1"
"987754931","MALERMESTRENE BMV AS","AS","47","Maler- og glassarbeid","Gammelseterlia 7","6422","MOLDE","71 20 13 50","www.mbmv.no","1"
"994547208","MALME EIENDOM AS","AS","","Eiendomsforvaltning på oppdrag","Fagerlivegen 7","6413","MOLDE","","","0"
"937881347","MALME GROUP AS","AS","","Dataprogrammeringstjenester","Fagerlivegen 7","6413","MOLDE","","","0"
"993110418","MALO EIENDOM AS","AS","","Utleie av egen eller leid fast eiendom","Jupitervegen 3","6419","MOLDE","","","1"
"929967968","MALO HOLDING AS","AS","","Utleie av egen eller leid fast eiendom","Jupitervegen 3","6419","MOLDE","","","1"
"979950764","MALVIN GUSSIÅS AS","AS","","Agenturhandel med spesialisert vareutvalg ellers","","6453","KLEIVE","71 23 33 11","","0"
"921173490","MANIMAL NORDIC AS","AS","","Engroshandel med drikkevarer","Romsdalsgata 16","6415","MOLDE","","","1"
"935454638","MANNAI AS","AS","","Utvendig rengjøring av bygninger og industriell rengjøring","Raknesvegen 77","6475","MIDSUND","","","1"
"920960367","MARCEL MENNINK FISKERI","ENK","","Fiske og fangst i sjø","Einebæråsen 20","6429","MOLDE","","","1"
"934302311","MARDOFF.COM VED TORD MARDOFF NIELSEN","ENK","","Arkitektvirksomhet","Storgata 52","6413","MOLDE","","","1"
"932263637","MAREN SETH SUNDE","ENK","","Ortopedi- og fotterapitjenester","c/o MOLDE FOTTERAPIKLINIKK Hamnegata 47","6413","MOLDE","","","0"
"997799003","MARENO NAUSTE","ENK","","Oppføring av bygninger","Naustevegen 56","6470","ERESFJORD","","","1"
"935070473","MARGRETHE AKSELVOLL","ENK","","Sauehold","Utsidevegen 431","6475","MIDSUND","","","1"
"932574276","MARI HJELLSET AS","AS","","Uoppgitt","c/o Mari Hjellset Kristianplassen 24","6410","MOLDE","","","0"
"924709855","MARI LUND JOHANNESSEN","ENK","","Barneverntjenester","Kringstadvegen 3A","6411","MOLDE","","","0"
"933754510","MARI WENAAS FYSIOTERAPI OG TRENING","ENK","","Fysioterapi- og ergoterapitjenester","Vejlevegen 29","6415","MOLDE","","","1"
"923427074","MARIA NAKKEN TALSETHAGEN","ENK","","Utøvende kunstnerisk virksomhet og underholdningsvirksomhet innenfor musikk","Fannestrandvegen 76","6416","MOLDE","","","0"
"999607691","MARIA NERLANDS RENHOLD","ENK","","Rengjøring av bygninger","Vistdalsvegen 1649","6364","VISTDAL","","","1"
"913539591","MARIA SANDSMARK","ENK","","Skapende kunstnerisk virksomhet innenfor visuell kunst","Anders Sandvigs veg 10","6414","MOLDE","","","1"
"995362767","MARIANNE HAFSAAS","ENK","","Annen undervisning innenfor kultur","Nils Hertzbergs veg 6","6413","MOLDE","","","0"
"919037598","MARIANNE KESSEBOOM HELSECOACH","ENK","","Barneverntjenester","Sollivegen 99A","6414","MOLDE","","","1"
"933354628","MARIE ANGELHUS MORSTØL","ENK","","Undervisning innenfor idrett og rekreasjon","Tranebærvegen 4","6429","MOLDE","","","1"
"997595513","MARIE MIDTSUND","ENK","","Psykolog- og psykoterapitjenester, unntatt legetjenester innenfor psykiatri","Storgata 14","6413","MOLDE","","","1"
"898569632","MARIEHAMN KYSTFISKE AS","AS","","Fiske og fangst i sjø","Huskrullvegen 8","6475","MIDSUND","","","1"
"986258140","MARIEHAMN MARIE THOLVSEN NYGÅRD","ENK","","Skapende kunstnerisk virksomhet innenfor visuell kunst","Huskrullvegen 8","6475","MIDSUND","","www.mariehamn.no","0"
"937472234","MARIELLA DE BOER","ENK","","Skapende kunstnerisk virksomhet innenfor visuell kunst","Margareta Dahls gate 36","6413","MOLDE","","","1"
"931047396","MARIKEN KLEPPE","ENK","","Undervisning innenfor idrett og rekreasjon","Bruksenhetsnummer H0303 Romsdalsgata 5","6413","MOLDE","","","1"
"926744399","MARINA FILATOVA","ENK","","Skjønnhetspleie","Øvre Krohnstad veg 41","6421","MOLDE","","","1"
"913271831","MARINAS HÅR OG SKJØNNHET AS","AS","","Frisering og barbering","Julsundvegen 47B","6412","MOLDE","","Www.hosmarinas.no","1"
"995318296","MARINE & OFFSHORE SERVICES AS","AS","","Annen teknisk konsulentvirksomhet","Solbakken 37","6429","MOLDE","","","1"
"926583506","MARINE STABILIZATION SYSTEMS AS","AS","","Forskning og eksperimentell utvikling innenfor naturvitenskap og teknikk","Britvegen 4","6410","MOLDE","","","1"
"937218125","MARIO ARAYA FORFATTERVIRKSOMHET","ENK","","Skapende kunstnerisk virksomhet innenfor litteratur","Sollivegen 21","6414","MOLDE","","","1"
"981348338","MARIT BOTTERLI","ENK","","Sauehold","Botterlivegen 259","6453","KLEIVE","71 24 72 35","","0"
"914167825","MARIT GRØTT NILSEN","ENK","","Allmennlegetjenester","Heramb-Aamots veg 19","6414","MOLDE","","","1"
"916991665","MARIT MOUM","ENK","","Utøvende kunstnerisk virksomhet og underholdningsvirksomhet innenfor musikk","Hauglegda 8","6416","MOLDE","","","0"
"926744739","MARIT T HAUGE","ENK","","Allmennlegetjenester","Fannebakken 25","6423","MOLDE","","","1"
"994798804","MARIT WADSTEN","ENK","","Andre personlige tjenester ikke nevnt annet sted","Eikesdalsvegen 2184A","6472","EIKESDAL","71 23 45 29","","0"
"990391440","MARIT WEIDEBORG","ENK","","Fysioterapi- og ergoterapitjenester","Senter for psykomotoriskfysioterapi Torget 1","6413","MOLDE","32 11 55 67","","1"
"934247523","MARITA GROVEN","ENK","","Undervisning innenfor idrett og rekreasjon","Vestnesvegen 2B","6415","MOLDE","","","1"
"980421260","MARITA OG MARIANNES KLIPP & SYSTUE ANS","ANS","","Detaljhandel med innredningsartikler ikke nevnt annet sted","Romsdalsgata 1","6413","MOLDE","71 25 37 67","","0"
"918872205","MARITIM DRIFT AS","AS","","Detaljhandel med fritidsbåter og tilhørende utstyr","c/o Tonny Thomassen Nini Roll Ankers veg 11","6412","MOLDE","","","1"
"916374666","MARIUS KIRKELAND TRANSPORT AS","AS","","Godstransport på vei","Utsidevegen 470","6475","MIDSUND","","","1"
"937024886","MARIUS NERLAND","ENK","","Avvirkning","Frænavegen 482","6423","MOLDE","","","1"
"914740002","MARIUS SVENUNGSEN","ENK","","Forskning og eksperimentell utvikling innenfor naturvitenskap og teknikk","Svarttrastvegen 28","6425","MOLDE","","","0"
"920669433","MARKON AS","AS","","Bedriftsrådgivning og annen administrativ rådgivning","Lauvåsvegen 3","6456","SKÅLA","","","1"
"932033631","MARMAR CONSULTING AS","AS","","Bedriftsrådgivning og annen administrativ rådgivning","Fjellskaret 3","6416","MOLDE","","","1"
"933185567","MAROT EIENDOM AS","AS","","Eiendomsforvaltning på oppdrag","Fannestrandvegen 7","6415","MOLDE","","","1"
"933121313","MAROT HOLDING AS","AS","","Uoppgitt","Fannestrandvegen 7","6415","MOLDE","","","1"
"931094866","MARROG AS","AS","","Utleie av egen eller leid fast eiendom","Hjellmyrnakken 30","6429","MOLDE","","","1"
"917510199","MARSVE HOLDING AS","AS","","Uoppgitt","v/Marius Monsås Svenungsen Svarttrastvegen 28","6425","MOLDE","","","1"
"914549612","MARTE BRUNVOLL AS","AS","","Uoppgitt","Birkelandvegen 24","6416","MOLDE","","","0"
"929965051","MARTE J. STEFFERUD","ENK","","Allmennlegetjenester","Kvilarvegen 10","6421","MOLDE","","","0"
"930166464","MARTHE GAASØ","ENK","","Sauehold","Romdalvika 6","6418","SEKKEN","","","1"
"937054653","MARTHE HOFLANDSDAL","ENK","","Utøvende kunstnerisk virksomhet og underholdningsvirksomhet innenfor musikk","Hjellhaugen 18","6450","HJELSET","","","1"
"986419896","MARTIN BREDIN","ENK","","Utøvende kunstnerisk virksomhet og underholdningsvirksomhet innenfor musikk","Uglevegen 7","6425","MOLDE","71 20 01 81","","1"
"930621412","MARTIN BYTTINGSVIK","ENK","","Undervisning innenfor idrett og rekreasjon","Strandheimvegen 4A","6410","MOLDE","","","0"
"990240795","MARTIN DUE - BILLEDKUNSTNER","ENK","","Skapende kunstnerisk virksomhet innenfor visuell kunst","Flaggspettvegen 21","6425","MOLDE","71 21 31 35","","0"
"911636972","MARTIN ENGELAND","ENK","","Allmennlegetjenester","Bjørnstjerne Bjørnsons veg 134","6410","MOLDE","","","1"
"933823067","MARTIN FLEMMEN","ENK","","Utøvende kunstnerisk virksomhet og underholdningsvirksomhet innenfor musikk","Mårskrenten 25","6425","MOLDE","","","1"
"918605371","MARTIN NOE KRAKELI","ENK","","Oppføring av bygninger","Istad Øvre Istad veg 71","6453","KLEIVE","","","1"
"970269509","MARTIN O MOEN","ENK","","Oppføring av bygninger","Vistdalsvegen 1695","6364","VISTDAL","","","1"
"918726381","MARTIN RØDAHL","ENK","","Guide- og reiseledervirksomhet","Fjellskaret 3","6416","MOLDE","","","0"
"991556613","MARTIN SKROVE TYNN LUFT","ENK","","Allmennlegetjenester","Mårskrenten 16","6425","MOLDE","","","1"
"921965788","MASI MOLDE AS","AS","","Uoppgitt","Glomstuvegen 37B","6412","MOLDE","","","0"
"986081631","MASKINTEKNIKK, GLENN EMIL SUNDSBØ","ENK","","Bearbeiding av metaller","Solbakken 45B","6429","MOLDE","","","0"
"980696189","MASSASJETERAPEUT VIBEKE SKALDEBØ HOL","ENK","","Andre helsetjenester ellers","Storgata 36","6413","MOLDE","","","1"
"923155619","MAT HELT ENKELT AS","AS","","Catering for arrangementer","C/O Monica Ugelvik-Bognø Brattåsen 15","6423","MOLDE","","","1"
"931464728","MATHEA EIKEN FAKSEN","ENK","","Utøvende kunstnerisk virksomhet og underholdningsvirksomhet innenfor musikk","Hagavegen 1","6450","HJELSET","","","1"
"932587106","MATHEA HJELLSET AS","AS","","Uoppgitt","Kristianplassen 24","6410","MOLDE","","","0"
"837721792","MATHEA OCEANA BRUNVOLL ENK","ENK","","Utøvende kunstnerisk virksomhet og underholdningsvirksomhet innenfor musikk","Sølsnesvegen 75","6456","SKÅLA","","","1"
"995367823","MATHIAS HOLTEDAHL THORP","ENK","","Utøvende kunstnerisk virksomhet og underholdningsvirksomhet innenfor musikk","Bregnelia 17","6429","MOLDE","66 78 76 63","","0"
"928067246","MATHILDE O. PETTERSSON","ENK","","Annen undervisning innenfor kultur","Reinhold Zieglers veg 1B","6414","MOLDE","","","1"
"911825120","MATHISEN VVS AS","AS","","Rørleggerarbeid","Årøsetervegen 35","6422","MOLDE","","","1"
"931122487","MATS N. AAMBØ FYSIOTERAPI","ENK","","Fysioterapi- og ergoterapitjenester","Bruksenhetsnummer  H0101 Hjellmyrnakken 26","6429","MOLDE","","","1"
"897113872","MATS REJKESTAM JØRGENSEN","ENK","","Fysioterapi- og ergoterapitjenester","Nordskogvegen 6B","6412","MOLDE","","","0"
"979990472","MATTHIAS ENGEL","ENK","","Oversettelses- og tolkevirksomhet","Heramb-Aamots veg 26","6414","MOLDE","71 24 79 12","","0"
"969396459","MAUSET ARNE BJØRN","ENK","","Melkeproduksjon på storfe og oppdrett av melkekyr","Fannefjordsvegen 969","6450","HJELSET","","","1"
"931991213","MAUSETH BARE","ENK","","Detaljhandel med klær","Solbakken 32D","6429","MOLDE","","","1"
"925392243","MAUSETH TECHNOLOGIES","ENK","","Reklamebyråvirksomhet","Solbakken 32D","6429","MOLDE","","","1"
"931298089","MAX HEESEN NAPRAPAT","ENK","","Aktiviteter innenfor tradisjonell, komplementær og alternativ medisin","Bjørkfinkvegen 10","6425","MOLDE","","","1"
"974698587","MAX INGE JULBØ","ENK","","Oppdrett av annet storfe til kjøttproduksjon og sædproduksjon","Julsundvegen 984","6411","MOLDE","","","1"
"976093860","MAX SCHEVIK","ENK","","Grunnarbeid","Baklivegen 5","6450","HJELSET","71 25 19 88","","1"
"920674852","MAZ MARKETING MOHAMAD MAZEN FARUK MOHARAM","ENK","","Andre helsetjenester ellers","Høglivegen 29C","6450","HJELSET","","","1"
"917335249","MB DETALJ AS","AS","","Detaljhandel med klær","Mikkelivegen 10C","6415","MOLDE","","","0"
"992065745","MB DRIFT AS","AS","19","Drift av restauranter","Strandgata 10B","6415","MOLDE","","","2"
"918873481","MB-HOLDING AS","AS","","Drift av restauranter","Strandgata 10B","6415","MOLDE","","","0"
"933032086","MB-LIVE AS","AS","10","Drift av restauranter","Kirkebakken 3","6413","MOLDE","","","1"
"930294659","MB-STORGATA 25 AS","AS","","Utleie av egen eller leid fast eiendom","Strandgata 10B","6415","MOLDE","","","1"
"924950617","MB-VEKTERGATA 1-3 AS","AS","","Utvikling og salg av byggeprosjekter","Sollivegen 32E","6414","MOLDE","","","1"
"933524876","MCSJ COMIC","ENK","","Tjenester tilknyttet landtransport ikke nevnt annet sted","Tellusvegen 3A","6419","MOLDE","","","1"
"935328896","MCW 1 AS","AS","","Utleie og leasing av bygge- og anleggsmaskiner og -utstyr","Grandfjæra 28","6415","MOLDE","","","1"
"925417734","MEAS MORDAL","ENK","","Snekkerarbeid","Geitnessvingen 64","6456","SKÅLA","","","1"
"959662487","MEDIA 1 MOLDE AS","AS","","Reklamebyråvirksomhet","Storgata 11","6413","MOLDE","71 20 12 00","","1"
"917572755","MEDIA TALSET","ENK","","Skapende kunstnerisk virksomhet innenfor litteratur","Lunheimvegen 12","6416","MOLDE","","","0"
"990893810","MEDIAWINGS Henøen","ENK","","Skapende kunstnerisk virksomhet innenfor litteratur","Setervegen 5","6411","MOLDE","71 21 84 25","","1"
"922423237","MEEK LOGISTIKK AS","AS","","Godstransport på vei","Torget 4","6413","MOLDE","","","0"
"931703870","MEESE VILLSAU","ENK","","Sauehold","Kristianplassen 2","6410","MOLDE","","","0"
"817313922","MEHMET & SØLVIK INVEST AS","AS","","Andre egeninvesteringsselskaper","c/o Terje Vestad Mehmet Flovikhaugvegen 22","6456","SKÅLA","","","0"
"869260142","MELKILD STEINAR A","ENK","","Sauehold","Øvervegen 420","6460","EIDSVÅG I ROMSDAL","","","1"
"927213788","MELKIOR AS","AS","","Uoppgitt","Løvsangervegen 39","6425","MOLDE","","","0"
"926042629","MERCI .NO V/ JOHN WALTER SAMI","ENK","","Detaljhandel med ur, klokker og smykker","Eikremsvingen 20","6422","MOLDE","","","0"
"828714252","MERETE MOENS MAKERI","ENK","","Skapende kunstnerisk virksomhet innenfor litteratur","c/o Merete Moen Hammervollhagen 20","6460","EIDSVÅG I ROMSDAL","","","1"
"969851261","MERETE SANDNES","ENK","","Utleie av egen eller leid fast eiendom","Hellevegen 15","6364","VISTDAL","","","1"
"936104207","MERGENA CONOL HUSTAD","ENK","","Andre personlige tjenester ikke nevnt annet sted","Årølivegen 5B","6421","MOLDE","","","1"
"936757480","MERIEAU TECH","ENK","","Grafisk design og visuell kommunikasjonsdesign","Snarvegen 2","6414","MOLDE","","","1"
"829399962","MERINGDAL AS","AS","","Annen detaljhandel med andre nye varer","Hjellhaugen 11","6450","HJELSET","","","1"
"984500300","MERINGDAL HILDE IREN","ENK","","Drift av campingplasser","Hargautvegen 19","6460","EIDSVÅG I ROMSDAL","71 23 23 83","","1"
"929398238","MERINGDAL MULTISERVICE","ENK","","Snekkerarbeid","c/o Kjetil Meringdal Eikesdalsvegen 2083","6472","EIKESDAL","","","1"
"927895757","MERINGDAL TRE OG ANLEGG","ENK","","Avvirkning","Eikesdalsvegen 2122","6472","EIKESDAL","","","1"
"931012002","MERUS HOLDING AS","AS","","Uoppgitt","Rødvegen 11","6460","EIDSVÅG I ROMSDAL","","","0"
"971141964","MESTERGULL ROSEBY AS GULLSMED ÅGE HANSEN","AS","9","Detaljhandel med ur, klokker og smykker","Lingedalsvegen 6/10","6415","MOLDE","71215401","","1"
"918336222","METALLSTØPERIET AS","AS","","Utleie av egen eller leid fast eiendom","Grandfjæra 20","6415","MOLDE","","","0"
"992522844","METHO SJØ AS","AS","","Fiske og fangst i sjø","Bjørnstjerne Bjørnsons veg 112","6410","MOLDE","","","1"
"935280990","METTE HOLAND","ENK","","Bedriftsrådgivning og annen administrativ rådgivning","Skralderberget 20","6456","SKÅLA","","","1"
"921681119","MEVA AS","AS","6","Utleie av egen eller leid fast eiendom","Storgata 9","6413","MOLDE","","","1"
"831793252","MEVA BOLIG AS","AS","","Oppføring av bygninger","Storgata 9","6413","MOLDE","","","0"
"933302709","MEVADA AS","AS","","Uoppgitt","Jordbærvegen 27","6421","MOLDE","","","1"
"989162403","MEVOLD INVEST AS","AS","","Andre egeninvesteringsselskaper","Reknesvegen 12","6413","MOLDE","","","0"
"992763388","MFK HOLDING AS","AS","","Andre egeninvesteringsselskaper","c/o Motus Technology AS Verftsgata 10","6416","MOLDE","71 21 61 40","","0"
"990687773","MIA BAO MOLDE AS","AS","7","Detaljhandel med klær","Storgata 24","6413","MOLDE","71 20 66 30","","1"
"936168248","MIA SETTEMSDAL","ENK","","Kontortjenester","Einar O. Bergs veg 2","6423","MOLDE","","","1"
"992366273","MICHAELS TATTOO REITER","ENK","","Andre personlige tjenester ikke nevnt annet sted","Langåsvegen 3","6450","HJELSET","","","1"
"932075377","MICHAL CHRISTINA BIETZ","ENK","","Annen utøvende kunstnerisk virksomhet og underholdningsvirksomhet ikke nevnt annet sted","Amtmann Leths gate 1","6413","MOLDE","","","0"
"993463086","MICO HOLDING AS","AS","","Utleie av egen eller leid fast eiendom","Straumsnesvegen 40","6475","MIDSUND","","","1"
"915423116","MIDSUND BRUK AS","AS","","Produksjon av metallkonstruksjoner og deler","Industrivegen 50","6475","MIDSUND","","","1"
"917440611","MIDSUND BRYGGE AS","AS","","Utleie av egen eller leid fast eiendom","Utsidevegen 37","6475","MIDSUND","","","1"
"992053666","MIDSUND EIENDOM AS","AS","","Oppføring av bygninger","Lyngjavegen 4","6475","MIDSUND","","www.midsundeiendom.no","1"
"957919766","MIDSUND ELEKTRO AS","AS","10","Elektrisk installasjonsarbeid","Stormyrvegen 2","6475","MIDSUND","","www.midsundelektro.no","1"
"984036906","MIDSUND FISKEBÅTREDERI AS","AS","5","Fiske og fangst i sjø","Sjøvikvegen 67","6475","MIDSUND","71 27 02 00","","1"
"924588233","MIDSUND GJESTESTOVE AS","AS","6","Drift av hoteller","Bukthaugvegen 4","6475","MIDSUND","","","1"
"924984511","MIDSUND INDUSTRISERVICE AS","AS","16","Produksjon av metallkonstruksjoner og deler","Sjøvikvegen 50","6475","MIDSUND","","","1"
"963354177","MIDSUND MØBELSENTER AS","AS","","Utleie av egen eller leid fast eiendom","","6475","MIDSUND","","","1"
"913024915","MIDSUND SERVICE AS","AS","","Rengjøring av bygninger","Sjøslettevegen 32","6475","MIDSUND","","","1"
"933737705","MIDSUND VAKTMESTERSERVICE KÜHNE","ENK","","Kombinerte tjenester tilknyttet eiendomsdrift","Utsidevegen 813","6475","MIDSUND","","","1"
"820025342","MIDSUNDINGEN AS","AS","","Utgivelse av aviser","Lyngjavegen 6","6475","MIDSUND","","","1"
"874370932","MIDT-NORSK MUSIKKPRODUKSJON Liv Karin Lange","ENK","","Produksjon og utgivelse av musikk- og lydopptak","Elvegata 13B","6413","MOLDE","","","1"
"925294756","MIDTBYGG AS","AS","","Utvikling og salg av byggeprosjekter","Fannestrandvegen 125","6419","MOLDE","","","0"
"830075402","MIDTHAUG AS","AS","","Uoppgitt","Skallvegen 1","6453","KLEIVE","","","1"
"914288606","MIDTHAUG EIENDOM AS","AS","","Produksjon av metallkonstruksjoner og deler","Skallvegen 1","6453","KLEIVE","71 20 15 00","www.midthaug.no","1"
"930075418","MIDTHAUG HOLDING AS","AS","","Produksjon av metallkonstruksjoner og deler","Skallvegen 1","6453","KLEIVE","","","0"
"997765419","MIDTHAUG ZINK AS","AS","7","Overflatebehandling av metaller","Baklivegen 13","6450","HJELSET","41 38 55 00","www.midthaugzink.no/","1"
"969124661","MIDTTØMME BJARNE","ENK","","Avvirkning","Parkvegen 58B","6412","MOLDE","22 75 19 10","","0"
"919712279","MIDØY KYSTFISKE AS","AS","","Fiske og fangst i sjø","c/o Silver Seafood AS Sjøvikvegen 55","6475","MIDSUND","","","2"
"990839158","MIDØY SAMDRIFT DA","DA","","Oppdrett av annet storfe til kjøttproduksjon og sædproduksjon","Nesoddvegen 12","6475","MIDSUND","71 27 90 32","","1"
"851450912","MIFO AS","AS","81","Elektrisk installasjonsarbeid","Verftsgata 8","6416","MOLDE","71 25 95 60","","1"
"937181957","MIFO GRUPPEN AS","AS","","Kontortjenester","Verftsgata 8","6416","MOLDE","","","1"
"987206640","MIFO MIDSUND AS","AS","9","Elektrisk installasjonsarbeid","Utsidevegen 117","6475","MIDSUND","","","1"
"919573058","MIKAEL JØRGENSEN","ENK","","Annen undervisning ellers","Elvaskaret 7","6416","MOLDE","","","0"
"923828958","MIKALSEN ANITA JORDMOR ONLINE","ENK","","Andre helsetjenester ellers","Glomstuvegen 2C","6412","MOLDE","","","0"
"831514752","MIKAN MEDIA AS","AS","","Produksjon av film, video og fjernsynsprogrammer","c/o Accountor Nordvest AS Øvre veg 30","6415","MOLDE","","","1"
"927177307","MIKRI AS","AS","","Uoppgitt","Åsvegen 9","6450","HJELSET","","","0"
"993124877","MIL INNOVATION AS","AS","","Dataprogrammeringstjenester","c/o Asmund Olstad Britvegen 4","6410","MOLDE","","","1"
"995591367","MILANO RISTORANTE MOLDE AS","AS","16","Drift av restauranter","Hamnegata 47","6413","MOLDE","71 21 90 90","","1"
"986662359","MILLA'S HÅRHJØRNE AS","AS","5","Frisering og barbering","Eidsvågvegen 59","6460","EIDSVÅG I ROMSDAL","","","1"
"989167170","MIN BOUTIQUE HOLDING AS","AS","","Utleie av egen eller leid fast eiendom","Storgata 46","6413","MOLDE","71 20 66 30","","0"
"932938197","MINDINMOTION - ANE SERINE NESJE","ENK","","Undervisning innenfor idrett og rekreasjon","Fagerlivegen 47A","6414","MOLDE","","","1"
"935969336","MINDLINK AKADEMIA AS","AS","","Annen teknisk konsulentvirksomhet","Glomstuvegen 6","6412","MOLDE","","","1"
"984266154","MINDWARE John Erik Johnsen","ENK","","Konsulentvirksomhet tilknyttet informasjonsteknologi og forvaltning og drift av it-systemer","Trastalia 25","6412","MOLDE","","","0"
"924565772","MINLEDELSE AS","AS","","Dataprogrammeringstjenester","Eikremsvingen 9","6422","MOLDE","","","1"
"990693358","MINOR D AS","AS","","All annen faglig, vitenskapelig og teknisk virksomhet ikke nevnt annet sted","Nerlandsvegen 17","6416","MOLDE","","","1"
"927428040","MIRIAM HAGERUP ERTESVÅG","ENK","","Andre tjenester tilknyttet kunstnerisk virksomhet og underholdningsvirksomhet","2, etg Fagerlivegen 9","6413","MOLDE","","","0"
"918779531","MIRIAM VENÅS","ENK","","Skapende kunstnerisk virksomhet innenfor komposisjon av musikk","Furuhaugen 3","6457","BOLSØYA","","","1"
"932705656","MISS GANGSTADS RETRO","ENK","","Detaljhandel med brukte varer","Strandgata 23","6415","MOLDE","","","1"
"932372002","MIST MEDIA AS","AS","","Reklamebyråvirksomhet","Østre Plassveg 2A","6415","MOLDE","","","1"
"985271089","MISUND BYGGTJENESTER","ENK","","Byggeteknisk konsulentvirksomhet","Utsidevegen 494","6475","MIDSUND","71 27 95 70","","1"
"937076495","MISUND DATA AS","AS","","Konsulentvirksomhet tilknyttet informasjonsteknologi og forvaltning og drift av it-systemer","Utsidevegen 132","6475","MIDSUND","22147008","","1"
"925858129","MISUND GREEN CONSULTING","ENK","","Konsulentvirksomhet tilknyttet informasjonsteknologi og forvaltning og drift av it-systemer","Steinhoggarvegen 12","6457","BOLSØYA","","","1"
"923477020","MISUND KYSTFISKE AS","AS","","Fiske og fangst i sjø","c/o Jonas Kirkeland Buråsvegen 10","6475","MIDSUND","","","1"
"937305095","MITHRANDIR AS","AS","","Allmennlegetjenester","Storgata 12","6413","MOLDE","","","1"
"926302515","MITT YOGA AS","AS","","Undervisning innenfor idrett og rekreasjon","Bjørnebæråsen 23","6429","MOLDE","","","1"
"929049276","MITTE AS","AS","","Detaljhandel med kosmetikk og toalettartikler","Øvre Hammervoll 34","6460","EIDSVÅG I ROMSDAL","","","1"
"970386963","MITTET ARILD KONRAD","ENK","","Reparasjon og vedlikehold av motorvogner","Vistdalsvegen 1759","6364","VISTDAL","71 23 52 29","","1"
"925383686","MITTET ETTERSØK","ENK","","Jakt, fangst, viltstell og tilknyttede tjenester","Hallarvegen 7","6364","VISTDAL","","","1"
"970576436","MITTET HANS KRISTIAN","ENK","","Oppdrett av annet storfe til kjøttproduksjon og sædproduksjon","Ljøstavegen 82","6460","EIDSVÅG I ROMSDAL","712 32863","","1"
"984578679","MITTET LANDBRUK OG KONSULENTTJENESTER","ENK","","Melkeproduksjon på storfe og oppdrett av melkekyr","Øvervegen 496","6460","EIDSVÅG I ROMSDAL","71 23 23 09","","1"
"986278281","MITTET SAMDRIFT DA","DA","","Melkeproduksjon på storfe og oppdrett av melkekyr","","6460","EIDSVÅG I ROMSDAL","71 23 33 09","","1"
"937088515","MIX KVILTORP AS","AS","9","Detaljhandel med bredt vareutvalg med hovedvekt på nærings- og nytelsesmidler","Fannestrandvegen 142","6419","MOLDE","","","1"
"933790924","MIZAR 24 AS","AS","","Dataprogrammeringstjenester","Birger Hatlebakks veg 26","6415","MOLDE","","","1"
"936217753","MJD FOTO - MARIE JOHNSEN DAHLEN","ENK","","Fotografvirksomhet","Tømmervegen 2","6414","MOLDE","","www.mjdfoto.no","1"
"829086832","MJELVE DESIGN","ENK","","Skapende kunstnerisk virksomhet innenfor visuell kunst","Amtmann Krohgs gate 2","6413","MOLDE","","","1"
"923118519","MJELVE EIENDOM AS","AS","","Kjøp og salg av egen fast eiendom","Fannefjordsvegen 1048","6450","HJELSET","","","1"
"927999692","MJELVE FOTO","ENK","","Fotografvirksomhet","Amtmann Krohgs gate 2","6413","MOLDE","","","0"
"912087271","MJK MEDIA - MAGNE J. KRUMSVIK","ENK","","Skapende kunstnerisk virksomhet innenfor litteratur","Stuttnesvegen 35","6475","MIDSUND","","","0"
"932975890","MJMEDIA RØD","ENK","","Reklamebyråvirksomhet","Britvegen 13","6411","MOLDE","","","1"
"825818162","MKS INVEST AS","AS","","Utleie av egen eller leid fast eiendom","Nøisomhedvegen 57","6419","MOLDE","","","1"
"921295499","MM DISTELER","ENK","","Skapende kunstnerisk virksomhet innenfor litteratur","Fjellskaret 24","6416","MOLDE","","","0"
"930176613","MM KYSTFISKE AS","AS","","Fiske og fangst i sjø","Einebæråsen 20","6429","MOLDE","","","1"
"923312447","MO&RO INVEST AS","AS","","Uoppgitt","c/o Ronny Hestholm Fannebakken 4","6423","MOLDE","","","0"
"998170834","MOBAPP AS","AS","","Dataprogrammeringstjenester","Tinthamran 7","6412","MOLDE","","www.mobapp.no","1"
"930474223","MOBARN BOLSØYA BARNEHAGE AS","AS","37","Førskoleundervisning og drift av barnehager","Hamnegata 8","6413","MOLDE","","","1"
"930473529","MOBARN CECILIENFRYD BARNEHAGE AS","AS","44","Førskoleundervisning og drift av barnehager","Hamnegata 8","6413","MOLDE","","","1"
"930474983","MOBARN HØGNAKKEN BARNEHAGE AS","AS","50","Førskoleundervisning og drift av barnehager","Hamnegata 8","6413","MOLDE","","","1"
"930474290","MOBARN NORDBYEN BARNEHAGE AS","AS","27","Førskoleundervisning og drift av barnehager","Hamnegata 8","6413","MOLDE","","","1"
"930473545","MOBARN VÅGSETRA BARNEHAGE AS","AS","27","Førskoleundervisning og drift av barnehager","Hamnegata 8","6413","MOLDE","","","1"
"930474258","MOBARN ØVERLAND BARNEHAGE AS","AS","43","Førskoleundervisning og drift av barnehager","Hamnegata 8","6413","MOLDE","","","1"
"999202322","MOBO EIENDOM AS","AS","","Utvikling og salg av byggeprosjekter","Strandgata 5","6415","MOLDE","71 25 93 00","www.mobo.no","1"
"919137584","MOBO EIENDOMSSERVICE AS","AS","10","Kombinerte tjenester tilknyttet eiendomsdrift","Strandgata 5","6415","MOLDE","","","1"
"931776371","MOBY EIENDOM AS","AS","","Utleie av egen eller leid fast eiendom","c/o Gøran Sletten Løvsangervegen 4","6425","MOLDE","","","0"
"937904533","MODELO INVEST AS","AS","","Kjøp og salg av egen fast eiendom","Røbekkhagen 26","6421","MOLDE","","","0"
"917295263","MODERNE HÅNDVERK AS","AS","","Snekkerarbeid","Fannebakken 23","6423","MOLDE","","","1"
"881920352","MODOLV BJARNE THORHUS","ENK","","Dyrking av ettårige vekster ellers","Torhusvegen 75","6470","ERESFJORD","","","1"
"970253742","MOE EINAR","ENK","","Veterinærtjenester","Rødstrupevegen 2","6425","MOLDE","","","1"
"935970733","MOE MILJØVERN","ENK","","Jakt, fangst, viltstell og tilknyttede tjenester","Fannefjordsvegen 765","6421","MOLDE","","","1"
"926172719","MOEN ETTERSØK","ENK","","Jakt, fangst, viltstell og tilknyttede tjenester","Brattåsen 5","6423","MOLDE","","","0"
"937360975","MOEN OES","ENK","","Avvirkning","Hansbakken 5","6411","MOLDE","","","1"
"991308342","MOG AUTOMASJON AS","AS","","Dataprogrammeringstjenester","c/o Frode Hammerø Gørvellalleen 1","6413","MOLDE","","www.mogautomasjon.no","1"
"979290756","MOG AUTOMASJON HOLDING AS","AS","","Utleie av egen eller leid fast eiendom","Gørvellalleen 1","6413","MOLDE","71 21 51 50","","1"
"833969242","MOHAMMED TAXI","ENK","","Passasjertransport på forespørsel utført av fører med kjøretøy","Sollivegen 101B","6414","MOLDE","","","1"
"957728219","MOLDE AUT TRAFIKKSKOLE AS","AS","","Undervisning ved godkjente trafikkskoler","Kviltorpvegen 29","6419","MOLDE","71254587","","1"
"819777292","MOLDE AUTO AS","AS","","Utleie av egen eller leid fast eiendom","Fannestrandvegen 71","6416","MOLDE","","","1"
"918165665","MOLDE AUTOSALG AS","AS","8","Detaljhandel med motorvogner","Kaptein Dreyers veg 1","6456","SKÅLA","","","1"
"918365311","MOLDE BARNEFESTIVAL AS","AS","","Andre tjenester tilknyttet kunstnerisk virksomhet og underholdningsvirksomhet","Øvre veg 13","6413","MOLDE","","","1"
"913654102","MOLDE BEDRIFTSRENHOLD AS","AS","11","Rengjøring av bygninger","Strandefaret 7","6421","MOLDE","","","1"
"919752211","MOLDE BETONG AS","AS","","Utleie av egen eller leid fast eiendom","c/o Barsten Regnskap AS Julsundvegen 14","6412","MOLDE","71 25 21 58","","1"
"920678874","MOLDE BILFORMIDLING PAVEL BEKER TAHA","ENK","","Detaljhandel med motorvogner","Frænavegen 31","6415","MOLDE","","","1"
"914888565","MOLDE BYGGSERVICE AS","AS","","Oppføring av bygninger","Bjønnan 37B","6410","MOLDE","","","1"
"953722208","MOLDE BYGGTJENESTER Magne Ivar Mordal","ENK","","Oppføring av bygninger","Bjørsetalleen 7","6410","MOLDE","","","0"
"989699601","MOLDE BYMUSEUM-OLA GJENDEMS SAMLINGER","ENK","","Drift av kulturhistoriske museer","Glomstuvegen 39","6412","MOLDE","71 25 59 48","","1"
"990998175","MOLDE BYUTVIKLING AS","AS","","Utleie av egen eller leid fast eiendom","Strandgata 10B","6415","MOLDE","","","1"
"913258185","MOLDE COACHINGSENTER AS","AS","","Annen undervisning ellers","Skakketeigen 4","6421","MOLDE","","moldecoachingsenter.no","1"
"989996630","MOLDE COLONIAL AS","AS","18","Detaljhandel med bredt vareutvalg med hovedvekt på nærings- og nytelsesmidler","Fjordgata 1-3","6413","MOLDE","71 25 16 69","","1"
"925585378","MOLDE DATA & INVEST AS","AS","","Detaljhandel med informasjons- og kommunikasjonsteknologiutstyr","Romsdalsgata 14","6415","MOLDE","","","1"
"913966953","MOLDE EIENDOM 1 AS","AS","","Utleie av egen eller leid fast eiendom","Gammelseterlia 17A","6422","MOLDE","","","1"
"989069519","MOLDE EIENDOM OG UTLEIE AS","AS","","Utleie av egen eller leid fast eiendom","Storgata 11","6413","MOLDE","71 25 49 89","","1"
"935768640","MOLDE EIENDOMSMEGLING AS","AS","6","Eiendomsmegling og andre formidlingstjenester for eiendom","Storgata 25","6413","MOLDE","","","1"
"919486813","MOLDE ELEKTRO AS","AS","","Elektrisk installasjonsarbeid","Fannestrandvegen 53","6415","MOLDE","","","0"
"990590834","MOLDE FANNESTRANDV. 84 A AS","AS","","Utleie av egen eller leid fast eiendom","Fannestrandvegen 84A","6416","MOLDE","","","1"
"984538359","MOLDE FJORDSTUER AS","AS","49","Drift av hoteller","Julsundvegen 6","6412","MOLDE","71 20 10 60","","1"
"982155266","MOLDE FJORDSTUER EIENDOM AS","AS","","Utleie av egen eller leid fast eiendom","Nøisomhed","6405","MOLDE","71 20 22 00","","1"
"992293659","MOLDE FLYSERVICE AS","AS","","Engroshandel med drivstoff, brensel og beslektede produkter","Frydenberg 8","6450","HJELSET","","","1"
"965896422","MOLDE FOTBALL AS","AS","17","Aktiviteter i idrettslag og -klubber","Molde Stadion Julsundvegen 14","6412","MOLDE","71 20 25 00","","1"
"987826002","MOLDE FOTTERAPIKLINIKK Tove Merete Seth","ENK","","Ortopedi- og fotterapitjenester","Hamnegata 47","6413","MOLDE","","","1"
"922714150","MOLDE FRISØR AS","AS","","Frisering og barbering","Storgata 17A","6413","MOLDE","","","1"
"936463576","MOLDE FRUKTMARKED AS","AS","","Detaljhandel med bredt vareutvalg med hovedvekt på nærings- og nytelsesmidler","Gotfred Lies plass 1","6415","MOLDE","","","1"
"993245623","MOLDE GLASSERVICE AS","AS","","Byggeteknisk konsulentvirksomhet","Amtmann Leths gate 21","6413","MOLDE","","","1"
"915335012","MOLDE HAVNETERMINAL AS","AS","","Andre tjenester tilknyttet sjøtransport","Hamnegata 8","6413","MOLDE","71 19 16 20","","0"
"831312432","MOLDE HOLDING AS","AS","","Engroshandel med informasjons- og kommunikasjonsteknologiutstyr","c/o Ivar Asbjørn Thorvik Fabrikkvegen 13","6415","MOLDE","","","0"
"995776340","MOLDE HUD & KROPPSPLEIE AS","AS","","Aktiviteter i dagspa, badstue og dampbad","Storgata 12 -14","6413","MOLDE","","www.m-h-k.net","1"
"923834753","MOLDE IDRETTSKLINIKK DA","DA","","Fysioterapi- og ergoterapitjenester","Idrettsvegen 2","6413","MOLDE","71 25 15 52","www.moldeidrettsklinikk.no","1"
"932328445","MOLDE IDRETTSKLINIKK NORSK DIAGNOSTIKK AS","AS","","Fysioterapi- og ergoterapitjenester","Idrettsvegen 2","6413","MOLDE","","","1"
"976178394","MOLDE INDREMEDISINSKE KONTOR AS","AS","","Spesialiserte legetjenester, unntatt psykiatriske legetjenester","Strandgata 3","6415","MOLDE","","","1"
"958012292","MOLDE JARNVAREFORRETNING AS","AS","43","Engroshandel med jernvarer, rørleggerartikler og oppvarmingsutstyr","Årøsetervegen 17","6422","MOLDE","71 24 92 00","","1"
"984009437","MOLDE KEM RENSERI AS","AS","8","Vaskeri- og renserivirksomhet","Plutovegen 1","6419","MOLDE","71 21 90 50","","1"
"984168985","MOLDE KINO AS","AS","12","Filmfremvisning","Gotfred Lies plass 1","6415","MOLDE","71 27 40 00","www.moldekino.no","2"
"936655572","MOLDE KLOKKER OG SMYKKER AS","AS","7","Detaljhandel med ur, klokker og smykker","c/o Amfi Roseby Lingedalsvegen 6","6415","MOLDE","","","1"
"922124213","MOLDE KONFERANSESENTER AS","AS","","Utleie av egen eller leid fast eiendom","Kometvegen 7","6419","MOLDE","","","1"
"992895888","MOLDE KULTURBYGG AS","AS","","Drift av lokaler tilknyttet kunstnerisk virksomhet og underholdningsvirksomhet","c/o Teatret Vårt Gørvellplassen 1","6413","MOLDE","71 24 02 80","","1"
"937292074","MOLDE LAGERSEKSJONER AS","AS","","Utleie av egen eller leid fast eiendom","Frænavegen 15","6415","MOLDE","","","1"
"932389622","MOLDE LIVE AS","AS","","Utleie og leasing av andre husholdningsvarer og varer til personlig bruk","Fabrikkvegen 13","6415","MOLDE","","www.molde.live","1"
"985615462","MOLDE LUFTHAVNUTVIKLING AS","AS","","Uoppgitt","Torget 4","6413","MOLDE","71 20 29 99","","1"
"957278949","MOLDE MARINA Torbjørn Størksen","ENK","","Utleie av egen eller leid fast eiendom","Bergsbakken 14","6423","MOLDE","71275180","","1"
"913710851","MOLDE MARINE OG MOTOR SERVICE AS","AS","5","Reparasjon og vedlikehold av sivile skip og båter","Fannestrandvegen 74","6416","MOLDE","","","1"
"988770124","MOLDE MASKINSAKKYNDIGE VIRKSOMHET Ivar Hegdal","ENK","","Teknisk prøving og analyse","Sollivegen 28A","6414","MOLDE","","www.moldems.com","1"
"921440197","MOLDE NAPRAPATKLINIKK SANNE BJØRSVIK","ENK","","Aktiviteter innenfor tradisjonell, komplementær og alternativ medisin","Moldegårdsvegen 5","6415","MOLDE","","","1"
"928148394","MOLDE NÆRING INVEST AS","AS","","Kjøp og salg av egen fast eiendom","Eikremsvingen 4","6422","MOLDE","","","0"
"992367067","MOLDE NÆRINGSEIENDOM AS","AS","","Utleie av egen eller leid fast eiendom","Grandfjæra 22C","6415","MOLDE","71 20 20 00","","1"
"948666731","Molde Næringspark ANS","ANS","","Utleie av egen eller leid fast eiendom","Nøisomhed","6405","MOLDE","71 20 22 00","","0"
"935731062","MOLDE NÆRRADIO AS","AS","","Radiokringkasting og distribuering av musikk og andre lydmedier","Kometvegen 7","6419","MOLDE","71 25 42 50","","1"
"935161614","MOLDE PADEL AS","AS","","Treningssentervirksomhet","Hendenvegen 2A","6423","MOLDE","","","1"
"932407515","MOLDE PADEL EIENDOM AS","AS","","Utleie av egen eller leid fast eiendom","Hendenvegen 2A","6423","MOLDE","","","1"
"914253993","MOLDE PERFORMANCE CENTER AS","AS","","Treningssentervirksomhet","Plutovegen 1","6419","MOLDE","","","1"
"923037926","MOLDE POLE STUDIO AS","AS","","Undervisning innenfor idrett og rekreasjon","Gotfred Lies plass 1","6415","MOLDE","","","1"
"917850631","Molde Pukkverk AS","AS","","Utvinning fra grus- og sandtak, og utvinning av leire og kaolin","Årødalen","6422","MOLDE","","","1"
"997228677","MOLDE REGNSKAPSBYRÅ AS","AS","","Bedriftsrådgivning og annen administrativ rådgivning","Mali Furunes veg 1","6414","MOLDE","","","1"
"997391470","MOLDE REVISJON AS","AS","","Revisjon","Roseby Vest","6415","MOLDE","","www.molderevisjon.no","1"
"926541633","MOLDE SALG OG UTLEIE AS","AS","","Uspesifisert engroshandel","Blokkebærvegen 18","6429","MOLDE","","","1"
"961893992","MOLDE SENTRUM AS","AS","","Aktiviteter i næringslivs- og arbeidsgiverorganisasjoner","Torget 4","6413","MOLDE","","www.moldesentrum.no","1"
"887247552","MOLDE SERVICE AS","AS","8","Kombinerte tjenester tilknyttet eiendomsdrift","Astrupvegen 13","6419","MOLDE","","","1"
"922628165","MOLDE SERVICEPARTNER LAINGEN","ENK","","Reparasjon og vedlikehold av motorvogner","c/o Lars Laingen Nygjerdesvingen 8","6421","MOLDE","","","0"
"995141388","MOLDE SHIPPING AS","AS","","Formidlingstjenester tilknyttet godstransport via skip","Lundsengvegen 5","6419","MOLDE","71 21 91 80","","1"
"891031912","MOLDE SJØTRANSPORT AS","AS","23","Innenriks sjøfart med gods","Parkvegen 68C","6412","MOLDE","71 24 23 33","","1"
"991955429","MOLDE SYNSKIRURGI AS","AS","","Spesialiserte legetjenester, unntatt psykiatriske legetjenester","Myrabakken 10-12","6413","MOLDE","71 20 68 80","","1"
"979688970","MOLDE TAKTEKKING AS","AS","","Takarbeid","Gammelseterlia 11","6422","MOLDE","","","1"
"926980491","MOLDE TANNBEHANDLING AS","AS","9","Tannlegetjenester","Fjordgata 2","6413","MOLDE","","","1"
"998485819","MOLDE TAXI AS","AS","35","Drift av gods- og transportsentraler","Storgata 56","6413","MOLDE","71 25 28 11","","1"
"927552558","MOLDE TAXI STORBIL AS","AS","11","Passasjertransport på forespørsel utført av fører med kjøretøy","Storgata 56","6413","MOLDE","+4771252811","www.moldetaxi.no","1"
"890561462","MOLDE UTVIKLING AS","AS","","Utleie av egen eller leid fast eiendom","Grandfjæra 28","6415","MOLDE","71 20 31 00","","1"
"932726521","MOLDE VAKTMESTERTEAM A BERGSBAKK","ENK","","Kombinerte tjenester tilknyttet eiendomsdrift","Løkenvegen 8","6423","MOLDE","93 86 70 73","","0"
"988394289","MOLDE VINDUSPUSS AS","AS","","Utvendig rengjøring av bygninger og industriell rengjøring","Birkelandvegen 87","6423","MOLDE","92246959","","1"
"990507139","MOLDE VVS AS","AS","11","Rørleggerarbeid","Moldegårdsvegen 5","6415","MOLDE","71 25 50 55","www.moldevvs.no","1"
"988325252","MOLDE VÅPENSERVICE Rune Østby","ENK","","Detaljhandel med sportsvarer","Torleifvegen 7E","6416","MOLDE","71 25 52 52","","1"
"922049041","MOLDE YOGA PILATES AS","AS","","Undervisning innenfor idrett og rekreasjon","Romsdalsgata 5","6413","MOLDE","","","1"
"895324582","MOLDE ZOO AS","AS","8","Detaljhandel med kjæledyr og varer til kjæledyr","c/o Molde storsenter Birger Hatlebakks veg 1-5","6415","MOLDE","71 25 71 10","www.buddy.no","1"
"930208736","MOLDEGÅRD FYSIOTERAPI AS","AS","","Fysioterapi- og ergoterapitjenester","Oscar Hanssens veg 11","6415","MOLDE","","","1"
"952662902","MOLDEGAARD MARITIME LOGISTICS AS","AS","17","Logistikktjenester","Birger Hatlebakks veg 22","6415","MOLDE","71 25 06 30","www.moldegaard.as","1"
"976144449","MOLDELIVEGEN 94 ANS","ANS","","Utleie av egen eller leid fast eiendom","Nerlandsvegen 23","6416","MOLDE","71 25 39 94","","0"
"927399407","MOLDENTAL AS","AS","","Tannlegetjenester","Hamnegata 35","6413","MOLDE","","","1"
"934403754","MOLDEPULS AS","AS","","Utgivelsesvirksomhet ellers, unntatt utgivelse av programvare","Dragetvegen 32","6457","BOLSØYA","","","1"
"927954494","MOLDVÆR BUTIKKEIENDOM AS","AS","","Utleie av egen eller leid fast eiendom","Fannestrandvegen 125","6419","MOLDE","","","1"
"923666222","MOLLY MC PARTLAND (ENK)","ENK","","Forskning og eksperimentell utvikling innenfor naturvitenskap og teknikk","Vonheimvegen 4B","6415","MOLDE","","","1"
"835328872","MOMENTS CLIMBING HOLDING 2 AS","AS","","Treningssentervirksomhet","Grandfjæra 28","6415","MOLDE","","","1"
"921277318","MOMENTS CLIMBING INVEST AS","AS","","Uoppgitt","Grandfjæra 28","6415","MOLDE","","","0"
"923573704","MONA GUNDERSEN-RØVIK FAGBOK FORFATTER","ENK","","Skapende kunstnerisk virksomhet innenfor litteratur","Hauanvegen 19","6414","MOLDE","","","1"
"913899466","MONA HOEM AS","AS","","Skjønnhetspleie","Lingedalsvegen 7","6415","MOLDE","","","1"
"937122934","MONGSTAD KONSULENT TJENESTER- UNDERVISNING- VEILEDNING I SYKEPLEIE","ENK","","Annen undervisning ellers","Sagsletta 5","6411","MOLDE","","","1"
"984847661","MONICA SOLOMDAL","ENK","","Melkeproduksjon på storfe og oppdrett av melkekyr","Solemdalvegen 18","6456","SKÅLA","","","1"
"932698749","MONICA TANGEN","ENK","","Utøvende kunstnerisk virksomhet og underholdningsvirksomhet innenfor musikk","Hamnavegen 8","6475","MIDSUND","","","1"
"916381530","MONICA UGELVIK-BOGNØ","ENK","","Andre personlige tjenester ikke nevnt annet sted","Brattåsen 15","6423","MOLDE","","","1"
"911654997","MONOLAKE HANS FREDRIK VESTNESHAGEN","ENK","","Dataprogrammeringstjenester","Synnøves veg 11","6429","MOLDE","","www.monolake.no","0"
"937697937","MONSEN ARMONTEK","ENK","","Undervisning innenfor idrett og rekreasjon","Solbakken 48","6429","MOLDE","","","1"
"954051536","MONSÅS JON ASLAKSEN","ENK","","Dyrking av ettårige vekster ellers","Kyrkjevegen 6","6456","SKÅLA","71240550","","0"
"935749662","MONTERINGS SERVICE AS","AS","","Snekkerarbeid","","6450","HJELSET","","","1"
"998195888","MORDAL EIENDOM AS","AS","","Utleie av egen eller leid fast eiendom","Julsundvegen 905","6411","MOLDE","","","1"
"833817302","MORDAL ENTREPRENØR","ENK","","Reparasjon og vedlikehold av maskiner","Langmyrvegen 32","6415","MOLDE","","","1"
"930923567","MORDAL MASKIN","ENK","","Grunnarbeid","Mordalslia 2","6411","MOLDE","","","0"
"925373826","MORDAL MONTERING","ENK","","Snekkerarbeid","Røvikhagen 84","6456","SKÅLA","","","1"
"888441972","MORDAL UTLEIE AS","AS","","Utleie av egen eller leid fast eiendom","Julsundvegen 905","6411","MOLDE","","","1"
"928183068","MORE INVEST AS","AS","","Uoppgitt","Grandfjæra 22B","6415","MOLDE","","","0"
"914909872","MOREWATER AS","AS","","Annen spesialisert bygge- og anleggsvirksomhet ikke nevnt annet sted","Flovikhaugvegen 5","6456","SKÅLA","","","1"
"919419997","MOREWOOD AS","AS","","Utleie av egen eller leid fast eiendom","Sjølaupet 8","6460","EIDSVÅG I ROMSDAL","","","1"
"969401347","MOREWOOD EDMUND","ENK","","Hestehold","Oddlia Svenslivegen 13","6460","EIDSVÅG I ROMSDAL","","","1"
"931435302","MOREWOOD INVEST AS","AS","","Utleie av egen eller leid fast eiendom","Sjølaupet 8","6460","EIDSVÅG I ROMSDAL","","","0"
"835447332","MOREWOOD SKOG AS","AS","","Tjenester tilknyttet skogbruk","Øvervegen 210","6460","EIDSVÅG I ROMSDAL","","","1"
"926866036","MORITSGARD HOLDING AS","AS","","Uoppgitt","Adjunkt Dørums gate 37","6413","MOLDE","","","0"
"933787354","MORITSGARD INVEST AS","AS","","Uoppgitt","Peter Solemdals veg 46","6414","MOLDE","","","1"
"970056866","MORK FRANK WILLY","ENK","","Oppføring av bygninger","Istadvegen 1042","6453","KLEIVE","","","1"
"920419011","MORK NÆRINGSEIENDOM AS","AS","","Utleie av egen eller leid fast eiendom","Vigvollvegen 7","6450","HJELSET","","","1"
"913529863","MORTEN FOLDAHL","ENK","","Snekkerarbeid","Bergsvingen 2","6423","MOLDE","","","1"
"996264424","MOSKUSGÅRDEN AS","AS","","Utleie av egen eller leid fast eiendom","Nøisomhed","6419","MOLDE","61 21 50 50","","0"
"930771880","MOSS DEFF - IMAFIDON","ENK","","Utøvende kunstnerisk virksomhet og underholdningsvirksomhet innenfor musikk","Ranesvegen 60","6456","SKÅLA","","","1"
"952698362","MOSSBERG AS","AS","13","Maler- og glassarbeid","Saturnvegen 1","6419","MOLDE","71 21 17 98","","1"
"943734127","MOSVOLD INTERNATIONAL AS","AS","","Bedriftsrådgivning og annen administrativ rådgivning","Kvernhuslia 6","6456","SKÅLA","","","1"
"928844803","MOTORSERVICE TROND HOEL","ENK","","Annen undervisning ellers","Fridtjof Nansens gate 4","6413","MOLDE","","","1"
"918865152","MOTUS SERVICES AS","AS","","Reparasjon og vedlikehold av andre sivile transportmidler","Verftsgata 10","6416","MOLDE","","","1"
"917286167","MOTZFELDT AS","AS","","Utleie av egen eller leid fast eiendom","Grandfjæra 22C","6415","MOLDE","","","1"
"990860300","MOVID AS","AS","","Konsulentvirksomhet tilknyttet informasjonsteknologi og forvaltning og drift av it-systemer","Museumsvegen 4","6413","MOLDE","40 02 12 80","www.movid.no","1"
"970361677","MOWINCKEL H","ENK","","Grafisk design og visuell kommunikasjonsdesign","Prestegardsvegen 114","6460","EIDSVÅG I ROMSDAL","71 21 14 90","","0"
"934746082","MOWINCKEL VIGILANCE","ENK","","Undervisning innenfor idrett og rekreasjon","c/o Ola Krekvik Mowinckel Trastalia 18","6412","MOLDE","","","1"
"926684701","MP HARNES","ENK","","Skapende kunstnerisk virksomhet innenfor litteratur","Svarttrastvegen 10","6425","MOLDE","","","0"
"888963812","MR INVEST AS","AS","","Utleie av egen eller leid fast eiendom","Astrupvegen 14","6419","MOLDE","","","0"
"930858315","MR K HOLDING AS","AS","","Uoppgitt","c/o Ottar Kvalheim Bjønnan 4","6410","MOLDE","","","0"
"934099621","MRC EIENDOM AS","AS","","Uoppgitt","Grandfjæra 20","6415","MOLDE","","","1"
"933519694","MRC INVEST AS","AS","","Bedriftsrådgivning og annen administrativ rådgivning","Grandfjæra 20","6415","MOLDE","","","1"
"991173110","MRFK HOLDING AS","AS","","Generell offentlig administrasjon","Julsundvegen 9","6412","MOLDE","71 57 33 30","","1"
"918338187","MRMEDIA AS","AS","","Reklamebyråvirksomhet","Romsdalsgata 3","6413","MOLDE","","","0"
"992811749","MRPC AS","AS","","Patentmeglervirksomhet og markedsføringstjenester","Fannestrandvegen 85","6416","MOLDE","","","1"
"948948877","MS NIVEA Jan Godø","ENK","","Fiske og fangst i sjø","Skjervavegen 58","6475","MIDSUND","","","1"
"925234346","MS TORILD V/TORBJØRN SØRENSEN","ENK","","Fiske og fangst i sjø","c/o Torbjørn Sørensen Håkon Herdebreis veg 1822","6418","SEKKEN","","","0"
"989856898","MTO AS","AS","","Annen teknisk konsulentvirksomhet","Torbjørns veg 5","6429","MOLDE","71702285","","1"
"936074359","MUGGERUD SØRENSEN","ENK","","Allmennlegetjenester","Rådyrvegen 60","6425","MOLDE","","","1"
"914223067","MULLBRUN INVEST AS","AS","","Tannlegetjenester","Forhjellen 12","6411","MOLDE","","","1"
"921221347","MULTI ALFA AS","AS","","Oppføring av bygninger","Nøisomhedvegen 52","6419","MOLDE","","","1"
"919319917","MURMESTER TROND N. NORDAM","ENK","","Annen spesialisert bygge- og anleggsvirksomhet ikke nevnt annet sted","Lyngvegen 9","6429","MOLDE","","","0"
"929265599","MUSA MOLDE TRANSPORT","ENK","","Passasjertransport på forespørsel utført av fører med kjøretøy","Fjellbruvegen 39B","6429","MOLDE","","","0"
"925793094","MUSCLEUP AS","AS","","Detaljhandel med sportsvarer","Notvollvegen 18","6456","SKÅLA","","","1"
"912856860","MUSIKKHUSET MOLDE AS","AS","","Detaljhandel med kulturvarer ikke nevnt annet sted","Birger Hatlebakks veg 1-5","6415","MOLDE","71 67 52 56","","1"
"981905326","MUZIK CD OG MULTIMEDIA Stian Eikrem","ENK","","Detaljhandel med kulturvarer ikke nevnt annet sted","Fannestrandvegen 76","6416","MOLDE","","","0"
"937004745","MY KNITS AND ME - VALGERMO FORREN","ENK","","Industri-, produkt- og motedesignvirksomhet","Eikremsvingen 25","6422","MOLDE","","","1"
"813876922","MYHRE NETTMARKETING","ENK","","Reklamebyråvirksomhet","Næringshuset Kraftverket Kråkholmvegen 20","6460","EIDSVÅG I ROMSDAL","","www.nettmarketing.no","0"
"934459784","MYKITS GODØ","ENK","","Agenturhandel med tekstiler, klær, pelsskinn, skotøy og lærvarer","Olivinvegen 26","6475","MIDSUND","","","1"
"955637224","MYKLEBUST, NILS ARNE","ENK","","Dyrking av ettårige vekster ellers","Jernverksvegen 57","6453","KLEIVE","71 24 72 25","","1"
"927064340","MYLDR AS","AS","17","Aktiviteter utført av utflukts- og eventarrangører","Øvre veg 13","6413","MOLDE","","","1"
"920313795","MYRABAKKEN 12 AS","AS","","Utleie av egen eller leid fast eiendom","Myrabakken 12","6413","MOLDE","","","1"
"929426339","MYRABAKKEN 2 MOLDE AS","AS","","Utleie av egen eller leid fast eiendom","Myrabakken 2","6413","MOLDE","","","1"
"974478897","MYRABAKKEN 8 AS","AS","","Eiendomsforvaltning på oppdrag","c/o Tove Kolberg Flaggspettvegen 7","6425","MOLDE","","","1"
"976745078","MYRSET","ENK","","Juridisk tjenesteyting","Røvikhagen 67","6456","SKÅLA","71 24 20 40","www.myrset.no","1"
"932170221","MYRVOLD DIGITAL SOLUTIONS","ENK","","Reklamebyråvirksomhet","Lillevikvegen 19","6412","MOLDE","","","1"
"917718113","MYRVOLL GÅRD OG SERVICE JENS PETTER MAUDE","ENK","","Reparasjon og vedlikehold av maskiner","Innsidevegen 316","6475","MIDSUND","","","1"
"935161649","MØLLA TRENING AS","AS","","Treningssentervirksomhet","Hendenvegen 2A","6423","MOLDE","","","1"
"917485143","MØLLER INVEST","ENK","","Avvirkning","Jakob Bjørnås veg 9","6416","MOLDE","","","0"
"936930263","MØRE & ROMSDAL REKLAMETRYKK AS","AS","","Trykking ellers","Eikremsvingen 4","6422","MOLDE","71 21 20 20","","1"
"953763753","MØRE DRIFTSFORVALTNING AS","AS","","Bedriftsrådgivning og annen administrativ rådgivning","Fannestrandvegen 125","6419","MOLDE","71 24 91 00","","1"
"921826982","MØRE FASADE SVEIN OVE FLEMMEN","ENK","","Maler- og glassarbeid","Flovikhaugvegen 16","6456","SKÅLA","","","0"
"931025430","MØRE LAKK OG MOTOR AS","AS","","Reparasjon og vedlikehold av motorvogner","Kjempehaugan 10","6470","ERESFJORD","","","1"
"998922674","MØRE SKOG OG HAGE AS","AS","","Kombinerte tjenester tilknyttet eiendomsdrift","Hestehagen 7","6421","MOLDE","","www.mskoghage.no","1"
"942390742","MØREAKSEN AS","AS","","Bygging av andre anlegg ikke nevnt annet sted","Grandfjæra 32","6415","MOLDE","71 11 50 60","","1"
"927928000","MØREKRAFT AS","AS","","Formidlingstjenester tilknyttet forretningsmessig tjenesteyting ikke nevnt annet sted","Skogvegen 23","6415","MOLDE","","","1"
"976619021","MØREKRYSSET AS","AS","","Utleie av egen eller leid fast eiendom","Nøisomhed","6416","MOLDE","71 20 22 00","","1"
"992830190","MØRELINJEN AS","AS","","Godstransport på vei","Verftsgata 10","6416","MOLDE","","","1"
"992121971","MÅLTROST INVEST AS","AS","","Bedriftsrådgivning og annen administrativ rådgivning","Måltrostvegen 15","6425","MOLDE","","","1"
"934395093","N HÅNES","ENK","","Grunnarbeid","Rødstrandvegen 210","6460","EIDSVÅG I ROMSDAL","","","1"
"920798209","NABO BYGG AS","AS","","Gulvlegging og tapetsering","Glomstuvegen 47A","6412","MOLDE","","","1"
"932516292","NADEER.IDE AS","AS","","Annen teknisk konsulentvirksomhet","Torleifvegen 11B","6416","MOLDE","","","1"
"933551563","NADIIA MYKHAILOVA","ENK","","Skjønnhetspleie","Anevegen 2A","6410","MOLDE","","","1"
"983557317","NAF CAMP MOLDE AS","AS","5","Drift av campingplasser","Fannestrandvegen 140","6419","MOLDE","71 21 17 42","www.kviltorpcamping.no","1"
"914517486","NAF KIOSK MOLDE AS","AS","","Utleie av egen eller leid fast eiendom","Fannestrandvegen 140","6419","MOLDE","","","1"
"935076501","NAFARI CONSULTING","ENK","","Allmennlegetjenester","Fannebakken 11","6423","MOLDE","","","1"
"935682401","NAGELLS NOMAD BURGERS","ENK","","Drift av mobile serveringssteder","Nothusmarka 52","6457","BOLSØYA","","","1"
"936789676","NAILS BY KHAILENKO","ENK","","Skjønnhetspleie","c/o Anastasiia Khailenko Hauanvegen 1B","6414","MOLDE","","","1"
"927218313","NAKKEN EIENDOM OG RENOVERING","ENK","","Oppføring av bygninger","Parkvegen 26","6413","MOLDE","","","0"
"924682337","NAKKEN ENGINEERING","ENK","","Annen teknisk konsulentvirksomhet","Boråsvegen 57A","6415","MOLDE","","","0"
"990027730","NANNA LANGE BUGGE","ENK","","Melkeproduksjon på storfe og oppdrett av melkekyr","Hellevegen 34","6364","VISTDAL","71 23 51 31","","1"
"996754987","NANOICE AS","AS","","Fiske og fangst i sjø","Midøyvegen 351","6475","MIDSUND","","","1"
"913921348","NAPRAPAT MARTHE STAVIK AAS","ENK","","Aktiviteter innenfor tradisjonell, komplementær og alternativ medisin","Moldegårdsvegen 5","6415","MOLDE","","","1"
"917816816","NARDO BIL EIENDOM MOLDE AS","AS","","Utleie av egen eller leid fast eiendom","Fannestrandvegen 51B","6415","MOLDE","","","1"
"917964661","NATASHA BERG FINEART","ENK","","Skapende kunstnerisk virksomhet innenfor visuell kunst","Årømyran 11A","6421","MOLDE","","","1"
"997882318","NATURBEVARING OG SKILTSMED AS","AS","","All annen faglig, vitenskapelig og teknisk virksomhet ikke nevnt annet sted","Djupdalsvegen 16","6411","MOLDE","","","1"
"924374268","NAUSTA AS","AS","","Utleie av egen eller leid fast eiendom","Lergrovikvegen 8","6419","MOLDE","","","1"
"950028505","NAUSTBRYGGA AS","AS","14","Drift av restauranter","Hamnegata 47","6413","MOLDE","","","1"
"920312594","NAUSTE INVEST AS","AS","","Uoppgitt","v/Magne Nauste Naustevegen 66","6470","ERESFJORD","","","0"
"916372051","NAUSTEGARDEN ANS","ANS","","Melkeproduksjon på storfe og oppdrett av melkekyr","Naustevegen 97","6470","ERESFJORD","","","1"
"986949798","NAUSTOR TECHNOLOGY AS","AS","","Engroshandel med maskiner og utstyr ellers","c/o Trond Storebø Rekkebovegen 15","6412","MOLDE","","","1"
"933785793","NAV SKÅLA LAKK & GJÆS AS","AS","","Reparasjon og vedlikehold av motorvogner","Saksegjerdet 1","6456","SKÅLA","","www.navskaala.no","1"
"998732417","NAVARATNAM","ENK","","Allmennlegetjenester","c/o Legekontoret Molde Brygge Julsundvegen 2","6412","MOLDE","71 24 94 60","www.moldebrygge.no","1"
"930784257","NEDRE EIKREM GÅRD - OLE ØSTIGÅRD","ENK","","Dyrking av ettårige vekster ellers","Eikremsvingen 19","6422","MOLDE","","","1"
"831405112","NEDRE STRANDGATE 42 AS","AS","","Utvikling og salg av byggeprosjekter","Glomstuvegen 4A","6412","MOLDE","","","0"
"917221057","NEERLAND HOLDING AS","AS","","Andre egeninvesteringsselskaper","Jernspurvbakken 19","6425","MOLDE","","","0"
"935646200","NEGLEDILLA LØSETH","ENK","","Skjønnhetspleie","Fjellbruvegen 49","6429","MOLDE","","","1"
"823123132","NERBØ BOOKING OG CATERING","ENK","","Andre personlige tjenester ikke nevnt annet sted","Krabbevikvegen 24","6475","MIDSUND","","","0"
"969595974","NERLAND ARNE","ENK","","Melkeproduksjon på storfe og oppdrett av melkekyr","Vistdalsvegen 1626","6364","VISTDAL","","","1"
"985681597","NERLAND MARKETING","ENK","","Bedriftsrådgivning og annen administrativ rådgivning","Talsetbakken 1","6456","SKÅLA","73 96 28 55","","0"
"935408970","NERLAND MEDIA","ENK","","Reklamebyråvirksomhet","Høvikvegen 3","6460","EIDSVÅG I ROMSDAL","","","1"
"912075583","NERLAND MUR AS","AS","","Murerarbeid","Hovdenakken Skårvegen","6456","SKÅLA","","","1"
"998907616","NERLI THERE ANS","ANS","","Skapende kunstnerisk virksomhet innenfor komposisjon av musikk","Istad","6453","KLEIVE","","","1"
"969849186","NERÅS ASLAK JR","ENK","","Oppdrett av annet storfe til kjøttproduksjon og sædproduksjon","Neråsvegen 249","6470","ERESFJORD","","","1"
"980066304","NERÅS FISKEVALD ANS","ANS","","Utleie av egen eller leid fast eiendom","c/o Amund Opdahl Fannefjordsvegen 264","6421","MOLDE","","","0"
"989253816","NERÅS INVEST AS","AS","","Andre egeninvesteringsselskaper","","6470","ERESFJORD","","","0"
"913251555","NERÅS MJØLK DA","DA","","Melkeproduksjon på storfe og oppdrett av melkekyr","Nerås","6470","ERESFJORD","","","1"
"927343738","NESJE ANSATTE AS","AS","","Andre egeninvesteringsselskaper","Hamnavikvegen 22","6456","SKÅLA","","","0"
"917996563","NESJE AS","AS","20","Produksjon av møbler","Hamnavikvegen 22","6456","SKÅLA","","","1"
"926514466","NESJE BIL","ENK","","Godstransport på vei","Hamnevikbøen 14","6456","SKÅLA","","","1"
"926956175","NESJE GRUPPEN AS","AS","","Produksjon av møbler","Hamnavikvegen 22","6456","SKÅLA","","","1"
"923543074","NESJE IT-KONSULT","ENK","","Konsulentvirksomhet tilknyttet informasjonsteknologi og forvaltning og drift av it-systemer","Svarttrastvegen 12","6425","MOLDE","","","0"
"984083874","NESJE TRANSPORT AS","AS","","Godstransport på vei","Hamnevikbøen 14","6456","SKÅLA","90 96 30 42","","1"
"932538970","NESJE VED OG VARME","ENK","","Annen detaljhandel med andre nye varer","Stensåberget 16","6456","SKÅLA","","","0"
"916655231","NESJEHAGEN ROGER ØIEN","ENK","","Dyrking av kjernefrukter og steinfrukter","Sørnesjevegen 33","6456","SKÅLA","","","1"
"979520735","NESSET BILVERKSTED AS","AS","","Reparasjon og vedlikehold av motorvogner","Nygård","6462","RAUDSAND","","","1"
"914106575","NESSET BOLIGUTLEIE AS","AS","","Utleie av egen eller leid fast eiendom","Eidsvågvegen 54","6460","EIDSVÅG I ROMSDAL","","","1"
"896357832","NESSET BUTIKKEIENDOM AS","AS","","Utleie av egen eller leid fast eiendom","Nøisomhed","6405","MOLDE","","","1"
"956833876","NESSET BYGG AS","AS","23","Oppføring av bygninger","Eidsvåg","6460","EIDSVÅG I ROMSDAL","71 23 28 37","","1"
"988815829","NESSET BYGG OG ANLEGG AS","AS","","Oppføring av bygninger","Eidsvåg","6460","EIDSVÅG I ROMSDAL","71 23 28 37","","1"
"934809106","NESSET DEKK AS","AS","","Detaljhandel med deler og utstyr til motorvogner","Høvikvegen 3","6460","EIDSVÅG I ROMSDAL","","","1"
"933978974","NESSET RENOVASJON AS","AS","","Innsamling av ikke-farlig avfall","Boggestranda 228","6460","EIDSVÅG I ROMSDAL","","","1"
"913593324","NESSET TAXI AS","AS","18","Passasjertransport på forespørsel utført av fører med kjøretøy","Høvikvegen 3","6460","EIDSVÅG I ROMSDAL","71 23 28 88","","1"
"986916008","NESSET VEKST AS","AS","","Bedriftsrådgivning og annen administrativ rådgivning","Næringshuset Kraftverket","6460","EIDSVÅG I ROMSDAL","71 23 35 33","www.nessetvekst.no","1"
"985163154","NESSETPROSPEKT Øverås","ENK","","Fotografvirksomhet","Neråsvegen 60","6470","ERESFJORD","71 23 41 46","","0"
"924389249","NESTEAAR TRENING KJETIL HÅVE","ENK","","Undervisning innenfor idrett og rekreasjon","Bjørkfinkvegen 47","6425","MOLDE","","","0"
"963245246","NESTUN ANS","ANS","","","Istadvegen 614","6453","KLEIVE","","","0"
"923670688","NETTU AS","AS","","Konsulentvirksomhet tilknyttet informasjonsteknologi og forvaltning og drift av it-systemer","Amtmannvegen 45","6419","MOLDE","","","1"
"919459271","NEVROPSYKOLOG MAGNE OLSEN AS","AS","","Psykiatriske legetjenester","Storgata 12","6413","MOLDE","","nevropsykologolsen.com","1"
"932168480","NEVROPSYKOLOG MAGNUS REIESTAD","ENK","","Psykolog- og psykoterapitjenester, unntatt legetjenester innenfor psykiatri","Kristianplassen 10","6410","MOLDE","","","0"
"936655017","NEXT LEVEL EQUITY AS","AS","","Uoppgitt","Øverlandsvegen 27A","6416","MOLDE","","","1"
"988199311","NG EIENDOM ROMSDAL OG NORDMØRE AS","AS","","Utleie av egen eller leid fast eiendom","Årøsetervegen 20","6422","MOLDE","71 24 19 00","","1"
"935706696","NGUYEN FOOD & CATERING","ENK","","Catering for arrangementer","Fannestrandvegen 132","6419","MOLDE","","","1"
"935948797","NIDO AS","AS","","Kjøp og salg av egen fast eiendom","Røbekkhagen 26","6421","MOLDE","","","1"
"917680574","NIKITA PRODUCTION, MYKYTA KISTOCHKA","ENK","","Produksjon av film, video og fjernsynsprogrammer","Myrvegen 38","6421","MOLDE","","","1"
"937729146","NIKOLAISEN FRAKT & MONTERING","ENK","","Flyttetransport","Fuglsetvegen 6","6415","MOLDE","","","1"
"964745153","NILS ADOLF FANGHOL","ENK","","Utleie av egen eller leid fast eiendom","Djupdalsvegen 6","6411","MOLDE","71 24 09 62","","0"
"970510427","NILS EDVIN SANDEN. MØRE LANDBRUKSTAKST","ENK","","Kombinert husdyrhold og planteproduksjon","Vølvegen 82","6475","MIDSUND","71279689","","1"
"969128535","NILS MAGNE BETTEN","ENK","","Melkeproduksjon på storfe og oppdrett av melkekyr","Meland Vistdalsvegen 1502","6364","VISTDAL","","","1"
"932147661","NILS OLE HJELEN","ENK","","Drift av restauranter","v/o Big Bite avd 243 Moldetorget Torget 1","6413","MOLDE","","","0"
"981220358","NILS P DALEHAMN","ENK","","Rørleggerarbeid","Sandvegen 27","6413","MOLDE","90 16 42 59","","1"
"969850427","NILS PETTER SKJEGSTAD","ENK","","Grunnarbeid","Istadvegen 465","6453","KLEIVE","","","1"
"922185883","NILS PETTER ØIE AS","AS","6","Snekkerarbeid","Vårbekkvegen 8","6450","HJELSET","","","1"
"930771260","NILSEN FORTELLING OG FANTASI","ENK","","Annen utøvende kunstnerisk virksomhet og underholdningsvirksomhet ikke nevnt annet sted","Håkon Herdebreis veg 742","6418","SEKKEN","","","0"
"997316258","NILSEN M TECH SERVICES","ENK","","Reparasjon og vedlikehold av motorvogner","Vestre Mellomveg 14","6416","MOLDE","","","1"
"937889224","NILSEN MULTISERVICE","ENK","","Reparasjon og vedlikehold av maskiner","Kvennavegen 38","6470","ERESFJORD","","","1"
"919622962","NILSEN SYMASKINSERVICE","ENK","","Reparasjon og vedlikehold av husholdningsvarer og hageredskaper","Vestre Mellomveg 19","6416","MOLDE","","","0"
"930263125","NILSGÅRD IFOKUS","ENK","","Skapende kunstnerisk virksomhet innenfor litteratur","Kubergvegen 18","6462","RAUDSAND","","","1"
"916038666","NIMBUS AS","AS","","Kjøp og salg av egen fast eiendom","Grandfjæra 28","6415","MOLDE","","","0"
"930476560","NIMBUS EIENDOM AS","AS","","Kjøp og salg av egen fast eiendom","Grandfjæra 28","6415","MOLDE","","","0"
"930238791","NIMMO AS","AS","7","Dataprogrammeringstjenester","4. etasje Romsdalsgata 9","6415","MOLDE","","","1"
"916548672","NINA EIENDOM AS","AS","","Utvikling og salg av byggeprosjekter","c/o Nina Skaar Aasen Sirivegen 15","6411","MOLDE","","","1"
"830155252","NINA LILLEENGEN","ENK","","Utøvende kunstnerisk virksomhet og underholdningsvirksomhet innenfor scenekunst","Frænavegen 73B","6415","MOLDE","","","1"
"995120984","NINA AASEN MANUELLTERAPI","ENK","","Fysioterapi- og ergoterapitjenester","Julsundvegen 49B","6412","MOLDE","71 25 30 36","","1"
"925478008","NISHA BASNET","ENK","","Rengjøring av bygninger","Parkvegen 33","6413","MOLDE","","","0"
"919144122","NISJA FISH AS","AS","","Andre egeninvesteringsselskaper","Olav Oksviks veg 16","6423","MOLDE","","","0"
"924986557","NIVERO AS","AS","8","Konsulentvirksomhet tilknyttet informasjonsteknologi og forvaltning og drift av it-systemer","Etasje 04 Romsdalsgata 9","6415","MOLDE","","","1"
"985287422","NN & PARTNERE AS","AS","8","Forsikringsformidling","Verftsgata 10","6416","MOLDE","71 25 02 20","","1"
"937886454","NOEL DITTMAR - NOELS SOULSONGS -","ENK","","Skapende kunstnerisk virksomhet innenfor komposisjon av musikk","Utsidevegen 813","6475","MIDSUND","","","1"
"918656065","NOGVA HEIMDAL PROPULSION AS","AS","16","Produksjon av lagre, gir, tannhjulsutvekslinger og andre innretninger for kraftoverføring","Gammelseterlia 27","6422","MOLDE","","","1"
"933038270","NORA LID KLINIKK - HUDPLEIE & FOTTERAPI","ENK","","Skjønnhetspleie","Storgata 12","6413","MOLDE","","","1"
"945807512","NORBO FERIE AS","AS","","Formidlingstjenester tilknyttet overnattingsvirksomhet","Utsidevegen 1390","6475","MIDSUND","71 27 82 00","","1"
"971586907","NORCLEAN AS","AS","5","Engroshandel med maskinverktøy","Gammelseterlia 31","6422","MOLDE","71 21 80 15","","1"
"989194585","NORCLEAN HOLDING AS","AS","","Engroshandel med maskinverktøy","Gammelseterlia 31","6422","MOLDE","71 21 80 15","","0"
"933954528","NORD VEST KRAFT AS","AS","","Produksjon av elektrisitet fra vannkraft","Kråkholmvegen 8","6460","EIDSVÅG I ROMSDAL","","","1"
"926140817","NORDANGER CONSULTING","ENK","","Bedriftsrådgivning og annen administrativ rådgivning","Fagerlivegen 48","6414","MOLDE","","","0"
"837744792","NORDBYEN SERVICE AS","AS","","Beplantning av hager og parkanlegg","Røyskattsvingen 12","6425","MOLDE","","","1"
"937236794","NORDBYEN SERVICE DAHLE","ENK","","Beplantning av hager og parkanlegg","Røyskattsvingen 12","6425","MOLDE","90826645","","0"
"937339496","NORDBYEN SERVICE IVERSEN","ENK","","Beplantning av hager og parkanlegg","Rødstrupevegen 5","6425","MOLDE","","","1"
"974980126","NORDERHUS PRAKSIS AS","AS","","Aktiviteter innenfor tradisjonell, komplementær og alternativ medisin","Rektor Brinchmanns gate 1","6413","MOLDE","71 25 66 40","","1"
"870450192","NORDFJORD MONUMENTSERVICE Tøsse","ENK","","Hogging og bearbeiding av monument- og bygningsstein","Fannestrandvegen 74","6416","MOLDE","57 87 43 16","","1"
"929520041","NORDHAUG CONSULT","ENK","","Utvikling og salg av byggeprosjekter","Aukravegen 19","6414","MOLDE","","","0"
"988838853","NORDHAUG KONSULENTTJENESTER","ENK","","Konsulentvirksomhet tilknyttet informasjonsteknologi og forvaltning og drift av it-systemer","Hansbakken 2","6411","MOLDE","","konsulent.nordhaug.priv.no","0"
"895166472","NORDIC ARENA NETTVERK MØRE AS","AS","","Reklamebyråvirksomhet","Strandgata 13","6415","MOLDE","","","1"
"937288204","NORDIC MARITIME AITECH AS","AS","","Industri-, produkt- og motedesignvirksomhet","Istadvegen 687","6453","KLEIVE","","","1"
"935640709","NORDLI AKTIV","ENK","","Guide- og reiseledervirksomhet","Skrenten 31","6411","MOLDE","","","1"
"988226130","NORDMØRE OG ROMSDAL EIENDOM AS","AS","","Utleie av egen eller leid fast eiendom","Nøisomhed","6405","MOLDE","71 20 22 40","","1"
"929120868","NORDSIDA HOLDING AS","AS","","Uoppgitt","Ljøstaråket 4","6460","EIDSVÅG I ROMSDAL","","","1"
"927878828","NORDSTRAND KYSTFISKE","ENK","","Fiske og fangst i sjø","Ranesvegen 56","6456","SKÅLA","","","1"
"932322994","NORDVANTAGE SILSETH","ENK","","Produksjon av film, video og fjernsynsprogrammer","Storgata 17B","6413","MOLDE","","nordvantage.com","1"
"931712721","NORDVEST CONTAINER AS","AS","","Engroshandel med maskiner og utstyr ellers","Årøsetervegen 2B","6422","MOLDE","","","1"
"994066889","NORDVEST EIENDOM I AS","AS","","Teknisk prøving og analyse","Utsidevegen 105","6475","MIDSUND","71 27 93 00","www.nordvest.no","1"
"927977273","NORDVEST FORSIKRINGSPARTNERE AS","AS","8","Forsikringsformidling","Romsdalsgata 16","6415","MOLDE","","","1"
"927981920","NORDVEST GRAVSTEIN TROND BRÆNDØ","ENK","","Hogging og bearbeiding av monument- og bygningsstein","Bokfinkvegen 44","6425","MOLDE","","","0"
"983072208","NORDVEST INSPEKSJON AS","AS","16","Teknisk prøving og analyse","Utsidevegen 105","6475","MIDSUND","71 27 93 00","","1"
"947516701","NORDVEST NORGE AS","AS","","Andre egeninvesteringsselskaper","Røsberg","6453","KLEIVE","71 24 10 90","","0"
"920932657","NORDVEST PORTSERVICE AS","AS","","Annet installasjonsarbeid","Lensmannsbrekka 20","6460","EIDSVÅG I ROMSDAL","","","1"
"994075845","NOREON AS","AS","13","Guide- og reiseledervirksomhet","c/o Hilde Østby Kirkebakken 17","6413","MOLDE","","","1"
"987615265","NORGESGRUPPEN ROMSDAL OG NORDMØRE AS","AS","","Detaljhandel med bredt vareutvalg med hovedvekt på nærings- og nytelsesmidler","Årøsetervegen 20","6422","MOLDE","24 11 31 00","","1"
"819790302","NORI PIZZA OG GRILL AS","AS","","Drift av restauranter","Brubakken 12","6456","SKÅLA","","","1"
"996752879","NORIK AS","AS","5","Dataprogrammeringstjenester","Aker Stadion inngang 7 Julsundvegen 14","6412","MOLDE","02185","www.norik.no","1"
"933111148","NORLI DEKORBYRÅ AS","AS","","Grafisk design og visuell kommunikasjonsdesign","c/o Mads Norli Margareta Dahls gate 27","6413","MOLDE","","","1"
"925266256","NORMAN BEYER UAV","ENK","","Produksjon av film, video og fjernsynsprogrammer","c/o Norman Christian Beyer Kubergvegen 15","6462","RAUDSAND","","","0"
"974411679","NORMO SLIPESTASJON Asbjørn Toft","ENK","","Bearbeiding av metaller","Byfogd Motzfeldts gate 8","6413","MOLDE","71 25 73 44","","1"
"989104829","NORO FOTBALL AS","AS","","All annen faglig, vitenskapelig og teknisk virksomhet ikke nevnt annet sted","c/o Molde Fotball AS Julsundvegen 14","6412","MOLDE","71 20 25 00","","1"
"932691485","NORSK DATAKRAFT AS","AS","","Datainfrastruktur, -behandling, -lagring og tilknyttede tjenester","Lergrovikvegen 2","6419","MOLDE","","","1"
"990169020","NORSK KONTORSERVICE KJELL ARNE NYGÅRD","ENK","","Annen detaljhandel med andre nye varer","Grasskaret 7","6429","MOLDE","","www.nkprofil.no","1"
"943285918","Norsk Landbrukskjemi AS","AS","","Andre egeninvesteringsselskaper","Margareta Dahls gate 9","6413","MOLDE","55 69 70 04","","1"
"832724882","NORTE STUDIO ARKITEKTER AS","AS","","Arkitektvirksomhet","c/o Kristin Thorvik Thue Røysan 6","6412","MOLDE","","","1"
"930055247","NORTH TOWN ANALYTICS AS","AS","","Bedriftsrådgivning og annen administrativ rådgivning","Hansbakken 3","6411","MOLDE","","","1"
"937702620","NORTH TRYKK TROIAN","ENK","","Reparasjon og vedlikehold av motorvogner","Adjunkt Dørums gate 35B","6413","MOLDE","","","1"
"994166476","NORTH-SOUTH PARTNERSHIP AS","AS","","Bedriftsrådgivning og annen administrativ rådgivning","Sjøvikvegen 67","6475","MIDSUND","","","0"
"924580151","NORTHERN DC AS","AS","","Datainfrastruktur, -behandling, -lagring og tilknyttede tjenester","Lergrovikvegen 2","6419","MOLDE","","","1"
"930077402","NORTHERN HOUSING AS","AS","","Bedriftsrådgivning og annen administrativ rådgivning","Lergrovikvegen 2","6419","MOLDE","","","1"
"925785288","NORTHERN IBANEZ FOTO","ENK","","Fotografvirksomhet","Asbjørn Nicolai Grønbech Frænavegen 15","6415","MOLDE","","","0"
"935370566","NORVEXA AS","AS","","Andre helsetjenester ellers","Storgata 24","6413","MOLDE","","","1"
"935918650","NORWEGIAN PIN-POINTERS AS","AS","","Geologiske undersøkelser","Hargautvegen 40","6460","EIDSVÅG I ROMSDAL","","","1"
"915666248","NORWEGIAN WATER AS","AS","","Produksjon av leskedrikker og flaskevann","Karleboith","9840","VARANGERBOTN","","","0"
"948402653","NOSA ANS","ANS","","Tjenester tilknyttet skogbruk","","6453","KLEIVE","","","0"
"989128396","NOTE AS","AS","","Andre egeninvesteringsselskaper","c/o Norsk Mineral AS Eikremsvingen 9","6422","MOLDE","71 21 97 00","","0"
"928834565","NOTHUSBUKTA AS","AS","","Kjøp og salg av egen fast eiendom","Storgata 11","6413","MOLDE","","","0"
"988672297","NOTVOLLEN EIENDOM AS","AS","","Utleie av egen eller leid fast eiendom","co Combitrans AS","6475","MIDSUND","71 27 96 50","","0"
"998852811","NPV INVEST AS","AS","","Utleie av egen eller leid fast eiendom","Bekkevollvegen 16","6414","MOLDE","","","1"
"922036969","NRU HOLDING AS","AS","","Utgivelse av bøker","c/o Petter Rudi Bekkevollvegen 17","6414","MOLDE","","","0"
"932420511","NTT RESTAURANT KAKEKHANI","ENK","","Drift av restauranter","Kåre Solhjells veg 18","6415","MOLDE","","","1"
"990833672","NY EIGEDOM AS","AS","","Utleie av egen eller leid fast eiendom","Krohnhøgda 13","6421","MOLDE","","","1"
"920415032","NY STI AS","AS","","Engroshandel med tømmer, trelast, byggevarer og sanitærutstyr","Vejlevegen 9","6415","MOLDE","","","1"
"919027886","NYBO HOLDING AS","AS","","Fiske og fangst i sjø","Midøyvegen 322","6475","MIDSUND","","","1"
"926924982","NYBO KAI AS","AS","","Utleie av egen eller leid fast eiendom","Midøyvegen 322","6475","MIDSUND","","","1"
"987340363","NYBONIA Arnt Inge Nygård","ENK","","Utleie og leasing av sjøtransportmateriell","Huskrullvegen 8","6475","MIDSUND","71 27 91 68","","1"
"916725701","NYBONIA AS","AS","6","Fiske og fangst i sjø","Midøyvegen 351","6475","MIDSUND","","","1"
"919028041","NYBONIA HAV AS","AS","","Fiske og fangst i sjø","Midøyvegen 351","6475","MIDSUND","","","1"
"989032291","NYBONIA KYST AS","AS","","Fiske og fangst i sjø","Midøyvegen 351","6475","MIDSUND","","","1"
"917020922","NYBONIA MARINE AS","AS","12","Reparasjon og vedlikehold av sivile skip og båter","Midøyvegen 351","6475","MIDSUND","","","1"
"935587506","NYGREN ENTERPRISE","ENK","","Kombinerte tjenester tilknyttet eiendomsdrift","Raknesvegen 67","6475","MIDSUND","","","1"
"970452818","NYGÅRD KAI ANS","ANS","","Engroshandel med drivstoff, brensel og beslektede produkter","","6475","MIDSUND","71 27 96 61","","0"
"928664929","NYGÅRD MYHRE HOLDING AS","AS","","Uoppgitt","Sjøvikvegen 6","6475","MIDSUND","","","0"
"981833724","NYGAARD SVEIN JOHAN","ENK","","Allmennlegetjenester","Storgata 12-14","6413","MOLDE","","","1"
"881735482","NYLAND SVEIN RUNE","ENK","","Produksjon av film, video og fjernsynsprogrammer","Øivinds veg 10","6429","MOLDE","71 21 29 25","","0"
"816496632","NYSNØ AS","AS","","Andre egeninvesteringsselskaper","c/o Svein Erik Haugmo Solbakken 3A","6429","MOLDE","","","0"
"994700359","NÆRINGSINVEST MØRE OG ROMSDAL AS","AS","","Utleie av egen eller leid fast eiendom","c/o Oskar Sylte Mineralvannfabrikk Eikremsvingen 1","6422","MOLDE","","","0"
"936126766","NØFFE HOLDING AS","AS","","Uoppgitt","Amtmann Leths gate 19","6413","MOLDE","","","1"
"976838416","NØISOMHED AS","AS","5","Utleie av egen eller leid fast eiendom","Nøisomhed Fannestrandvegen 125","6419","MOLDE","71 25 51 22","","1"
"919071958","NØISOMHED GÅRD AS","AS","","Utleie av egen eller leid fast eiendom","Fannestrandvegen 125","6419","MOLDE","","","0"
"924188677","NØISOMHEDVEGEN 19 AS","AS","","Utleie av egen eller leid fast eiendom","Hamnegata 35","6413","MOLDE","","","1"
"997881842","NØSTVIKEN IVER HJELSETH VESETH","ENK","","Sauehold","Buråsvegen 85","6475","MIDSUND","71 27 98 28","","1"
"920251099","NØTSKARET EIENDOM AS","AS","","Utleie av egen eller leid fast eiendom","Lundsengvegen 20","6419","MOLDE","","","1"
"934142365","NAARIGARDEN AS","AS","","Kombinerte tjenester tilknyttet eiendomsdrift","Skorga Vistdalsvegen 188","6364","VISTDAL","","","1"
"932521806","O A SANNE AS","AS","10","Rørleggerarbeid","Storgata 6","6413","MOLDE","71 25 15 99","","1"
"816343232","O E STRANDE AS","AS","7","Detaljhandel med husholdningsredskaper og bestikk, servise, glassvarer, porselen og keramikk","Storgata 52","6413","MOLDE","","","1"
"934352297","O F GROUP AS","AS","7","Engroshandel med drikkevarer","Hamnegata 41","6413","MOLDE","","","1"
"929358325","O F HEGGDAL","ENK","","Annen spesialisert bygge- og anleggsvirksomhet ikke nevnt annet sted","Øvre Liedgardsveg 1","6460","EIDSVÅG I ROMSDAL","","","1"
"996306291","O HOLE INVEST AS","AS","","Andre egeninvesteringsselskaper","","6475","MIDSUND","","","0"
"924738138","O WÅGBØ","ENK","","Engroshandel med tømmer, trelast, byggevarer og sanitærutstyr","Hølvollvegen 59","6460","EIDSVÅG I ROMSDAL","","","1"
"817493262","O ØVERLAND AS","AS","5","Engroshandel med informasjons- og kommunikasjonsteknologiutstyr","Nøysomhedveien 36","6419","MOLDE","71 20 24 00","","1"
"930986380","O.E MIDTHAUG AS","AS","","Bedriftsrådgivning og annen administrativ rådgivning","Årøsetervegen 19","6422","MOLDE","","","0"
"835565092","O.M. LYSTAD","ENK","","Annen teknisk konsulentvirksomhet","Linerlevegen 1","6425","MOLDE","","","1"
"989204785","OA LANGSET AS","AS","","Annen teknisk konsulentvirksomhet","Einar O. Bergs veg 7","6423","MOLDE","71 23 13 30","","1"
"927421623","OAH-EIENDOM AS","AS","","Utvikling og salg av byggeprosjekter","Grøndalsvegen 56","6453","KLEIVE","","","1"
"916213476","OASER HOLDING AS","AS","","Andre egeninvesteringsselskaper","Bregnelia 4","6429","MOLDE","","","0"
"937440464","OBER 74 AS","AS","","Kjøp og salg av egen fast eiendom","Storgata 9","6413","MOLDE","","","1"
"979439776","OCEAN PRODUCTS AS","AS","","Engroshandel med fisk, skalldyr og bløtdyr","Utsidevegen 396","6475","MIDSUND","","www.oceanproducts.no","1"
"989188259","OCEANA INVEST AS","AS","","Andre egeninvesteringsselskaper","Sølsnes Gård","6456","SKÅLA","","","1"
"979826141","OCEANIC INVEST AS","AS","","","Reinhold Zieglers veg 1","6414","MOLDE","71 25 63 60","","0"
"923559973","ODARA INTERNATIONAL MARLYS MORAN CASTRO","ENK","","Annen undervisning innenfor kultur","Gamlevegen 21","6423","MOLDE","","","0"
"980376516","ODD ARNE LANGSET","ENK","","Utleie av egen eller leid fast eiendom","Langsetvegen 17","6460","EIDSVÅG I ROMSDAL","71 23 10 93","","0"
"933760553","ODD BJØRSVIK","ENK","","Grunnarbeid","Ravnebakken 27","6425","MOLDE","","","1"
"877024202","ODD FELLOW HUSET MOLDE AS","AS","","Utleie av egen eller leid fast eiendom","Strandgata 14","6415","MOLDE","","","1"
"929336917","ODD HEGNES","ENK","","Avvirkning","Langfjordvegen 319","6456","SKÅLA","","","1"
"981989937","ODD HELGE GANGSTAD","ENK","","Dyrking av korn, unntatt ris, belgvekster og oljeholdige vekster","Ramsvikvegen 444","6475","MIDSUND","","","1"
"820211812","ODD IVAR KVERNBERG","ENK","","Melkeproduksjon på storfe og oppdrett av melkekyr","Rødstrandvegen 22","6460","EIDSVÅG I ROMSDAL","","","1"
"981730011","ODD KJELL SJØVIK","ENK","","Annen teknisk konsulentvirksomhet","Sjøvikvegen 24","6475","MIDSUND","","","1"
"856320812","ODD SANDBLÅST AGENTUR ENGROS","ENK","","Agenturhandel med bredt vareutvalg","Amtmannvegen 9","6419","MOLDE","","","0"
"911702398","ODD WÅGBØ","ENK","","Utleie av egen eller leid fast eiendom","Boggestranda 500","6460","EIDSVÅG I ROMSDAL","71 23 35 42","","1"
"912174514","ODDBJØRN LØSETH","ENK","","Grunnarbeid","Asbjørnstua Rødvegen 31","6460","EIDSVÅG I ROMSDAL","","","0"
"968880942","ODDI INVEST AS","AS","","Uoppgitt","Lyngvegen 25","6429","MOLDE","","","1"
"990325332","ODDLEIV GANGSTAD","ENK","","Kontortjenester","Ramsvikvegen 393","6475","MIDSUND","","","1"
"926187678","ODDMUND LANGSET AS","AS","","Uoppgitt","Einar O. Bergs veg 21","6423","MOLDE","","","0"
"947587110","Oddmund Rekdal Mek. Verksted","ENK","","Reparasjon og vedlikehold av maskiner","Stranda 19","6470","ERESFJORD","71 23 42 09","","1"
"921961081","ODDRUNN VINGEN","ENK","","Allmennlegetjenester","Glomstuvegen 61","6410","MOLDE","","","0"
"969848899","ODDVAR BUGGE","ENK","","Oppdrett av annet storfe til kjøttproduksjon og sædproduksjon","Nedre Ut-Bogge 55","6460","EIDSVÅG I ROMSDAL","","","1"
"994626671","ODDVAR JOHNSEN. AS","AS","","Bedriftsrådgivning og annen administrativ rådgivning","Statsråd Astrups gate 8","6413","MOLDE","","","1"
"916731159","ODDWARG ODDVAR HUNGNES","ENK","","Dataprogrammeringstjenester","Glomstuvegen 69","6410","MOLDE","","oddwarg.com","0"
"914611245","ODEGARD POETRY V/KNUT ØDEGÅRD","ENK","","Skapende kunstnerisk virksomhet innenfor litteratur","Holbakken 6","6414","MOLDE","","","1"
"989167316","ODSS AS","AS","","Produksjon av leskedrikker og flaskevann","Eikremsvingen 1","6422","MOLDE","","","0"
"937673086","OFFSHORE HUB STORVIK","ENK","","Konsulentvirksomhet tilknyttet informasjonsteknologi og forvaltning og drift av it-systemer","Lyngjavegen 13","6475","MIDSUND","","","1"
"937600151","OGE HOLDING AS","AS","","Uoppgitt","Nygjerdesvingen 20","6421","MOLDE","","","1"
"934359593","OGGY HAMMER SCENEKUNST OG DIV, ASS","ENK","","Utøvende kunstnerisk virksomhet og underholdningsvirksomhet innenfor scenekunst","Lillevikvegen 6","6412","MOLDE","","","1"
"895954942","OHREN FEELGOOD","ENK","","Formidlingstjenester tilknyttet detaljhandel med spesialisert vareutvalg","Nygjerdesvingen 32","6421","MOLDE","","","0"
"996234088","OIL24 AS","AS","","Engroshandel med drivstoff, brensel og beslektede produkter","Birger Hatlebakks veg 22","6415","MOLDE","","","1"
"916522495","OJ HOLDING AS","AS","","Eiendomsforvaltning på oppdrag","c/o Ole Jørgen Amundsgård Davegarden","6453","KLEIVE","","","0"
"932948575","OJVS MANAGEMENT AS","AS","","Bedriftsrådgivning og annen administrativ rådgivning","Skogvegen 11","6415","MOLDE","","","1"
"989209655","OKA HOLDING AS","AS","","Utleie av egen eller leid fast eiendom","c/o Odd Kåre Amundsgård Davegardsvegen 7","6453","KLEIVE","","","0"
"930769436","OKTAGON INVEST AS","AS","","Uoppgitt","Hammervollhagen 19","6460","EIDSVÅG I ROMSDAL","","","1"
"812071122","OKV INVEST AS","AS","","Kjøp og salg av egen fast eiendom","Lyngvegen 31","6429","MOLDE","","","0"
"914518857","OLA HOVDENAK","ENK","","Opplevelsesaktiviteter","Sørnesjevegen 34","6456","SKÅLA","","","0"
"921357206","OLA SJØMÆLING","ENK","","Allmennlegetjenester","Glomstuvegen 42A","6412","MOLDE","","","1"
"995665557","OLAF ANDERS HØYSTAKLI","ENK","","Oppføring av bygninger","Grøndalsvegen 56","6453","KLEIVE","","","1"
"969844087","OLAF HANSETH INNGÅR I DØDSBO","ENK","","Oppdrett av annet storfe til kjøttproduksjon og sædproduksjon","Langevegen 281","6364","VISTDAL","","","1"
"920809324","OLAI TOMASGARD","ENK","","Andre tjenester tilknyttet kunstnerisk virksomhet og underholdningsvirksomhet","Geitnessvingen 42","6456","SKÅLA","","","1"
"935793483","OLAV 5TH INVEST AS","AS","","Uoppgitt","Eikremsvingen 1","6422","MOLDE","","","1"
"929624858","OLAV BERGE PRODUKSJONER AS","AS","","Fotografvirksomhet","Jernspurvbakken 9","6425","MOLDE","","","1"
"969633671","OLAV JAN BØ DEMDAL","ENK","","Utleie og leasing av landbruksmaskiner og -utstyr","Hagaplassen 4B","6422","MOLDE","","","1"
"931016725","OLAV SANDVIK AS","AS","","Utleie av egen eller leid fast eiendom","Strandgata 3","6415","MOLDE","","","1"
"980609065","OLE ARNE ASPHOL","ENK","","Sauehold","Istadvegen 673","6453","KLEIVE","71 24 29 48","","1"
"937772580","OLE BOLSØNES","ENK","","Konsulentvirksomhet tilknyttet informasjonsteknologi og forvaltning og drift av it-systemer","Trastalia 8","6412","MOLDE","","","1"
"993085707","OLE ERIK BERG HOLDING AS","AS","","Andre egeninvesteringsselskaper","Romsdalskvartalet Romsdalsgata 11","6415","MOLDE","","","0"
"931116908","OLE FOSS TEKST OG MUSIKK","ENK","","Skapende kunstnerisk virksomhet innenfor litteratur","Kvam terrasse 15B","6411","MOLDE","","","1"
"989026186","OLE HOLSBØ","ENK","","Avvirkning","Osvegen 334","6453","KLEIVE","71 25 64 81","","0"
"998846056","OLE JAKOB WESTAD","ENK","","Utleie av egen eller leid fast eiendom","Håkon Herdebreis veg 555","6418","SEKKEN","","","1"
"911620197","OLE JOHN NESJE","ENK","","Oppdrett av annet storfe til kjøttproduksjon og sædproduksjon","Nordnesjevegen 9","6456","SKÅLA","","","1"
"932063271","OLE KJELL ORSET MUSIKKTJENESTER","ENK","","Utøvende kunstnerisk virksomhet og underholdningsvirksomhet innenfor musikk","Kveldrovegen 1","6429","MOLDE","","","0"
"969126885","OLE KLEIVE","ENK","","Kombinert husdyrhold og planteproduksjon","Istadvegen 734","6453","KLEIVE","","","0"
"969127393","OLE KRISTOFFER YTTERHAUG","ENK","","Dyrking av ettårige vekster ellers","Jernverksvegen 97","6453","KLEIVE","","","1"
"969399792","OLE LILLEBOSTAD","ENK","","Oppdrett av annet storfe til kjøttproduksjon og sædproduksjon","Bostadvegen 7","6457","BOLSØYA","","","1"
"996007812","OLE MARVIN AARSTAD","ENK","","Melkeproduksjon på storfe og oppdrett av melkekyr","Åsagardvegen 191A","6460","EIDSVÅG I ROMSDAL","","","1"
"975970558","OLE PETTER GISETSTAD","ENK","","Avvirkning","Håkon Herdebreis veg 765","6418","SEKKEN","71 24 78 90","","0"
"930873063","OLE RESET","ENK","","Geitehold","Tangevegen 12","6475","MIDSUND","","","1"
"969132362","OLE SANDNES","ENK","","Melkeproduksjon på storfe og oppdrett av melkekyr","Hallia Vistdalsvegen 694","6364","VISTDAL","","","1"
"933747972","OLEG BALASHOV ENK","ENK","","Fiske og fangst i sjø","Årøhagen 13","6422","MOLDE","","","1"
"936946127","OLEKSII BALASHOV","ENK","","Andre post- og budtjenester","Årøhagen 13","6422","MOLDE","","","1"
"995428822","OLOF EHLERS-HALLBERG","ENK","","Allmennlegetjenester","Parkvegen 39C","6413","MOLDE","","","1"
"922752575","OLSEN - LITT OM GANGEN","ENK","","Undervisning innenfor idrett og rekreasjon","Sollivegen 101C","6414","MOLDE","","","0"
"938014108","OLSEN HØYE PSYKOLOGTJENESTER","ENK","","","Faret 10","6423","MOLDE","","","0"
"981815467","OLSEN KAI ANDREAS","ENK","","Dataprogrammeringstjenester","Skolevegen 27D","6410","MOLDE","","","1"
"927359464","OLSENS HJEMMETJENESTER INA OLSEN ANDERSEN","ENK","","Praktisk bistand i hjemmet","Henrik Ibsens veg 17","6413","MOLDE","","","0"
"980100146","OLSENS MØBLER AS","AS","","Produksjon av møbler","Strandgata 9-11","6415","MOLDE","71 21 89 34","","1"
"927351471","OLTEDAL TRAFIKKSKOLE","ENK","","Undervisning ved godkjente trafikkskoler","Røysan 6","6412","MOLDE","","","1"
"824426112","OLUND ØYVIND HARALD NORDANG LUND","ENK","","Utøvende kunstnerisk virksomhet og underholdningsvirksomhet innenfor musikk","Ravnebakken 29","6425","MOLDE","","","0"
"930773379","OM EVA JULIA KROHN","ENK","","Undervisning innenfor idrett og rekreasjon","Krohnsvingen 8","6421","MOLDE","","","1"
"895526142","OMA INVEST AS","AS","","Andre egeninvesteringsselskaper","Hauglegda 5","6416","MOLDE","","","0"
"933469328","OMAV AS","AS","","Elektrisk installasjonsarbeid","Bastian Dahls veg 20A","6415","MOLDE","","Omav.no","1"
"937083351","OMNII INTELLIGENCE AS","AS","","Dataprogrammeringstjenester","Hovdenakvågen 2","6456","SKÅLA","","","1"
"921061870","ON LINJE AS","AS","23","Bygging av anlegg for elektrisitet og telekommunikasjon på land","Årøsetervegen 26","6422","MOLDE","","","1"
"977073537","ONE WIN AS","AS","","Eiendomsforvaltning på oppdrag","Pedervegen 16A","6410","MOLDE","71 21 01 41","","1"
"918774130","OOOPS AS","AS","","Andre egeninvesteringsselskaper","Romsdalsgata 11","6415","MOLDE","","","0"
"930581488","OPCO OPSTAD","ENK","","Innenriks sjøfart med gods","Berglyvegen 33","6457","BOLSØYA","","","1"
"936985416","OPPIGARD RØVIK - MARIE OG NILS INGAR HOVDE DRØPPING","ENK","","Avvirkning","c/o Nils Ingar Hovde Drøpping Skålavegen 963","6456","SKÅLA","","","1"
"935100321","OPPLEV EIKESDAL AS","AS","","Drift av campingplasser","Eikesdalsvegen 2122","6472","EIKESDAL","","","1"
"927100924","OPSTAD EIENDOMSUTVIKLING AS","AS","","Utleie av egen eller leid fast eiendom","Stormyrvegen 56","6475","MIDSUND","","","0"
"922047480","OPSTAD GROUP AS","AS","","Konsulentvirksomhet tilknyttet informasjonsteknologi og forvaltning og drift av it-systemer","c/o Per Otto Opstad Innsidevegen 448","6475","MIDSUND","","","0"
"989204076","OPSTAD HOLDING AS","AS","","Grunnarbeid","Stormyrvegen 56","6475","MIDSUND","71 27 84 30","","0"
"978660347","OPSTAD MASKIN AS","AS","25","Grunnarbeid","Stormyrvegen 56","6475","MIDSUND","71 27 84 30","www.opstadmaskin.no","2"
"969394421","OPSTAD ODD JARLE","ENK","","Sauehold","Innsidevegen 450","6475","MIDSUND","","","1"
"826672862","OPT BY PALIULIS","ENK","","Undervisning innenfor idrett og rekreasjon","Fannestrandvegen 14","6415","MOLDE","","","0"
"989578804","ORD & TANKE Kjersti Tytingvåg Rogne","ENK","","Annen utøvende kunstnerisk virksomhet og underholdningsvirksomhet ikke nevnt annet sted","Forhjellen 23","6411","MOLDE","71 21 88 81","","0"
"935762847","ORERA AS","AS","","Uoppgitt","Kvilarvegen 18","6421","MOLDE","","","1"
"912861201","ORIVO AS","AS","7","Teknisk prøving og analyse","Grandfjæra 22C","6415","MOLDE","","www.orivo.no","1"
"921976313","ORMBOSTAD EIENDOM AS","AS","","Utleie av egen eller leid fast eiendom","Fannebakken 17","6423","MOLDE","","","1"
"936342906","ORREM HOLDING AS","AS","","Uoppgitt","Solbakken 34E","6429","MOLDE","","","1"
"936913989","ORREM TAXI AS","AS","","Passasjertransport på forespørsel utført av fører med kjøretøy","Solbakken 34E","6429","MOLDE","","","1"
"930832669","ORSET GARD","ENK","","Sauehold","Innsidevegen 862","6475","MIDSUND","","","1"
"919005521","ORTEN ADVISE AS","AS","","Bedriftsrådgivning og annen administrativ rådgivning","c/o Helge Orten Selvikvegen 3","6475","MIDSUND","","","1"
"999289568","ORTEN INVEST AS","AS","","Andre egeninvesteringsselskaper","Selvikvegen 3","6475","MIDSUND","","","0"
"935965101","ORVIK GARDSBRUK","ENK","","Sauehold","Orvikvegen 46","6475","MIDSUND","","","1"
"870415532","OS TRADISJONSLAFT Arild Bjarkø","ENK","","Oppføring av bygninger","Stølhaugvegen 19","6475","MIDSUND","","","1"
"926791001","OSARE HOLDING AS","AS","","Uoppgitt","Arnes veg 47A","6429","MOLDE","","","0"
"830652302","OSC KATRINE SUNDSBØ","ENK","","Bedriftsrådgivning og annen administrativ rådgivning","Årømyran 54A","6421","MOLDE","","","1"
"928339912","OSEK AS","AS","","Industri-, produkt- og motedesignvirksomhet","Fuglsetbakken 22","6416","MOLDE","","","1"
"937151519","OSEN - OPSTAD","ENK","","Utleie av egen eller leid fast eiendom","Innsidevegen 1022","6475","MIDSUND","","","1"
"999088597","OSEN BILSKADE AS","AS","","Reparasjon og vedlikehold av motorvogner","Sotå","6453","KLEIVE","","","1"
"980483444","OSEN BYGDASERVICE Stig Ove Gussiås","ENK","","Melkeproduksjon på storfe og oppdrett av melkekyr","Osvegen 551","6453","KLEIVE","71 24 73 15","","1"
"989134361","OSHAUG AS","AS","","Annen teknisk konsulentvirksomhet","Grandfjæra 20","6415","MOLDE","","","1"
"982392098","OSHAUG METALL AS","AS","48","Støping av andre ikke-jernholdige metaller","Grandfjæra 20","6415","MOLDE","71 20 11 00","","1"
"933126374","OSINSKI NET","ENK","","Dataprogrammeringstjenester","Langmyrvegen 38A","6415","MOLDE","","","1"
"916510969","OSKAR SYLTE HOLDING AS","AS","","Utleie av egen eller leid fast eiendom","Årø","6421","MOLDE","71211666","","1"
"912419487","OSKAR SYLTE INVEST AS","AS","","Utleie av egen eller leid fast eiendom","Eikremsvingen 1","6422","MOLDE","","","0"
"989994867","OSLO BOLIG INVEST AS","AS","","Utleie av egen eller leid fast eiendom","Krohnhøgda 13","6421","MOLDE","","","1"
"996975274","OTAPLAST AS","AS","","Bygging av fritidsbåter","","6475","MIDSUND","","","1"
"934674707","OTERHALS HOLDING AS","AS","","Uoppgitt","Trastalia 19","6412","MOLDE","","","1"
"974374595","OTTERHALS EMMA BODIL HALSEN","ENK","","Sauehold","Halsen Vistdalsvegen 1761","6364","VISTDAL","71 23 52 51","","1"
"929487885","OTTING SERVICE","ENK","","Jakt, fangst, viltstell og tilknyttede tjenester","c/o Iris Holm Otting Båtnesvegen 47","6475","MIDSUND","","","1"
"912167542","OTTO H AS","AS","","Produksjon av møbler","Kringstadvegen 32","6411","MOLDE","","","0"
"923845127","OUTZEN HJØRNET AS","AS","","Eiendomsforvaltning på oppdrag","Fannestrandvegen 125","6419","MOLDE","","","1"
"937976550","OUTZEN MASKINSERVICE","ENK","","Grunnarbeid","Årømyran 64","6421","MOLDE","","","1"
"991429573","OUTZEN STRØKET AS","AS","","Utleie av egen eller leid fast eiendom","Fannestrandvegen 125","6419","MOLDE","","","1"
"970454578","OVE BERSÅS","ENK","","Snekkerarbeid","","6460","EIDSVÅG I ROMSDAL","71 24 34 00","","1"
"982957494","OVE J LANGE LEGE SPESIALIST I INDREMEDISIN OG FØRDØYELSES- SYKDOMMER","ENK","","Spesialiserte legetjenester, unntatt psykiatriske legetjenester","Setervegen 7","6411","MOLDE","71215959","","0"
"886166982","OVE KÅRE LANGE","ENK","","Oppføring av bygninger","Sirivegen 30B","6411","MOLDE","71 25 49 10","","1"
"884234352","OVE RAMSTAD","ENK","","Dataprogrammeringstjenester","Bokfinkvegen 43","6425","MOLDE","71 21 67 10","www.ramstad.net","1"
"925686085","OVE RIMSTAD","ENK","","Snekkerarbeid","Julsundvegen 2","6412","MOLDE","","","1"
"913601734","P O MAT, PER OTTO NILSEN","ENK","","Catering for arrangementer","Bjørnstjerne Bjørnsons veg 3","6412","MOLDE","","","1"
"989168754","P. K. JOHNSEN HOLDING AS","AS","","Spesialiserte legetjenester, unntatt psykiatriske legetjenester","Myrabakken 12","6413","MOLDE","71 20 68 80","","0"
"914524601","P.A.Ø. AS","AS","","Utvikling og salg av byggeprosjekter","Baklivegen 27","6450","HJELSET","","","0"
"919439408","P.HOLDING AS","AS","","Aktiviteter i dagspa, badstue og dampbad","Solbakken 22","6429","MOLDE","","","0"
"919925914","P.SKRABAK","ENK","","Spesialiserte legetjenester, unntatt psykiatriske legetjenester","Skytarberget 38","6421","MOLDE","","","0"
"929624181","PAINMASTER NORGE REIESTAD","ENK","","Detaljhandel med medisinske og ortopediske artikler","Kristianplassen 10","6410","MOLDE","","","0"
"937397151","PAMATRED STOMOCO AS","AS","","Uoppgitt","c/o Dordi Storvik Forhjellen 30","6411","MOLDE","","","1"
"988980781","PAMOLOTH AS","AS","","Aktiviteter innenfor tradisjonell, komplementær og alternativ medisin","Reknesvegen 10A","6413","MOLDE","71 25 76 30","","1"
"922732825","PANFLIGHTS AS","AS","","Formidlingstjenester tilknyttet passasjertransport","Øverbygda 150","6450","HJELSET","","","1"
"991683100","PANORAMA B2 AS","AS","","Utvikling og salg av byggeprosjekter","Strandgata 10B","6415","MOLDE","","","1"
"815022262","PANORAMA BOWLING AS","AS","16","Fritidsvirksomhet ellers","Verftsgata 10","6416","MOLDE","","","1"
"928876896","PANORAMA BYGG AS","AS","5","Oppføring av bygninger","Strandgata 10B","6415","MOLDE","","","1"
"879334462","PANORAMA INVEST AS","AS","","Utleie av egen eller leid fast eiendom","Strandgata 10B","6415","MOLDE","","","1"
"924500026","PANORAMA PLAN AS","AS","","Utleie av egen eller leid fast eiendom","Strandgata 10B","6415","MOLDE","","","1"
"924581751","PANORAMA VEKST AS","AS","","Utleie av egen eller leid fast eiendom","Strandgata 10B","6415","MOLDE","","","1"
"927809095","PAPAS AS","AS","","Uoppgitt","Frænavegen 45","6415","MOLDE","","","1"
"928295907","PARAPLY AS","AS","","Uoppgitt","c/o Norik AS Aker Stadion, inngang 7 Julsundvegen 14","6412","MOLDE","","","0"
"842705762","PARAT AS","AS","","Produksjon av tauverk, rep, hyssing og nett","Storledvegen 2","6456","SKÅLA","71 24 00 90","","1"
"991437177","PARK NØISOMHEDSVEIEN AS","AS","","Utleie av egen eller leid fast eiendom","Nøisomhedsveien 36","6419","MOLDE","71 21 05 10","","1"
"916239165","PARKERING INVEST AS","AS","","Eiendomsforvaltning på oppdrag","v/Jan Magne Lønsethagen Julsundvegen 2","6412","MOLDE","","","1"
"984939833","PARKGÅRDEN AS","AS","","Utleie av egen eller leid fast eiendom","Nøisomhed","6405","MOLDE","71 20 22 00","","1"
"992116595","PARKVEGEN 72 AS","AS","","Utleie av egen eller leid fast eiendom","Parkvegen 72","6412","MOLDE","","","1"
"917417385","PASCAL LOEWEN","ENK","","Andre personlige tjenester ikke nevnt annet sted","Bjørnstjerne Bjørnsons veg 2","6412","MOLDE","","","0"
"913570782","PASCO EIENDOM AS","AS","","Byggeteknisk konsulentvirksomhet","Fannestrandvegen 85","6416","MOLDE","","","0"
"927167859","PASIVA AS","AS","","Uoppgitt","Opdølvegen 27","6450","HJELSET","","","1"
"919924675","PATRICIA BERGAMASCHI","ENK","","Undervisning innenfor idrett og rekreasjon","Gjerdhaugvegen 23","6425","MOLDE","","","0"
"911837889","PAUL SEAFOOD","ENK","","Bedriftsrådgivning og annen administrativ rådgivning","Ranesvegen 42","6456","SKÅLA","","","0"
"953164523","PAUL SOLHEIMDAL AS","AS","","Godstransport på vei","","6456","SKÅLA","71 24 11 64","","1"
"916834853","PAULUS CONSULTING PÅL INNVIK","ENK","","Konsulentvirksomhet tilknyttet informasjonsteknologi og forvaltning og drift av it-systemer","Langmyrvegen 70A","6415","MOLDE","","","0"
"927809125","PB TECHNOLOGY AS","AS","","Uoppgitt","c/o Lasse Holbø Einebæråsen 5","6429","MOLDE","","","0"
"930605573","PBH ELEKTRO AS","AS","","Elektrisk installasjonsarbeid","Lunheimvegen 9","6416","MOLDE","","","1"
"926414062","PEAM INVEST AS","AS","","Uoppgitt","Bokfinkvegen 42","6425","MOLDE","","","0"
"925686867","PEDAGOGISK OG PSYKOLOGISK VEILEDNING HELGE B. BERNTZEN","ENK","","Pedagogisk-psykologisk rådgivningstjeneste","Kåre Solhjells veg 4","6415","MOLDE","","","0"
"912817210","PEDER INGE KNUTSEN SAMDAL","ENK","","Skapende kunstnerisk virksomhet innenfor litteratur","Nesjevegen 80","6456","SKÅLA","","www.olympiastadion.no","1"
"955285204","PEDER MATIAS SANDØY INNGÅR I DØDSBO","ENK","","Fiske og fangst i sjø","Rådyrvegen 72","6425","MOLDE","","","0"
"969848821","PEDER P THØRING-BERSÅS","ENK","","Avvirkning","Bersåsvegen 21","6462","RAUDSAND","","","0"
"889736372","PEDER VIK STAVE","ENK","","Dyrking av korn, unntatt ris, belgvekster og oljeholdige vekster","Romsdalsgata 18","6415","MOLDE","","","0"
"916357273","PEGGY JENSET LOUS GARDSDRIFT","ENK","","Sauehold","Innsidevegen 1467","6475","MIDSUND","","","1"
"884753872","PEGGY JENSET LOUS MUSIKK","ENK","","Utøvende kunstnerisk virksomhet og underholdningsvirksomhet innenfor musikk","Innsidevegen 1467","6475","MIDSUND","22 60 40 74","","1"
"922897123","PEGGY JENSET LOUS SPRÅK","ENK","","Skapende kunstnerisk virksomhet innenfor litteratur","Innsidevegen 1467","6475","MIDSUND","","","1"
"927984199","PELLA INVEST AS","AS","","Uoppgitt","Tanners veg 2","6412","MOLDE","","","0"
"935396468","PENGA OG LIVET V/ SIW BERGSÅS","ENK","","Annen forretningsmessig tjenesteyting ikke nevnt annet sted","Kåre Solhjells veg 4","6415","MOLDE","","","1"
"917461481","PENINSULA HOLDING AS","AS","","Utleie av egen eller leid fast eiendom","c/o Sondre Rottem Vatne Tyttebærsvingen 31C","6429","MOLDE","","","1"
"995685094","PENSJONISTEN - HANS ARNE ORSET","ENK","","Formidlingstjenester tilknyttet detaljhandel med spesialisert vareutvalg","Nøisomhedvegen 34B","6419","MOLDE","","","0"
"995924978","PEOLAGARDEN Ole Henrik Rindli","ENK","","Melkeproduksjon på storfe og oppdrett av melkekyr","Øvregardsvegen 19","6364","VISTDAL","","","1"
"916507003","PEPPER BLUE MEDICAL AS","AS","9","Spesialiserte legetjenester, unntatt psykiatriske legetjenester","Strandgata 3","6415","MOLDE","71 21 81 50","","1"
"916458045","PEPPER HOLDING AS","AS","","Spesialiserte legetjenester, unntatt psykiatriske legetjenester","Krubba 1","6415","MOLDE","","","0"
"989813005","PER ANDERS GROVEN","ENK","","Avvirkning","Osvegen 30","6453","KLEIVE","71 20 29 08","","1"
"924783117","PER ARNE STANDAL","ENK","","Spesialiserte legetjenester, unntatt psykiatriske legetjenester","Gjerdhaugvegen 33","6425","MOLDE","","","1"
"969152347","PER EVEN OPSAL","ENK","","Melkeproduksjon på storfe og oppdrett av melkekyr","Ljørvoll Frisvollvegen 134","6470","ERESFJORD","","","1"
"835759482","PER GAMMELSÆTHER","ENK","","Annen undervisning ellers","Kringstadstien 14","6411","MOLDE","","","1"
"921983255","PER GUNNAR FRISVOLL","ENK","","Sauehold","Ljørvollvegen 10","6470","ERESFJORD","","","1"
"920817459","PER HENRY EIDE","ENK","","Avvirkning","Bolignummer H0101 Margareta Dahls gate 1","6413","MOLDE","","","1"
"925280925","PER IVAR BREKKE","ENK","","Utleie av egen eller leid fast eiendom","Tingnesvegen 11","6457","BOLSØYA","","","1"
"937098847","PER JARLE HEGGDALSVIK","ENK","","Produksjon av film, video og fjernsynsprogrammer","Notvollvegen 1","6456","SKÅLA","","","1"
"986451897","PER MAGNE DAHLE INNGÅR I DØDSBO","ENK","","Avvirkning","Åsagardvegen 72","6460","EIDSVÅG I ROMSDAL","","","0"
"976212460","PER MARTIN HORSGÅRD","ENK","","Godstransport på vei","Langfjordvegen 165","6456","SKÅLA","71 24 06 99","","1"
"927600595","PER OLAF VASSGÅRD MASKINENTREPRENØR AS","AS","","Grunnarbeid","Mjelve","6450","HJELSET","","","1"
"971197889","PER OLAV MORDAL","ENK","","Oppdrett av annet storfe til kjøttproduksjon og sædproduksjon","Julsundvegen 842","6411","MOLDE","712 45511","","1"
"931446819","PER SOLLI SALG OG UTLEIE","ENK","","Godstransport på vei","Saksegjerdet 18","6456","SKÅLA","","","1"
"957763812","PER TVERFJELL BILOMSETNING AS","AS","9","Reparasjon og vedlikehold av motorvogner","Løkenvegen 2","6423","MOLDE","71 24 08 00","","1"
"992335823","PER-HÅKON TÆRUD","ENK","","Reparasjon og vedlikehold av motorvogner","Kvilarvegen 1","6421","MOLDE","","www.tsracing.no","1"
"925040266","PERISEC AS","AS","9","Byggeteknisk konsulentvirksomhet","Årøsetervegen 3","6422","MOLDE","","","1"
"985605912","PERITIA FORLAG Paul Undheim","ENK","","Utgivelse av bøker","Løkenvegen 16","6423","MOLDE","71 51 41 36","","0"
"916274009","PEROK INVEST AS","AS","","Kjøp og salg av egen fast eiendom","Naustbakken 11","6416","MOLDE","","","0"
"932124165","PERSONLIG TRENER - PIA VIKEN","ENK","","Undervisning innenfor idrett og rekreasjon","Bastian Dahls veg 18","6415","MOLDE","","","1"
"925278688","PERSONLIG TRENER FONN","ENK","","Treningssentervirksomhet","Solemdalvegen 49","6456","SKÅLA","","ptsusannemarie.com","0"
"926944673","PERSONLIG TRENER NINA HAMMERØ","ENK","","Undervisning innenfor idrett og rekreasjon","Lars Nøsens veg 2B","6415","MOLDE","","","1"
"998864534","PERSONLIG TRENER OG KOSTHOLDSVEILEDER INGUNN FARSTAD","ENK","","Undervisning innenfor idrett og rekreasjon","Bregnelia 8","6429","MOLDE","","","0"
"924492465","PERSONLIG TRENER RITA RÆSTADHOLM","ENK","","Undervisning innenfor idrett og rekreasjon","Pedervegen 3","6410","MOLDE","","","0"
"930689211","PERSONLIG TRENER UNNI WISNES","ENK","","Undervisning innenfor idrett og rekreasjon","Østtorpvegen 3B","6419","MOLDE","","","1"
"997742796","PERU HOLDING AS","AS","","Uoppgitt","Bekkevollvegen 17","6414","MOLDE","","","1"
"914999170","PESTUA INVEST AS","AS","","Andre egeninvesteringsselskaper","Øverås","6470","ERESFJORD","71 23 42 48","","0"
"935054222","PETRAS AS","AS","","Regnskapsføring og bokføring","Forhjellen 32","6411","MOLDE","","","1"
"926394525","PETTERSEN FORLAG","ENK","","Detaljhandel med bøker","Raumavegen 5","6410","MOLDE","","www.bipa.no","1"
"980268284","PETTERSSON EIENDOM AS","AS","","Detaljhandel med kulturvarer ikke nevnt annet sted","Dragetvegen 32","6457","BOLSØYA","71 25 18 11","","1"
"915883192","PEZA AS","AS","","Catering for arrangementer","Krohnhøgda 7","6421","MOLDE","","","1"
"980189678","PHIL PHYNE STUDIOS Trond O Tornes","ENK","","Annen forretningsmessig tjenesteyting ikke nevnt annet sted","Røbergvegen 64","6475","MIDSUND","90 16 19 97","","1"
"929547314","PIANIST ISAK HUNGNES","ENK","","Utøvende kunstnerisk virksomhet og underholdningsvirksomhet innenfor musikk","Bjørnstjerne Bjørnsons veg 111","6410","MOLDE","","","1"
"814839702","PIFAB ISOLERING AS","AS","","Uoppgitt","Notvollvegen 10","6456","SKÅLA","","","1"
"992114363","PII INVEST AS","AS","","Uoppgitt","c/o Peder Ivar Iversen Torbjørns veg 16","6429","MOLDE","71 11 96 00","","0"
"935943841","PINAÉ BEAUTY BY JENNYCHEL PASTRANA","ENK","","Detaljhandel med kosmetikk og toalettartikler","Rognebærsvingen 9","6429","MOLDE","","","1"
"923456015","PINE Z CAPITAL AS","AS","","Uoppgitt","Meteorvegen 3","6419","MOLDE","","","1"
"926375571","PINK PIANO AS","AS","","Reklamebyråvirksomhet","c/o Jakob Otilius Flovikholm Refsnesvegen 2","6456","SKÅLA","","","1"
"929445902","PINOYKITCH BY RJ LABAGNOY","ENK","","Catering for arrangementer","Brattlivegen 13","6412","MOLDE","","","1"
"934979079","PIOTUR AUTO DETAILING BY PIOTR GRZECZKA","ENK","","Reparasjon og vedlikehold av motorvogner","Rognebærsvingen 9","6429","MOLDE","","","1"
"916994699","PIPEFIX AS","AS","","Utvendig rengjøring av bygninger og industriell rengjøring","Ljøsmyrvegen 11","6460","EIDSVÅG I ROMSDAL","","","1"
"933112241","PITSTOP MIDSUND AS","AS","","Reparasjon og vedlikehold av motorvogner","Utsidevegen 39","6475","MIDSUND","","","1"
"942510969","PLANOR BOLIG AS","AS","6","Oppføring av bygninger","Grandfjæra 22C","6415","MOLDE","71 25 94 10","www.planor.no","1"
"932713713","PLUG ROMSDAL AS","AS","","Handel med elektrisitet","Hamnegata 8","6413","MOLDE","","","0"
"991887229","PLUSS AS","AS","","Annen undervisning ellers","Fabrikkvegen 13","6415","MOLDE","71 24 66 70","www.pluss.no","1"
"995278308","PLUTO EIENDOM AS","AS","","Utleie av egen eller leid fast eiendom","c/o Kurt Aaram Sollivegen 78","6414","MOLDE","71 20 31 00","","1"
"994511351","PLUTOVEGEN 2 AS","AS","","Utleie av egen eller leid fast eiendom","c/o Kurt Aaram Sollivegen 78","6414","MOLDE","","","1"
"979658842","PLUTOVN 6 ANS","ANS","","Utleie av egen eller leid fast eiendom","Plutovegen 6","6419","MOLDE","71 21 08 88","","1"
"937840829","POKEHUB BAYAR BEKER ISMAIL","ENK","","","Enenvegen 5","6416","MOLDE","","","0"
"814076482","POSTMYRA AS","AS","","Oppføring av bygninger","Elvegata 9","6413","MOLDE","","","1"
"935395100","PRAYUP SANDVIK","ENK","","Industri-, produkt- og motedesignvirksomhet","Geitnesvågen 4A","6456","SKÅLA","","","1"
"821342902","PRESTAKSLA AS","AS","","Uoppgitt","Åsagardvegen 91","6460","EIDSVÅG I ROMSDAL","","","0"
"991642889","PRESTEGARDSVEGEN 1 AS","AS","","Utleie av egen eller leid fast eiendom","Grandfjæra 22C","6415","MOLDE","","","1"
"835303292","PRESTHAMMERN INVEST AS","AS","","Uoppgitt","Geitneshøgda 6B","6456","SKÅLA","","","1"
"929249089","PRETOR AS","AS","","Byggeteknisk konsulentvirksomhet","Hammervollhagen 19","6460","EIDSVÅG I ROMSDAL","","www.mkbetong.no","1"
"926808419","PRETTY PLEASE AS","AS","","Produksjon av brød og ferske konditorvarer","Skoglia 16","6421","MOLDE","","","1"
"925216682","PRIVATMEGLEREN MOLDE AS","AS","8","Eiendomsmegling og andre formidlingstjenester for eiendom","Kirkebakken 5","6413","MOLDE","","","1"
"933248275","PRO BERGMO AS","AS","9","Drift av restauranter","Plutovegen 2","6419","MOLDE","","","1"
"832016802","PRO GYM EIENDOM AS","AS","","Utleie av egen eller leid fast eiendom","Julsundvegen 49A","6412","MOLDE","","","1"
"998876419","PRO MOLDE AS","AS","19","Drift av restauranter","Fannestrandvegen 49B","6415","MOLDE","","","1"
"937431422","PROADVICE AS","AS","","Konsulentvirksomhet tilknyttet informasjonsteknologi og forvaltning og drift av it-systemer","Torleifvegen 11","6416","MOLDE","","","1"
"916751230","PROCERT AS","AS","","Annen teknisk konsulentvirksomhet","Fannestrandvegen 146","6419","MOLDE","","Procert.no","1"
"937967810","PROFFWEB DRIFT AS","AS","","Dataprogrammeringstjenester","Kreklingbakken 21","6429","MOLDE","","","0"
"918136762","PROG RESULT AS","AS","","All annen faglig, vitenskapelig og teknisk virksomhet ikke nevnt annet sted","C/O Steinar Kristoffersen Kringsjåvegen 4","6414","MOLDE","","","1"
"989232754","PROGRESSO HOLDING AS","AS","","Fiske og fangst i sjø","Nygårdsvik","6475","MIDSUND","71 27 91 43","","0"
"917677182","PROLAKK AS","AS","5","Detaljhandel med jernvarer, byggevarer, fargevarer og glass","Verftsgata 4","6416","MOLDE","","","1"
"915294391","PROSEDYRE TEKNIKK AS","AS","","Engroshandel med andre husholdningsvarer","Strande","6421","MOLDE","","","1"
"924312998","PROSPECTION HOLDING AS","AS","","Uoppgitt","Rypevegen 15","6415","MOLDE","","","0"
"932949644","PROSPERACENT AS","AS","","Uoppgitt","Myrvegen 33","6421","MOLDE","","","1"
"994293613","PROSPERON AS","AS","","Andre egeninvesteringsselskaper","Kristianplassen 22","6410","MOLDE","71 25 55 79","","0"
"832728322","PROTEOS ARCTIC AS","AS","","Produksjon av fisk, bløtdyr, krepsdyr og pigghuder i sjø og brakkvann","Neråsvegen 242","6470","ERESFJORD","","","0"
"929363574","PROTEOS AS","AS","","Produksjon av næringsmidler ikke nevnt annet sted","Neråsvegen 242","6470","ERESFJORD","","","0"
"914742668","PROTERRA AS","AS","","Annen teknisk konsulentvirksomhet","Gjerdevegen 20","6475","MIDSUND","","","0"
"920930344","PROTOMORE INVEST AS","AS","","Bedriftsrådgivning og annen administrativ rådgivning","c/o Protomore Kunnskapspark AS Britvegen 4","6410","MOLDE","","","0"
"981036093","PROTOMORE KUNNSKAPSPARK AS","AS","11","Bedriftsrådgivning og annen administrativ rådgivning","Britvegen 4","6410","MOLDE","","protomore.no","1"
"890931162","PSH CONSULT AS","AS","","Dataprogrammeringstjenester","Kringsjåvegen 18","6414","MOLDE","","","0"
"930990248","PSYKOLOG BÅRD LYSTER","ENK","","Psykolog- og psykoterapitjenester, unntatt legetjenester innenfor psykiatri","Storgata 14","6413","MOLDE","","","0"
"937692056","PSYKOLOG BÅRD LYSTER AS","AS","","Psykolog- og psykoterapitjenester, unntatt legetjenester innenfor psykiatri","Storgata 14","6413","MOLDE","","","1"
"922029792","PSYKOLOG FRIDE NESBAKK","ENK","","Psykolog- og psykoterapitjenester, unntatt legetjenester innenfor psykiatri","Lillevikvegen 11","6412","MOLDE","","","0"
"997257804","PSYKOLOG I MOLDE TOVE MARØ","ENK","","Psykolog- og psykoterapitjenester, unntatt legetjenester innenfor psykiatri","Storgata 18","6413","MOLDE","","","1"
"971367385","PSYKOLOG LARS P. BREIVIK","ENK","","Psykolog- og psykoterapitjenester, unntatt legetjenester innenfor psykiatri","Moldetorget Torget 1","6413","MOLDE","","","0"
"937805713","PSYKOLOG ODA LINNESTAD","ENK","","Psykolog- og psykoterapitjenester, unntatt legetjenester innenfor psykiatri","c/o Psykologsenteret Storgata 18","6413","MOLDE","","","1"
"926802534","PSYKOLOG OLE BJØRN KOLFLÅTH SPESIALIST I KLINISK PSYKOLOGI MNPF","ENK","","Psykolog- og psykoterapitjenester, unntatt legetjenester innenfor psykiatri","Storgata 18","6413","MOLDE","","","1"
"932980231","PSYKOLOG THORSTEIN OLSEN EIDE","ENK","","Psykolog- og psykoterapitjenester, unntatt legetjenester innenfor psykiatri","Glomstuvegen 74","6410","MOLDE","","","1"
"998726514","PSYKOLOG TJENESTER SUNDE UNDERVISNING OG VEILEDNING","ENK","","Psykolog- og psykoterapitjenester, unntatt legetjenester innenfor psykiatri","Glomstuvegen 61","6410","MOLDE","","","1"
"936680798","PSYKOLOGSPESIALIST MARITA BARSTEN AS","AS","","Psykolog- og psykoterapitjenester, unntatt legetjenester innenfor psykiatri","Storgata 18","6413","MOLDE","","","1"
"818518242","PSYKOLOGSPESIALIST SJ BRUNVAND","ENK","","Psykolog- og psykoterapitjenester, unntatt legetjenester innenfor psykiatri","Bjørkfinkvegen 47","6425","MOLDE","","","1"
"934002113","PT GRØNSETH","ENK","","Undervisning innenfor idrett og rekreasjon","Elgsåslia 18","6421","MOLDE","","","1"
"832256242","PT HOLDEN","ENK","","Undervisning innenfor idrett og rekreasjon","Årømyran 9","6421","MOLDE","","","0"
"935595398","PT JOHANNES GJENDEM","ENK","","Undervisning innenfor idrett og rekreasjon","Elvaskaret 16","6416","MOLDE","","","1"
"937567898","PT2V TOVE ALFARNES","ENK","","Undervisning innenfor idrett og rekreasjon","Fannebovegen 5","6415","MOLDE","","","1"
"998020441","PUFAB AQUA TECH AS","AS","","Industri-, produkt- og motedesignvirksomhet","Fuglsetbakken 22","6416","MOLDE","","","1"
"923331506","PUNCHANOK THAIMASSASJE THONGNOP","ENK","","Aktiviteter i dagspa, badstue og dampbad","Øvre veg 11","6413","MOLDE","","","0"
"933741826","PUNTO SPORTS CLUB AS","AS","","Detaljhandel med klær","Hendenvegen 2A","6423","MOLDE","","","1"
"923888187","PURE ORANGE AS","AS","","Engroshandel med bredt utvalg av nærings- og nytelsesmidler","Moldelivegen 20","6413","MOLDE","","","1"
"976258010","PØLSEVIKA AS","AS","","Utleie av egen eller leid fast eiendom","Bergmovegen 48","6419","MOLDE","90 60 09 09","","1"
"997583213","PÅ MILLIMETER'N FINSNEKKER AS","AS","","Snekkerarbeid","Årøråket 9","6421","MOLDE","","","1"
"936315917","PÅ STELL STANASZEK","ENK","","Snekkerarbeid","Årømyran 116","6421","MOLDE","","","1"
"982534771","PÅL BERSÅS","ENK","","Snekkerarbeid","Lensmannsbrekka 43","6460","EIDSVÅG I ROMSDAL","","","1"
"916330219","PÅL JOHAN GAASØY INNGÅR I DØDSBO","ENK","","Tjenester tilknyttet planteproduksjon","Bjønnan 25","6410","MOLDE","","","0"
"922260885","PÅL THOMAS HØSTMÆLINGEN","ENK","","Allmennlegetjenester","Glomstuvegen 22","6412","MOLDE","","","1"
"992389397","QNP BØVRA","ENK","","Produksjon og utgivelse av musikk- og lydopptak","Svarttrastvegen 33","6425","MOLDE","","www.quietnoiseproductions.com","1"
"983716946","R HEGGDAL AS","AS","","Utleie av egen eller leid fast eiendom","Innsidevegen 1372","6475","MIDSUND","","","1"
"927139804","R RAUSANDHAUG BYGG OG SERVICE","ENK","","Oppføring av bygninger","Øvre Liedgardsveg 8","6460","EIDSVÅG I ROMSDAL","","","0"
"925542172","R ØVERLAND","ENK","","Bedriftsrådgivning og annen administrativ rådgivning","c/o Roger Øverland Tyttebærsvingen 36","6429","MOLDE","","","0"
"989288733","R&M SHIP INTERIOR AS","AS","49","Bygging av sivile skip og flytende materiell","Gammelseterlia 20","6422","MOLDE","71 24 90 00","","1"
"922705577","RABALDER STUDIO BOROLIEN","ENK","","Etterarbeid knyttet til produksjon av film, video og fjernsynsprogrammer","Solvegen 2","6419","MOLDE","","","0"
"828226622","RAEN LEGETJENESTER","ENK","","Allmennlegetjenester","c/o Andrea Ravnå Raen Fannebostadvegen 37","6423","MOLDE","","","1"
"934807499","RAGNA M. KVERNBERG ROSE ATELIER","ENK","","Skapende kunstnerisk virksomhet innenfor visuell kunst","Ragna Mangelrød Kvernberg Østtorpvegen 2","6419","MOLDE","","www.nfuk.no","1"
"928660133","RAGNHILD NAAS","ENK","","Annen undervisning ellers","Alexander Kiellands veg 13","6413","MOLDE","","","1"
"990255717","RAGNHILD S VEKVE FYSIOTERAPI","ENK","","Fysioterapi- og ergoterapitjenester","Oscar Hanssens veg 11","6415","MOLDE","71 25 47 43","","1"
"936704514","RAKI BARBERSHOP AS","AS","","Frisering og barbering","Storgata 16","6413","MOLDE","","","1"
"969856727","RAKNES IVAR IVERSEN","ENK","","Tjenester tilknyttet planteproduksjon","Raknesvegen 145","6475","MIDSUND","","","0"
"947746650","RAKVÅG EIENDOM AS","AS","","Utleie av egen eller leid fast eiendom","Bergmo","6419","MOLDE","71 24 16 40","","1"
"985204144","RAKVÅG GLASS AS","AS","20","Bearbeiding av planglass","Jupitervegen 7","6419","MOLDE","71 24 16 40","","1"
"934288262","RAKVÅG HOLDING AS","AS","","Uoppgitt","Raknesvegen 84","6475","MIDSUND","","","1"
"928117731","RAKVÅG INSPECTION","ENK","","Jakt, fangst, viltstell og tilknyttede tjenester","Raknesvegen 40","6475","MIDSUND","","","1"
"988822035","RAKVÅG INVEST AS","AS","","Bearbeiding av planglass","Jupitervegen 7","6419","MOLDE","71 24 16 40","","0"
"870454872","RAKVÅG OLA","ENK","","Regnskapsføring og bokføring","Gurehaugvegen 31","6475","MIDSUND","","","0"
"921572794","RAKVÅG UTLEIE AS","AS","","Utleie av egen eller leid fast eiendom","Jupitervegen 7","6419","MOLDE","","","1"
"936926649","RAM RAMBERG","ENK","","Reklamebyråvirksomhet","Blokkebærvegen 47","6429","MOLDE","","","1"
"930463833","RAMSTAD GRUPPEN AS","AS","","Andre tjenester tilknyttet kunstnerisk virksomhet og underholdningsvirksomhet","Bekkevollvegen 4","6412","MOLDE","","","0"
"988834882","RANDI IVERSEN GJELDVIK FYSIOTERAPI","ENK","","Fysioterapi- og ergoterapitjenester","c/o Molde Fysikalske Julsundvegen 49B","6412","MOLDE","71 25 30 36","","1"
"912862690","RANDI AARSTAD","ENK","","Melkeproduksjon på storfe og oppdrett av melkekyr","Brannholvegen 28","6460","EIDSVÅG I ROMSDAL","41 69 27 00","","1"
"937266944","RANNAPON SUMPRASOET","ENK","","Aktiviteter i dagspa, badstue og dampbad","Nørstebøen 8","6453","KLEIVE","","","1"
"988731048","RANVIK EIENDOM AS","AS","","Detaljhandel med bakervarer, konditorvarer og sukkervarer","v/Svein Håkon Ranvik Bjørnstjerne Bjørnsons veg 27","6412","MOLDE","71 21 94 12","","1"
"913284917","RANVIK FYSIOTERAPI","ENK","","Fysioterapi- og ergoterapitjenester","Kringsjåvegen 21","6414","MOLDE","","","1"
"969850249","RANVIK GÅRD","ENK","","Dyrking av ettårige vekster ellers","Ranvikvegen 719","6460","EIDSVÅG I ROMSDAL","","","1"
"931621076","RANVIK HOLDINGS AS","AS","","Uoppgitt","c/o Eirik Ranvik Gamle Ranvikvegen 52","6460","EIDSVÅG I ROMSDAL","","","0"
"928037444","RANVIK SOLUTIONS","ENK","","Bedriftsrådgivning og annen administrativ rådgivning","Fannebakken 27","6423","MOLDE","","","1"
"897503972","RAS SERVICE SKIBINSKI","ENK","","Oppføring av bygninger","Istadvegen 637","6453","KLEIVE","","","1"
"989158570","RASA AS","AS","","Byggeteknisk konsulentvirksomhet","c/o Andreas Ringdal Julsundvegen 93","6412","MOLDE","","","0"
"818041772","RAUDSAND BILVERKSTED AS","AS","","Reparasjon og vedlikehold av motorvogner","Raudsandvegen 402","6462","RAUDSAND","","","1"
"985907315","RAUMA INDUSTRIBYGG AS","AS","","Utleie av egen eller leid fast eiendom","Eikremsvingen 1","6422","MOLDE","71 23 13 00","","1"
"937092628","RAZEM HOLDING AS","AS","","Utleie av egen eller leid fast eiendom","Uglevegen 20","6425","MOLDE","","","1"
"935569346","RB RESURS AS","AS","","Annen teknisk konsulentvirksomhet","c/o Sparebank1 Regnskapshuset SMN A Hamnegata 35","6413","MOLDE","","","1"
"931138901","RBEID AS","AS","","Annen virksomhet for distribuering av innhold","Skrenten 15","6411","MOLDE","","","1"
"915729665","RCEM TUNING CHRISS MICHELSEN","ENK","","Formidlingstjenester tilknyttet detaljhandel med spesialisert vareutvalg","Raudsandvegen 457","6462","RAUDSAND","","","0"
"931521179","REBEKKA ULSTEIN FORMIDLING","ENK","","Utøvende kunstnerisk virksomhet og underholdningsvirksomhet innenfor musikk","Hjellmyrnakken 5","6429","MOLDE","","","1"
"925752266","RECURRING AS","AS","","Teknisk prøving og analyse","Torget 4","6413","MOLDE","","","0"
"925475394","REENBERG TRANSPORT","ENK","","Godstransport på vei","Rødstrupevegen 6","6425","MOLDE","","","0"
"928528944","REFSNES SNITTPRODUKTER","ENK","","Dyrking av ettårige vekster ellers","c/o Ragnhild Refsnes Parkvegen 39C","6413","MOLDE","","","1"
"998187478","REGN10 AS","AS","10","Regnskapsføring og bokføring","Storgata 9 3 etg","6413","MOLDE","","www.regn10.no/","1"
"969225980","REGNBUEN ALTERNATIV HELSE Elin J Sandvik","ENK","","Andre helsetjenester ellers","Romsdalsgata 14","6415","MOLDE","32 81 04 45","","0"
"969213052","REIDAR EIKÅS","ENK","","Dyrking av ettårige vekster ellers","Talsetvegen 46","6460","EIDSVÅG I ROMSDAL","","","1"
"994443267","REIDAR GUSSIÅS","ENK","","Sauehold","Mikkelivegen 18","6429","MOLDE","","","1"
"934434021","REIDAR JOHANSEN","ENK","","Utleie og leasing av andre husholdningsvarer og varer til personlig bruk","Bolsøyvegen 8","6415","MOLDE","","","1"
"931986015","REIDAR SANDBLÅST","ENK","","Oppføring av bygninger","Årtunvegen 3","6422","MOLDE","","","1"
"994967738","REIDAR SOLSTAD","ENK","","Snekkerarbeid","Elvaskaret 8B","6416","MOLDE","","","1"
"833144952","REIDUN BJØRDAL","ENK","","Andre personlige tjenester ikke nevnt annet sted","Skolevegen 12","6410","MOLDE","","","1"
"915141897","REIDUN HØIDAL","ENK","","Psykolog- og psykoterapitjenester, unntatt legetjenester innenfor psykiatri","Sollivegen 105","6414","MOLDE","","","0"
"937685815","REIDUN TØSSE FOREVER","ENK","","Detaljhandel med bredt vareutvalg ellers","Brenslevegen 3","6421","MOLDE","","","1"
"916817614","REIL HOLDING AS","AS","","Kjøp og salg av egen fast eiendom","Vestre Mellomveg 9","6416","MOLDE","","","0"
"916990464","REIMER CONSULTING","ENK","","Dataprogrammeringstjenester","Hauglegda 3","6416","MOLDE","","","1"
"927388766","REINA FRUKTGÅRD, FREDRIKSEN","ENK","","Produksjon av juice av frukt og grønnsaker","Hagavegen 94","6450","HJELSET","","","1"
"953259397","REINE RORBUER AS","AS","","Utleie av egen eller leid fast eiendom","Fannestrandvegen 125","6419","MOLDE","","","1"
"922331588","REIR AS","AS","8","Frisering og barbering","Outzen strøket Storgata 55","6413","MOLDE","","","1"
"987405589","REITAN EIENDOM MOLDE AS","AS","","Utleie av egen eller leid fast eiendom","Romsdalsgata 16","6415","MOLDE","","","1"
"999512704","REITAN GARD SIMEN MYRSETH","ENK","","Sauehold","Risanvegen 113","6455","KORTGARDEN","","www.reitan-gaard.com","1"
"915869769","REITAN GRAVING OG TRANSPORT","ENK","","Grunnarbeid","Naustevegen 127","6470","ERESFJORD","","","0"
"933488942","REITAN SERVICE","ENK","","Grunnarbeid","Hovdenakkvegen 2","6456","SKÅLA","","","1"
"988986283","REITEN LEGETJENESTER AS","AS","","Allmennlegetjenester","Verftsgata 10","6416","MOLDE","","","0"
"935349966","REKDAL REPP OG SVEIS AS","AS","","Bearbeiding av metaller","Stranda 17","6470","ERESFJORD","","","1"
"978674283","REKLAMESERVICE AS","AS","20","Produksjon av andre metallvarer ikke nevnt annet sted","Eikremsvingen 7","6422","MOLDE","71 20 19 00","www.reklameservice.no","1"
"985926654","REKLAMESERVICE EIENDOM AS","AS","","Produksjon av andre metallvarer ikke nevnt annet sted","Eikremsvingen 7","6422","MOLDE","71 20 19 00","www.reklameservice.no","1"
"930591114","REKNES NÆRINGSEIENDOM AS","AS","17","Utleie av egen eller leid fast eiendom","Fylkeshuset","6404","MOLDE","","","1"
"989007157","REKTOR BRINCHMANNSGATE 1 MOLDE AS","AS","","Utleie av egen eller leid fast eiendom","Nøisomhed","6405","MOLDE","71 20 22 00","","1"
"936566952","REKVEST AS","AS","","Utleie av egen eller leid fast eiendom","Bergmovegen 48","6419","MOLDE","","","1"
"960260325","REMMEN MØBELFABRIKK","ENK","","Produksjon av møbler","Stubøvegen 36","6460","EIDSVÅG I ROMSDAL","","","1"
"993402230","REMMEN MØBELFABRIKK AS","AS","","Produksjon av møbler","","6460","EIDSVÅG I ROMSDAL","71 23 22 48","","1"
"994667610","REN UNDERHOLDNING ROLF ERIK NUSTAD","ENK","","Utøvende kunstnerisk virksomhet og underholdningsvirksomhet innenfor musikk","Årømyran 102","6421","MOLDE","","","1"
"924491736","RENATE ØVERLI","ENK","","Undervisning innenfor idrett og rekreasjon","Sollivegen 101C","6414","MOLDE","","","0"
"933463729","RENT BY SEEFELD","ENK","","Utleie av egen eller leid fast eiendom","Vistdalsvegen 999","6364","VISTDAL","","","1"
"889161302","REPPE INVEST AS","AS","","Uoppgitt","Boråsvegen 40","6415","MOLDE","71 24 36 00","","0"
"924499192","REPSTAD-VIKE HOLDING AS","AS","","Uoppgitt","c/o Oddvar Repstad Eikesdalsvegen 901A","6470","ERESFJORD","","","0"
"997426258","RESER AS","AS","7","Detaljhandel med sportsvarer","Fannestrandvegen 78","6416","MOLDE","","","1"
"970222200","RESET ATLE","ENK","","Oppføring av bygninger","Lønsetvegen 8","6421","MOLDE","","","1"
"921220960","RESET GRØNNE FINGRE AASTA RESET KRISTIANSEN","ENK","","Beplantning av hager og parkanlegg","Setervegen 20","6411","MOLDE","","","0"
"988369675","RETA SERVICES Reidar Tangen","ENK","","Passasjertransport på forespørsel utført av fører med kjøretøy","Gurehaugvegen 10","6475","MIDSUND","71 27 83 09","","1"
"924969369","RETT VEST SYSTUE AS","AS","","Reparasjon og vedlikehold av andre husholdningsvarer og varer til personlig bruk ikke nevnt annet sted","Romsdalsgata 1","6413","MOLDE","","","1"
"917905746","RETT VEST SYSTUE V/ AHMED BADAWI","ENK","","Produksjon av yttertøy","Romsdalsgata 1","6413","MOLDE","","","0"
"923339264","RETTSHJELPER LEIV PRESTVIK","ENK","","Juridisk tjenesteyting","Langmyrvegen 1B","6413","MOLDE","","","1"
"989166395","RF INVESTOR AS","AS","","Utleie av egen eller leid fast eiendom","Bjørkevegen 8","6419","MOLDE","","","0"
"928032442","RGL AUTOMOTIVE AS","AS","","Detaljhandel med motorvogner","Fannefjordsvegen 1048","6450","HJELSET","","","1"
"933288463","RHEMA MINISTRIES NORWAY BARANKENYEREYE ND","ENK","","Undervisning innenfor religion","Mekvegen 56A","6411","MOLDE","","","1"
"983091512","RIGMOR GJERDE NERLAND","ENK","","Sauehold","Tjellagarden Vistdalsvegen 1592","6364","VISTDAL","71221833","","1"
"927833832","RIKSFJORD ASSISTANSE","ENK","","Kombinerte tjenester tilknyttet eiendomsdrift","Tollevegen 8","6419","MOLDE","","","0"
"985358168","RINDESIGN AS","AS","","Engroshandel med tekstiler og utstyrsvarer","Røravegen 16","6450","HJELSET","","www.verawilliam.no","1"
"924016175","RINGDAL INVEST AS","AS","","Uoppgitt","Hjellmyrnakken 10","6429","MOLDE","","","0"
"935227925","RIR METALL AS","AS","","Materialgjenvinning","Årøsetervegen 2B","6422","MOLDE","","","1"
"887670552","RIR NÆRING AS","AS","8","Innsamling av ikke-farlig avfall","Årøsetervegen 56","6422","MOLDE","","","2"
"919546018","RIR TRANSPORT AS","AS","18","Innsamling av ikke-farlig avfall","Årøsetervegen 56","6422","MOLDE","","","1"
"933099199","RISAN GÅRD - VIKHAGEN","ENK","","Geitehold","Risanvegen 204","6455","KORTGARDEN","","","1"
"915914977","RM EIENDOM AS","AS","","Utvikling og salg av byggeprosjekter","Kleivbøen 9","6453","KLEIVE","","","1"
"928128679","RM EIENDOM HOLDING AS","AS","","Utleie av egen eller leid fast eiendom","Kråkholmvegen 20","6460","EIDSVÅG I ROMSDAL","","","0"
"997351754","RM PROSJEKTUTVIKLING AS","AS","6","Bedriftsrådgivning og annen administrativ rådgivning","Kleivbøen 9","6453","KLEIVE","71 21 55 06","","1"
"928355616","RMISUND HOLDING AS","AS","","Uoppgitt","Digernesvegen 100","6475","MIDSUND","","","0"
"921251394","RMS TECHNOLOGY AS","AS","","Annen teknisk konsulentvirksomhet","Hamnavegen 14","6475","MIDSUND","","","0"
"995455307","RO MA BOLIGER AS","AS","","Utleie av egen eller leid fast eiendom","Sagvegen 17","6412","MOLDE","","","1"
"989224417","RO MA INVEST AS","AS","","Utleie av egen eller leid fast eiendom","c/o Rolf Martin Møller Sagvegen 17","6412","MOLDE","","","0"
"916665504","RO YOGA JADRANKA OREC","ENK","","Undervisning innenfor idrett og rekreasjon","Fannestrandvegen 23","6415","MOLDE","","","0"
"932022893","ROA AS","AS","","Aktiviteter i dagspa, badstue og dampbad","Lergrovikvegen 8","6419","MOLDE","","","1"
"932063549","ROALDSET GÅRD HJELSET","ENK","","Melkeproduksjon på storfe og oppdrett av melkekyr","Øverbygda 281","6450","HJELSET","","","1"
"920290612","ROBERT SETRAN","ENK","","Avvirkning","Bergsvikvegen 24","6456","SKÅLA","","","0"
"937770898","ROBERTSSON TECH","ENK","","Konsulentvirksomhet tilknyttet informasjonsteknologi og forvaltning og drift av it-systemer","Fuglsetbakken 35B","6416","MOLDE","","","1"
"935121159","ROBOCONNECT AS","AS","","Drift av søkemotorer","Synnøves veg 12","6429","MOLDE","","","1"
"925899097","ROBUST HOLDING AS","AS","","Uoppgitt","Sofus Jørgensens veg 5","6415","MOLDE","","","0"
"988094498","RODINA DA","DA","","Agenturhandel med nærings- og nytelsesmidler","Skrenten 19","6411","MOLDE","47 02 58 00","","0"
"965454411","ROFI AS","AS","5","Annen industriproduksjon ikke nevnt annet sted","Skålavegen 3","6422","MOLDE","71 20 33 33","www.rofi.com","1"
"928231631","ROGER H HOLDING AS","AS","","Oppføring av bygninger","Ranesvegen 41","6456","SKÅLA","","","0"
"919221216","ROHEN AS","AS","","Andre egeninvesteringsselskaper","Midøyvegen 88","6475","MIDSUND","","","0"
"892281262","ROJO INVEST AS","AS","","Uoppgitt","Hjellmyrnakken 30","6429","MOLDE","71 26 67 77","","0"
"823607792","ROLF ARNE'S BUDSERVICE ROLF-ARNE SØRGÅRD","ENK","","Andre post- og budtjenester","Nordskogvegen 5","6412","MOLDE","","","0"
"922605238","ROLF INGE AAFLØY","ENK","","Avvirkning","Åfløyvegen 161","6453","KLEIVE","","","1"
"983391060","ROLF KARSTEN AAFLØY","ENK","","Skogskjøtsel og andre skogbruksaktiviteter","Plassen Åfløyvegen 233","6453","KLEIVE","71 23 56 54","","0"
"888612882","ROLF KNUTSEN HOLDING AS","AS","","Andre egeninvesteringsselskaper","Gjerdhaugvegen 20","6425","MOLDE","","","0"
"928763013","ROLF NYLAND","ENK","","Etterforskningstjenester og private vakttjenester","Røviklivegen 160","6456","SKÅLA","","","1"
"927720388","ROMA BYGGETJENESTER V/ROE MALVIN REITEN","ENK","","Byggeteknisk konsulentvirksomhet","Innsidevegen 980","6475","MIDSUND","","","1"
"934858050","ROMNALIN JOHANSEN MATKUNST","ENK","","Andre personlige tjenester ikke nevnt annet sted","Utsidevegen 153","6475","MIDSUND","","","1"
"989454730","ROMSDAL BIOENERGI AS","AS","","Vannbåren og luftbåren varme- og kjøleforsyning","Langholvegen 20","6453","KLEIVE","","","1"
"938031827","ROMSDAL BYGG HODZIC","ENK","","Oppføring av bygninger","Amtmannvegen 31","6419","MOLDE","","","1"
"925955418","ROMSDAL BYGGSERVICE ATT ODDBJØRN RISHAUG","ENK","","Arkitektvirksomhet","Jakob Bjørnås veg 37","6416","MOLDE","","","1"
"926177311","ROMSDAL EIENDOM AS","AS","","Utleie av egen eller leid fast eiendom","Årølivegen 7","6421","MOLDE","","","0"
"811669202","ROMSDAL EIENDOMSMEGLING AS","AS","6","Eiendomsmegling og andre formidlingstjenester for eiendom","Fannestrandvegen 49B","6415","MOLDE","71 20 04 00","www.notar.no","1"
"886906862","ROMSDAL ELEKTRO AS","AS","8","Elektrisk installasjonsarbeid","Julsundvegen 199","6411","MOLDE","71 25 12 99","","1"
"936195555","ROMSDAL FJORDCRUISE AS","AS","","Kysttrafikk med passasjerer ikke nevnt annet sted","Sollivegen 101B","6414","MOLDE","","","1"
"967686999","ROMSDAL GJENVINNING AS","AS","6","Materialgjenvinning","Årødalen","6422","MOLDE","71 21 30 30","","1"
"991058079","ROMSDAL GRUPPEN AS","AS","","Bedriftsrådgivning og annen administrativ rådgivning","Skarvegen 245","6422","MOLDE","","www.romsdalsgruppen.no","1"
"931878824","ROMSDAL HANDEL AS","AS","10","Formidlingstjenester tilknyttet detaljhandel med bredt vareutvalg","c/o Kirppis Moldegårdsvegen 5","6415","MOLDE","","","1"
"991897321","ROMSDAL MASKIN AS","AS","","Grunnarbeid","Årøsetervegen 32","6422","MOLDE","","","1"
"993629227","ROMSDAL PARKERING AS","AS","","Drift av parkeringsplasser og parkeringshus","Plutovegen 7","6419","MOLDE","71 11 10 00","","1"
"858401852","ROMSDAL PROCESSING AS","AS","69","Frysing og videre bearbeiding av fisk, skalldyr og bløtdyr","Utsidevegen 21","6475","MIDSUND","71 27 94 00","","1"
"912540715","ROMSDAL REVISJON AS","AS","10","Revisjon","Frænavegen 16","6415","MOLDE","","","1"
"921807058","ROMSDAL SERVICE AS","AS","8","Maler- og glassarbeid","Lergrovikvegen 7D","6419","MOLDE","","","1"
"986916229","ROMSDAL STEININDUSTRI AS","AS","","Hogging og bearbeiding av monument- og bygningsstein","","6364","VISTDAL","","www.romstein.no","1"
"935428602","ROMSDAL TAKST AS","AS","","Eiendomsmegling og andre formidlingstjenester for eiendom","Sollivegen 1","6414","MOLDE","","","1"
"924603909","ROMSDAL TRAFIKKSKOLE V/TOR EGIL HEIMEN","ENK","","Undervisning ved godkjente trafikkskoler","Frænavegen 105B","6416","MOLDE","","","0"
"915470483","ROMSDALS BUDSTIKKE AS","AS","34","Utgivelse av aviser","Torget 1","6413","MOLDE","71 25 00 00","","1"
"996942627","ROMSDALS FISKEVEGNFABRIKK AS","AS","","Utleie av egen eller leid fast eiendom","Torget 1","6413","MOLDE","","","0"
"891664362","ROMSDALSFJORD FRITIDSEIENDOM AS","AS","","Kjøp og salg av egen fast eiendom","Solhagen 5","6415","MOLDE","71 25 16 59","","1"
"924188456","ROMSDALSGATA 1 AS","AS","","Utleie av egen eller leid fast eiendom","Hamnegata 35","6413","MOLDE","","","1"
"931514016","ROMSDALSGATA 20 AS","AS","","Utleie av egen eller leid fast eiendom","c/o Magnhild Englund Løkenvegen 43","6423","MOLDE","","","1"
"920443826","ROMSDALSGATA 22 MOLDE AS","AS","","Utleie av egen eller leid fast eiendom","Romsdalsgata 22","6415","MOLDE","","","1"
"946877247","ROMSDALSGATA 8-10 EIENDOM AS","AS","","Utleie av egen eller leid fast eiendom","Strandgata 5","6415","MOLDE","71 25 93 00","","1"
"994974912","ROMSDALSGATA MAT AS","AS","10","Detaljhandel med bredt vareutvalg med hovedvekt på nærings- og nytelsesmidler","Romsdalsgata 7","6415","MOLDE","","","1"
"998755840","ROMSDALSKLINIKKEN AS","AS","","Andre helsetjenester ellers","Myrabakken 8","6413","MOLDE","70 33 20 50","","1"
"990041377","ROMSDALSKVARTALET AS","AS","","Utleie av egen eller leid fast eiendom","Nøisomhed","6405","MOLDE","71 20 22 00","","1"
"893425772","ROMSDALSMUSEET EIENDOM AS","AS","","Utleie av egen eller leid fast eiendom","Per Amdams veg 4","6413","MOLDE","71 20 24 60","","1"
"922296162","ROMULD LYD","ENK","","Andre tjenester tilknyttet kunstnerisk virksomhet og underholdningsvirksomhet","Istadvegen 627","6453","KLEIVE","","","0"
"989798677","ROMULD SKRIVESTUE","ENK","","Skapende kunstnerisk virksomhet innenfor litteratur","Sørstien 39B","6411","MOLDE","","","1"
"986085831","RONNY KORSBERG / R-LINK","ENK","","Byggeteknisk konsulentvirksomhet","Istadvegen 305","6453","KLEIVE","","","0"
"929425898","ROOPALU BEAUTY SALON","ENK","","Skjønnhetspleie","Utsidevegen 566","6475","MIDSUND","","","0"
"986604227","ROPARHAUGEN AS","AS","","Drift av hoteller","c/o Petter Rudi Bekkevollvegen 17","6414","MOLDE","","","0"
"925261785","RORA AS","AS","","Uoppgitt","Lars Nøsens veg 2A","6415","MOLDE","","","0"
"937053037","ROSEBY TANNLEGESENTER AS","AS","","Tannlegetjenester","Oscar Hanssens veg 9","6415","MOLDE","","","1"
"932259028","ROSEPIKENE AS","AS","9","Detaljhandel med blomster, planter, gjødsel og plantevernmidler","Torget 1","6413","MOLDE","","","1"
"916924496","ROTVOLL EIENDOM MOLDE AS","AS","","Utleie av egen eller leid fast eiendom","Anevegen 9","6410","MOLDE","","","1"
"977457440","ROY ANDRE LANGE","ENK","","Sauehold","Vistdalsvegen 1041","6364","VISTDAL","71 23 51 18","","1"
"977489946","ROY DAHLE","ENK","","Snekkerarbeid","Hovdenakvågen 20","6456","SKÅLA","71 24 09 13","","1"
"931658808","ROY GURSKEVIK","ENK","","Konsulentvirksomhet tilknyttet informasjonsteknologi og forvaltning og drift av it-systemer","Bjørnstjerne Bjørnsons veg 99","6410","MOLDE","","","0"
"985502617","ROY MAGNUS MOREWOOD","ENK","","Melkeproduksjon på storfe og oppdrett av melkekyr","Myra Øvervegen 210","6460","EIDSVÅG I ROMSDAL","","","1"
"990728712","ROY SVERRE OUTZEN","ENK","","Annen rengjøringsvirksomhet og snømåking","Årømyran 64","6421","MOLDE","","","1"
"987701617","ROYAL CONSULT AS","AS","","Annen teknisk konsulentvirksomhet","Utsidevegen 37","6475","MIDSUND","","www.royalconsult.no","0"
"919007168","RR MONTASJE RONNY ROALDSØY","ENK","","Oppføring av bygninger","Gjerdesmettvegen 10","6425","MOLDE","","","1"
"925848492","RR SPORTS LAB - ROKSVÅG","ENK","","Fysioterapi- og ergoterapitjenester","c/o Rune Roksvåg Eikremsvingen 18","6422","MOLDE","","","0"
"995764342","RS THOMAS FEARNLEY v/Reidar Misund","ENK","","Kysttrafikk med passasjerer ikke nevnt annet sted","Tunvegen 39","6475","MIDSUND","","","0"
"996961389","RSB LAGER OG UTLEIE AS","AS","","Utleie av egen eller leid fast eiendom","c/o Bjarne Stormyr","6475","MIDSUND","","","1"
"999208150","RUBEN SKREDE","ENK","","All annen faglig, vitenskapelig og teknisk virksomhet ikke nevnt annet sted","Aukravegen 14B","6414","MOLDE","","","1"
"980700917","RUNAR BRATLI","ENK","","Allmennlegetjenester","Pedervegen 1","6410","MOLDE","71 21 88 19","","1"
"969484560","RUNE HALLGEIR FINNSET","ENK","","Avvirkning","Utigard Eikesdalsvegen 2182","6472","EIKESDAL","","","0"
"885256902","RUNE OSHAUG MUSIKK","ENK","","Utøvende kunstnerisk virksomhet og underholdningsvirksomhet innenfor musikk","Kringstadstien 6","6411","MOLDE","71 11 53 14","","0"
"988412775","RUNE REFSNES AS","AS","","Tannlegetjenester","c/o Moldetorget Storgata 28","6413","MOLDE","71 21 93 85","","1"
"998132630","RUNES BIL OG MC TRAFIKKSKOLE AS","AS","","Undervisning ved godkjente trafikkskoler","Røbekkvegen 3","6421","MOLDE","","","1"
"922349665","RUSET SKRIVARSTOVE, ARNE RUSET","ENK","","Skapende kunstnerisk virksomhet innenfor litteratur","Aukravegen 23","6414","MOLDE","","","0"
"835640892","RVC INVEST AS","AS","","Uoppgitt","Birkelandvegen 82","6423","MOLDE","","","1"
"991954406","RVI INVEST AS","AS","","Andre egeninvesteringsselskaper","Gjerdesmettvegen 6","6425","MOLDE","71 20 06 40","","0"
"834607662","RYER HOLDING AS","AS","","Konsulentvirksomhet tilknyttet informasjonsteknologi og forvaltning og drift av it-systemer","Jernverksvegen 403","6453","KLEIVE","","","1"
"936976840","RÆSTAD MOBILREP","ENK","","Reparasjon og vedlikehold av datamaskiner og kommunikasjonsutstyr","Elvegata 9","6413","MOLDE","","","1"
"919285575","RØBEKK INVEST","ENK","","Utleie av egen eller leid fast eiendom","Romsdalsgata 14","6415","MOLDE","","","1"
"926460315","RØBERG TAKST","ENK","","Eiendomsforvaltning på oppdrag","Moldelivegen 24","6413","MOLDE","","","0"
"813497662","RØD KRISTIAN","ENK","","Allmennlegetjenester","","6480","AUKRA","","","0"
"996761487","RØD SKOG OG FJELL","ENK","","Skogskjøtsel og andre skogbruksaktiviteter","Torhusvegen 31","6470","ERESFJORD","","www.skogogfjell.com","1"
"986916121","RØD SNURREPIPERIER ANS","ANS","","Detaljhandel med innredningsartikler ikke nevnt annet sted","Rød","6460","EIDSVÅG I ROMSDAL","71 23 22 59","","0"
"934964071","RØDAL AS","AS","","Uoppgitt","Strandefaret 14","6421","MOLDE","","","1"
"933856658","RØDSETH SERVICEUTLEIE","ENK","","Grunnarbeid","Prestegardsskogen 5","6420","MOLDE","","","1"
"931182463","RØDSJØ TEKNOLOGI","ENK","","Konsulentvirksomhet tilknyttet informasjonsteknologi og forvaltning og drift av it-systemer","Blokkebærvegen 37","6429","MOLDE","","","0"
"931124919","RØDVEGEN 5 AS","AS","","Uoppgitt","Rødvegen 11","6460","EIDSVÅG I ROMSDAL","","","1"
"927760053","RÖNNE-GLINDEMANN INDUSTRIE","ENK","","Reparasjon og vedlikehold av maskiner","Ranvikvegen 932","6460","EIDSVÅG I ROMSDAL","","","0"
"894980672","RØNNEBERG BYGG","ENK","","Snekkerarbeid","Lunheimvegen 2","6416","MOLDE","","","1"
"950438886","RØNNESTAD EIGEDOM AS","AS","","Utleie av egen eller leid fast eiendom","c/o Karl Erik Rønnestad Margareta Dahls gate 5","6413","MOLDE","","","1"
"968195360","RØNNING TRAFIKKSKOLE","ENK","","Annen trafikkskoleundervisning","Hamnevikbøen 8","6456","SKÅLA","","","1"
"986626654","RØNNINGEN RENHOLD OG SERVICE","ENK","","Rengjøring av bygninger","Strandefaret 9","6421","MOLDE","71 20 06 50","","1"
"812573942","RØRLEGGER 1 MOLDE AS","AS","19","Rørleggerarbeid","Gammelseterlia 17A","6422","MOLDE","","","1"
"989175750","RØSOK HOLDING AS","AS","","Detaljhandel med skotøy og lærvarer","Storgata 21","6413","MOLDE","","","1"
"925375519","RØSTBERG BYGG AS","AS","8","Oppføring av bygninger","Årtunvegen 18","6422","MOLDE","","","1"
"935800846","RØSTBERG INVEST AS","AS","","Oppføring av bygninger","Årtunvegen 18","6422","MOLDE","","","1"
"937578482","RØTHE E-COMMERCE AS","AS","","Konsulentvirksomhet tilknyttet informasjonsteknologi og forvaltning og drift av it-systemer","Amtmann Leths gate 3","6413","MOLDE","","","1"
"933013758","RØYND CONSULTING AS","AS","","Annen teknisk konsulentvirksomhet","Geitnessvingen 42","6456","SKÅLA","","","1"
"913530144","RØYRVIKS AS","AS","","Andre egeninvesteringsselskaper","c/o Arnstein Røyrvik Heramb-Aamots veg 2","6414","MOLDE","","","0"
"989147358","RØYSAN INDUSTRIER AS","AS","","Andre egeninvesteringsselskaper","Røysan 15","6412","MOLDE","71 20 09 06","","0"
"917674728","RØYSLAND AS","AS","","Snekkerarbeid","Einebæråsen 8","6429","MOLDE","","","1"
"925760919","RÅKET FÅR- FOSTERVOLD","ENK","","Sauehold","Istadlivegen 119","6453","KLEIVE","","","1"
"992285001","RAANES","ENK","","Guide- og reiseledervirksomhet","Heramb-Aamots veg 30","6414","MOLDE","","","0"
"837833612","RÅVARELEVERANDØREN FLO","ENK","","","Att: MARKUS SVENSLI FLO Mårskrenten 12","6425","MOLDE","","","0"
"931976931","S BOTTERLI HOLDING AS","AS","","Uoppgitt","Cecilienfrydvegen 3A","6412","MOLDE","","","0"
"997122585","S NYLUND HOLDING AS","AS","","Andre egeninvesteringsselskaper","Rådyrvegen 58","6425","MOLDE","","","0"
"932784300","S. GRAVEM","ENK","","Grunnarbeid","Tiltereidet 43","6460","EIDSVÅG I ROMSDAL","","","1"
"834318792","S. HALTVIK","ENK","","Reparasjon og vedlikehold av maskiner","Raudsandvegen 386","6462","RAUDSAND","","","1"
"923998055","S. KROHN HOLDING AS","AS","","Uoppgitt","c/o Fannestrandvegen 53 AS Fannestrandvegen 53","6415","MOLDE","","","0"
"914437679","S. PETTERSSON AS","AS","","Utleie av egen eller leid fast eiendom","c/o Eyvind Pettersson Reinhold Zieglers veg 1B","6414","MOLDE","","","0"
"989253727","S. REITAN INVEST AS","AS","","Utleie av egen eller leid fast eiendom","Romsdalsgata 16","6415","MOLDE","","","1"
"922023379","S. WILHELMSEN","ENK","","Utøvende kunstnerisk virksomhet og underholdningsvirksomhet innenfor scenekunst","c/o Sara Wilhelmsen Frænavegen 62B","6415","MOLDE","","","0"
"925211605","S.A RØSTBERG","ENK","","Grunnarbeid","Istadlivegen 91","6453","KLEIVE","","","0"
"917065632","S.G. INVEST AS","AS","","Utleie av egen eller leid fast eiendom","c/o Willy Simonsen Synnøves veg 9","6429","MOLDE","","","1"
"934379950","S.S.S. HOLDING AS","AS","","Uoppgitt","Granlia 5A","6429","MOLDE","","","1"
"930035157","SABRU INVEST AS","AS","","Andre egeninvesteringsselskaper","Reknesvegen 15","6413","MOLDE","","","0"
"926454609","SABRURA ROSEBY AS","AS","28","Drift av restauranter","Lingedalsvegen 6","6415","MOLDE","","","1"
"927186438","SAETER HOLDING AS","AS","","Uoppgitt","Sirivegen 11","6411","MOLDE","","","0"
"930266868","SAFIJA HOLDING AS","AS","","Uoppgitt","Jordbærvegen 32","6421","MOLDE","","","0"
"989008013","SAFRI AS","AS","","Andre egeninvesteringsselskaper","Siriusvegen 11","6419","MOLDE","","","0"
"921185936","SAGA KULTURSENTER AS","AS","","Aktiviteter utført av utflukts- og eventarrangører","Øygardsvegen 4","6453","KLEIVE","","","1"
"989567640","SAGITTA AS","AS","","Utleie av egen eller leid fast eiendom","v/Roy Kjørsvik Sollivegen 36A","6414","MOLDE","","","1"
"914549825","SAGSTUA HOLDING AS","AS","","Utleie av egen eller leid fast eiendom","Lergrovikvegen 9","6419","MOLDE","","","0"
"922781710","SAHIN","ENK","","Oversettelses- og tolkevirksomhet","Raumavegen 11","6410","MOLDE","","","1"
"933839532","SAJAKI SRITHARAN","ENK","","Reklamebyråvirksomhet","Hagaplassen 14A","6422","MOLDE","","","1"
"915553389","SAJO HOLDING AS","AS","","Andre egeninvesteringsselskaper","Haugen","6418","SEKKEN","","","0"
"935166799","SALESKEY SOLUTIONS AS","AS","","Engroshandel med motorvogner","Storgata 11","6413","MOLDE","","","1"
"981951387","SALONG HEIDI Heidi Skarseth","ENK","","Frisering og barbering","Tiriltungevegen 42","6423","MOLDE","71 26 56 00","","1"
"916971141","SALSEGGEN DYKKING OG SÅNT","ENK","","Sportsaktiviteter ikke nevnt annet sted","Boråsvegen 22","6415","MOLDE","","","1"
"932436000","SAM EYDES VEI 26 AS","AS","","Utleie av egen eller leid fast eiendom","c/o Norsk Mineral AS Eikremsvingen 9","6422","MOLDE","","","0"
"921334338","SAMUEL PETTERSSON MUSIC","ENK","","Utøvende kunstnerisk virksomhet og underholdningsvirksomhet innenfor musikk","Bjørnstjerne Bjørnsons veg 91","6412","MOLDE","","","0"
"994535471","SAMUELSEN HAGE & INTERIØR","ENK","","Detaljhandel med innredningsartikler ikke nevnt annet sted","Paradiset 3","6456","SKÅLA","","","1"
"929679075","SANA LUDO AS","AS","","Produksjon av elektronikk til husholdningsbruk","Britvegen 4","6410","MOLDE","","","1"
"925571636","SANDE EIENDOM ROMSDAL AS","AS","","Kjøp og salg av egen fast eiendom","Anevegen 3","6410","MOLDE","","","1"
"925571687","SANDE HOLDING ROMSDAL AS","AS","","Utleie av egen eller leid fast eiendom","Anevegen 3","6410","MOLDE","","","0"
"922740240","SANDEN FISK AS","AS","","Utleie av egen eller leid fast eiendom","c/o Silver Seafood As Sjøvikvegen 55","6475","MIDSUND","","","2"
"831116242","SANDEN MEK","ENK","","Reparasjon og vedlikehold av maskiner","Vølvegen 72","6475","MIDSUND","","","1"
"933884333","SANDER MORDAL","ENK","","Snekkerarbeid","Hamnavikvegen 34","6456","SKÅLA","","","1"
"918306013","SANDHAUG AKTIV AS","AS","","Formidlingstjenester tilknyttet detaljhandel med spesialisert vareutvalg","Vejlevegen 1","6415","MOLDE","","","1"
"917869758","SANDHAUG HOLDING AS","AS","","Detaljhandel med deler og utstyr til motorvogner","Årøseterveien 1","6422","MOLDE","","","1"
"914810620","SANDKO AS","AS","","Bedriftsrådgivning og annen administrativ rådgivning","Amfi Roseby Vest Frænavegen 16","6415","MOLDE","","","1"
"936635555","SANDNES ANLEGGSTJENESTER","ENK","","Grunnarbeid","Toven Raudsandvegen 33","6460","EIDSVÅG I ROMSDAL","","","1"
"974904160","SANDNES MASKIN Jon Arne Sandnes","ENK","","Grunnarbeid","Ødegårdvegen 114","6364","VISTDAL","","","1"
"915287131","SANDNES MASTEMONTASJE AS","AS","","Grunnarbeid","","6364","VISTDAL","","","1"
"924673192","SANDNES O HOLDING AS","AS","","Uoppgitt","Vølvegen 58","6475","MIDSUND","","","0"
"938113238","SANDNESET CAMPING AS","AS","","Drift av campingplasser","Utsidevegen 455","6475","MIDSUND","","","1"
"929329872","SANDSEBAS HOLDING AS","AS","","Utleie av egen eller leid fast eiendom","Hargautvegen 28","6460","EIDSVÅG I ROMSDAL","","","0"
"932237075","SANDSTAD LANGUAGE SERVICES","ENK","","Oversettelses- og tolkevirksomhet","Kringstadvegen 3A","6411","MOLDE","","","0"
"993423009","SANDTAKET RØNNINGAN Kjell Atle Karlsen Ulrich","ENK","","Utvinning fra grus- og sandtak, og utvinning av leire og kaolin","Sollivegen 112","6414","MOLDE","71 25 53 06","","0"
"966216581","SANDVIK AS","AS","","Utleie av egen eller leid fast eiendom","Røbekkhagen 26","6421","MOLDE","","","1"
"985419094","SANDVIK BLOMSTER AS","AS","","Detaljhandel med blomster, planter, gjødsel og plantevernmidler","Pebakken 7","6412","MOLDE","71 21 66 88","","1"
"930094064","SANDVIK BYGG AS","AS","","Oppføring av bygninger","c/o Svein Olav Sandvik Aukravegen 21","6414","MOLDE","","","1"
"934790006","SANDVIK RIDEFYSIOTERAPI","ENK","","Andre helsetjenester ellers","Sandvik Ridefysioterapi Mårskrenten 46","6425","MOLDE","","","1"
"931807595","SANDØY DRIFT AS","AS","15","Detaljhandel med bredt vareutvalg med hovedvekt på nærings- og nytelsesmidler","Mekvegen 5","6411","MOLDE","","","1"
"932838303","SANDØY UTLEIE OG SERVICE AS","AS","","Reparasjon og vedlikehold av sivile skip og båter","c/o Siv Monica Ræstad Ræstadvegen 11","6475","MIDSUND","","","1"
"935202167","SANNESS COMPANY","ENK","","Produksjon og utgivelse av musikk- og lydopptak","Åsvegen 3","6450","HJELSET","","","1"
"979285922","SANTEC SVEIS & MONTERING Halgeir Sandnes","ENK","","Bearbeiding av metaller","Prestegardsvegen 14","6460","EIDSVÅG I ROMSDAL","71 23 27 34","","1"
"897126222","SANTEC SVEIS OG MONTERING AS","AS","","Bearbeiding av metaller","Prestegardsvegen 14","6460","EIDSVÅG I ROMSDAL","71 23 27 37","","1"
"990720266","SARA FOSSUM FELLMAN","ENK","","Utøvende kunstnerisk virksomhet og underholdningsvirksomhet innenfor scenekunst","Hjellmyrnakken 15","6429","MOLDE","","","0"
"996419967","SARA PERNILLE ULVESTADBAKKEN","ENK","","Utøvende kunstnerisk virksomhet og underholdningsvirksomhet innenfor musikk","Dragarøra 13","6457","BOLSØYA","","","0"
"928102726","SARAH AASEN - MISS KARIM MUSIC","ENK","","Utøvende kunstnerisk virksomhet og underholdningsvirksomhet innenfor musikk","Tiriltungevegen 56","6423","MOLDE","","","0"
"935804469","SARAH-FAYE LISON","ENK","","Grafisk design og visuell kommunikasjonsdesign","Gurehaugvegen 18","6475","MIDSUND","","","1"
"821573602","SAUKLIPPER VEGARD STEEN","ENK","","Tjenester tilknyttet husdyrhold","Bergmovegen 2","6419","MOLDE","","","1"
"976633245","SAXOFØN AS","AS","9","Frisering og barbering","Myrabakken 1","6413","MOLDE","","saxofoen.no","1"
"915291090","SB REGNSKAP SIVERT BOLSØNES","ENK","","Bedriftsrådgivning og annen administrativ rådgivning","Julsundvegen 113","6410","MOLDE","","","1"
"823696442","SCARZ OLA MARIUS SKARSETH","ENK","","Kjøp og salg av egen fast eiendom","Tiriltungevegen 42","6423","MOLDE","","","0"
"964076316","SCHILLER","ENK","","Formidlingstjenester tilknyttet detaljhandel med bredt vareutvalg","Gørvellalleen 4","6413","MOLDE","71 21 25 11","","1"
"960111486","SCHØNNING EIENDOM AS","AS","","Utleie av egen eller leid fast eiendom","Kåre Solhjells veg 4","6415","MOLDE","71 24 35 55","","1"
"933815846","SCV KONSULENTTJENESTER AS","AS","","Byggeteknisk konsulentvirksomhet","Råket 3","6450","HJELSET","","","1"
"920142109","SEABAY ALPHA INVEST AS","AS","","Andre egeninvesteringsselskaper","Blokkebærvegen 21","6429","MOLDE","","","0"
"926194097","SEALUTION - ISOLA","ENK","","Forskning og eksperimentell utvikling innenfor naturvitenskap og teknikk","Innsidevegen 413","6475","MIDSUND","","","0"
"926707698","SEAVENT AS","AS","12","Rørleggerarbeid","Fannefjordsvegen 740","6421","MOLDE","","","1"
"929250028","SEDLAR","ENK","","Drift av vandrerhjem og ferieleiligheter","Utsidevegen 1347","6475","MIDSUND","","","1"
"982141214","SEILET HOTELL EIENDOM AS","AS","","Utleie av egen eller leid fast eiendom","Nøisomhed Fannestrandvegen 125","6419","MOLDE","71 20 22 00","","1"
"917407967","SEKKEN GRØNT AS","AS","13","Dyrking av annen frukt som vokser på trær eller busker samt nøtter","Håkon Herdebreis veg 799","6418","SEKKEN","","","1"
"981872061","SEKKEN HANDELSLAG AS","AS","","Detaljhandel med bredt vareutvalg med hovedvekt på nærings- og nytelsesmidler","","6418","SEKKEN","","","1"
"993469955","SEKKEN NÆRINGSPARK AS","AS","","Passasjertransport utenom rutetabell","","6418","SEKKEN","","","1"
"931926128","SEKKEN VEKST AS","AS","","Andre egeninvesteringsselskaper","Håkon Herdebreis veg 734","6418","SEKKEN","","","0"
"969851059","SEKKENES OVE JONNY","ENK","","Annen rengjøringsvirksomhet og snømåking","Håkon Herdebreis veg 491","6418","SEKKEN","","","1"
"969854406","SEKKESÆTER MARTIN","ENK","","Fiske og fangst i sjø","Langfjordvegen 879","6456","SKÅLA","","","1"
"969210398","SEKKESÆTER STEINAR","ENK","","Avvirkning","Langfjordvegen 873","6456","SKÅLA","","","1"
"919909714","SEKSTANT CAPITAL AS","AS","","All annen faglig, vitenskapelig og teknisk virksomhet ikke nevnt annet sted","Fannebakken 30","6423","MOLDE","","","1"
"929432371","SELFO AS","AS","","Bedriftsrådgivning og annen administrativ rådgivning","c/o Ole Marius Inderhaug Myrvegen 27","6421","MOLDE","","","0"
"915592414","SELMAX AS","AS","","All annen faglig, vitenskapelig og teknisk virksomhet ikke nevnt annet sted","Fjordgata 5","6413","MOLDE","","","1"
"999567215","SELSKAB RAJAVEL","ENK","","Allmennlegetjenester","Nygjerdesvingen 26B","6421","MOLDE","","","1"
"999592384","SENJAVÆR AS","AS","","Kjøp og salg av egen fast eiendom","Moltemyra 16","6429","MOLDE","","","0"
"992511311","SENSACON AS","AS","","Bedriftsrådgivning og annen administrativ rådgivning","Sandvegen 9","6413","MOLDE","","www.sensacon.no","1"
"988083712","SENTER FOR KONTEKSTUELL ATFERDSVITENSKAP TRYM N JACOBSEN","ENK","","Annen undervisning ellers","Merkurvegen 5C","6419","MOLDE","","www.psykologihjelp.no","0"
"974527278","SENTERBYGG AS","AS","","Utleie av egen eller leid fast eiendom","Lyngjavegen 6","6475","MIDSUND","","","1"
"917374775","SENTRUM FRISØR SALEH SHECK HASSAN","ENK","","Frisering og barbering","Hamnegata 43","6413","MOLDE","","","1"
"977274613","SENTRUM KJØRESKOLE OVE HEGGDAL","ENK","","Undervisning ved godkjente trafikkskoler","Fabrikkvegen 7","6415","MOLDE","90 17 67 52","","0"
"996786978","SENTRUMSBYEN MOLDE AS","AS","","Utleie av egen eller leid fast eiendom","Nøisomhed","6405","MOLDE","71 20 22 00","","0"
"999118712","SENTRUMSBYGG INVEST AS","AS","","Utleie av egen eller leid fast eiendom","c/o Arnstein Misund","6475","MIDSUND","","","1"
"995689065","SENZA MISURA AS","AS","","Andre egeninvesteringsselskaper","c/o Monica Tennøy Vektergata 11","6413","MOLDE","","","0"
"988847135","SEQUIPAGE V/RAKEL SEKKENES","ENK","","Hestehold","Håkon Herdebreis veg 775","6418","SEKKEN","","","1"
"890846882","SERVICEPARTNER JARLE RØVIK","ENK","","Elektrisk installasjonsarbeid","Dvergsnes Grønnesvegen 63","6456","SKÅLA","71 24 00 33","","1"
"924865385","SES HOLDING AS","AS","","Utleie av egen eller leid fast eiendom","Måltrostvegen 10","6425","MOLDE","","","0"
"932442787","SETTEM FREELANCE","ENK","","Oversettelses- og tolkevirksomhet","c/o Harald Settem Bokfinkvegen 15B","6425","MOLDE","","","0"
"984721048","SETTEM MASKIN","ENK","","Konsulentvirksomhet tilknyttet informasjonsteknologi og forvaltning og drift av it-systemer","Trollpilvegen 168","6457","BOLSØYA","","","0"
"929062523","SG BRØYTESERVICE SIVERT GLÆRUM","ENK","","Annen rengjøringsvirksomhet og snømåking","Åsagardvegen 98","6460","EIDSVÅG I ROMSDAL","","","0"
"937187386","SG13 HOLDING AS","AS","","Uoppgitt","Snarvegen 4","6414","MOLDE","","","1"
"989007602","SH FINANS AS","AS","","Andre egeninvesteringsselskaper","v/Stein Helge Øverland Solbakken 37","6429","MOLDE","","","0"
"993040266","SH-HOLDING AS","AS","","Kjøp og salg av egen fast eiendom","","6450","HJELSET","","","0"
"888980172","SHAN AS","AS","","Andre egeninvesteringsselskaper","Frænavegen 68","6415","MOLDE","71 25 32 32","","0"
"923808167","SHM EIENDOM AS","AS","","Utleie av egen eller leid fast eiendom","Kometvegen 7B","6419","MOLDE","","","1"
"812193082","SHM SOLUTIONS AS","AS","","All annen faglig, vitenskapelig og teknisk virksomhet ikke nevnt annet sted","Kometvegen 9","6419","MOLDE","","www.shmsolutions.no","1"
"926157906","SHØ HOLDING AS","AS","","Uoppgitt","Nesjevegen 56","6456","SKÅLA","","","0"
"937195664","SIBE HOLDING AS","AS","","Uoppgitt","Kåre Solhjells veg 4","6415","MOLDE","","","1"
"914549892","SIBRU INVEST AS","AS","","Utleie av egen eller leid fast eiendom","Reknesvegen 15","6413","MOLDE","","","0"
"997922972","SICO INVEST AS","AS","","Utleie av egen eller leid fast eiendom","Forhjellen 27B","6411","MOLDE","","","0"
"920665403","SIDDIQI","ENK","","Allmennlegetjenester","Kløversvingen 4","6423","MOLDE","","","0"
"936652158","SIDDIQUI AS","AS","","Allmennlegetjenester","Kløversvingen 4","6423","MOLDE","","","1"
"919891661","SIGMUND LØNSET","ENK","","Byggeteknisk konsulentvirksomhet","Nøisomhedvegen 11D","6416","MOLDE","","","0"
"828637282","SIGNE LAUVRAK HENG OG SLENG","ENK","","Undervisning innenfor idrett og rekreasjon","Grasskaret 10","6429","MOLDE","","","1"
"991115617","SIGNE STRANDEN NORDBY","ENK","","Allmennlegetjenester","Julsundvegen 2","6412","MOLDE","","","1"
"981309685","SIGRID TJELLE LUND","ENK","","Avvirkning","Tjelle Ranvikvegen 35","6460","EIDSVÅG I ROMSDAL","71 23 25 81","","1"
"927559587","SIGURD SKJØLBERG","ENK","","Annen undervisning ellers","Årølivegen 3C","6421","MOLDE","","","0"
"987219483","SILJE GJETØY  FØRDE","ENK","","Drift av restauranter","Moldegårdsvegen 7","6415","MOLDE","71 25 55 22","","0"
"937683316","SILJE GJETØY FØRDE HOLDING AS","AS","","Uoppgitt","Moldegårdsvegen 7","6415","MOLDE","","","1"
"888174222","SILJE HAGEN","ENK","","Utøvende kunstnerisk virksomhet og underholdningsvirksomhet innenfor musikk","Vestre Plassveg 7","6415","MOLDE","","","1"
"999020739","SILKE NOVA SERVICE","ENK","","Rengjøring av bygninger","Øverlandsvegen 24","6416","MOLDE","","","1"
"913380576","SILKE'S VELVÆRE AS","AS","","Aktiviteter i dagspa, badstue og dampbad","Lingedalsvegen 6","6415","MOLDE","","","1"
"937178964","SILSET GÅRD & SERVICE","ENK","","Sauehold","Åsagardvegen 140","6460","EIDSVÅG I ROMSDAL","","","1"
"830322302","SILSET SOLUTIONS","ENK","","Innsamling av ikke-farlig avfall","Øverbygda 359","6450","HJELSET","","","1"
"936896855","SILSETH SKRIVERIER","ENK","","Skapende kunstnerisk virksomhet innenfor litteratur","Fagerlivegen 47C","6414","MOLDE","","","1"
"834900122","SILVER ENGROS AS","AS","7","Engroshandel med fisk, skalldyr og bløtdyr","Sjøvikvegen 55","6475","MIDSUND","","","1"
"998989248","SILVER SEAFOOD AS","AS","28","Engroshandel med fisk, skalldyr og bløtdyr","Sjøvikvegen 55","6475","MIDSUND","","www.silverseafood.no","2"
"931477471","SIMEN GJØDVAD LIA","ENK","","Annen undervisning innenfor kultur","Strandheimvegen 4A","6410","MOLDE","","","0"
"817323022","SIMEN HØYEM MUSIKK","ENK","","Utøvende kunstnerisk virksomhet og underholdningsvirksomhet innenfor musikk","Solbakken 38","6429","MOLDE","","","0"
"936539521","SIMONSEN INTERIØR","ENK","","Detaljhandel med innredningsartikler ikke nevnt annet sted","Strandgata 14","6415","MOLDE","","","1"
"918901256","SINA FISKE STORMYR","ENK","","Forebyggende helsearbeid","Fannebakken 8","6423","MOLDE","","","0"
"923007105","SINDRE DAHL MEDIAAS","ENK","","Allmennlegetjenester","Nedre Engan 1","6450","HJELSET","","","0"
"921195613","SINDRE KOLBJØRNSGARD PHOTOGRAPHY","ENK","","Fotografvirksomhet","Fagerlivegen 24","6413","MOLDE","","","1"
"919609567","SINDRE SÆTRE LEGETJENESTER","ENK","","Allmennlegetjenester","Sørstien 41","6411","MOLDE","","","1"
"925380415","SINGSTAD ANALYTICS","ENK","","Konsulentvirksomhet tilknyttet informasjonsteknologi og forvaltning og drift av it-systemer","Einar O. Bergs veg 12","6423","MOLDE","","","1"
"936606644","SINO-NORDIC GREENTECH XUE ENK","ENK","","Engroshandel med maskiner og utstyr ellers","Nils Hertzbergs veg 12A","6413","MOLDE","","","1"
"922122369","SION MOLDE AS","AS","","Utleie av egen eller leid fast eiendom","Kometvegen 7","6419","MOLDE","","","0"
"920130402","SIRA GÅRD VED PAULA MYRVANG DYRØY","ENK","","Utleie av egen eller leid fast eiendom","Naustevegen 39","6470","ERESFJORD","","","1"
"977390079","SIRAMOEN FISKEVILLA AS","AS","9","Utleie av egen eller leid fast eiendom","Sira","6470","ERESFJORD","71 23 41 00","","1"
"936022413","SIRAREITEN SIRA","ENK","","Sauehold","Torhusvegen 31","6470","ERESFJORD","","","1"
"921163274","SIREN HOLDING AS","AS","","Skjønnhetspleie","Gideonvegen 1","6412","MOLDE","","","1"
"919662638","SISSEL HØGSET EDVARDSEN","ENK","","Avvirkning","Vardnesvegen 120","6475","MIDSUND","","","0"
"829054442","SITJE JOHNSEN","ENK","","Annen undervisning ellers","Ranesvegen 63","6456","SKÅLA","","","1"
"998383366","SIV.ING OLAV STRAND","ENK","","Byggeteknisk konsulentvirksomhet","Fjellskaret 29B","6416","MOLDE","","","0"
"829132222","SIVASHARMILAN SIVANESAN","ENK","","Allmennlegetjenester","Glomstuvegen 2G","6412","MOLDE","","","0"
"875724282","SIVERT KVERNBERG","ENK","","Sauehold","Smedrøsta Rødstrandvegen 208","6460","EIDSVÅG I ROMSDAL","","","0"
"931470566","SIVERTVEIEN SAUNA & CIDER AS","AS","","Utvikling og salg av byggeprosjekter","Sivertvegen 9","6414","MOLDE","","","1"
"989501437","SIVILINGENIØR GJESTAD AS","AS","","Annen teknisk konsulentvirksomhet","Hovdenakvågen 28","6456","SKÅLA","","","1"
"974358794","SIVILINGENIØR TOR KOLBERG AS","AS","","Dataprogrammeringstjenester","Parkvegen 62","6412","MOLDE","71256473","","1"
"985223610","SIVILØKONOM THOMAS FINNØY","ENK","","Bedriftsrådgivning og annen administrativ rådgivning","c/o Thomas Finnøy Mali Furunes veg 2","6414","MOLDE","71 20 00 72","","0"
"912074862","SJARM FRISØR ANNE GRETE GJERDE","ENK","","Frisering og barbering","Storgata 9","6413","MOLDE","","","1"
"989116789","SJS HOLDING AS","AS","","Andre egeninvesteringsselskaper","Myrabakken 1","6413","MOLDE","","","0"
"997553101","SJURGARDEN MARIE TEIGLAND","ENK","","Avvirkning","Sjurstua Rødvegen 11","6460","EIDSVÅG I ROMSDAL","","","0"
"938028788","SJURSTUA SIMONE TESSA","ENK","","Oppdrett av annet storfe til kjøttproduksjon og sædproduksjon","Sjurstua Rødvegen 11","6460","EIDSVÅG I ROMSDAL","","","1"
"928067440","SJØ AKVA AS","AS","","Utleie og leasing av sjøtransportmateriell","Sjøvikvegen 67","6475","MIDSUND","","","0"
"921223269","SJØBÅT AS","AS","","Fiske og fangst i sjø","Fannebakken 30","6423","MOLDE","","","1"
"933406245","SJØFRONTEN BYGG OG BETONG AS","AS","","Byggeteknisk konsulentvirksomhet","Myrvegen 27","6421","MOLDE","","","1"
"922709262","SJØFRONTEN HOLDING AS","AS","","Drift av restauranter","Fjordgata 3","6413","MOLDE","","","0"
"913353099","SJØFRONTEN MOLDE AS","AS","","Utleie av egen eller leid fast eiendom","Strandgata 10B","6415","MOLDE","","","1"
"931643827","SJØFRONTEN TANNKLINIKK AS","AS","","Tannlegetjenester","Torget 1","6413","MOLDE","","","1"
"936935761","SJØGLØD AS","AS","","Drift av restauranter","Hamnegata 39","6413","MOLDE","","","1"
"919640693","SJØHAMRE EIENDOM AS","AS","","Utleie av egen eller leid fast eiendom","C/O Espen Hamre Årølivegen 7","6421","MOLDE","","","1"
"922561672","SJØHAMRE EIENDOM KSU AS","AS","","Utleie av egen eller leid fast eiendom","C/O Espen Hamre Årølivegen 7","6421","MOLDE","","","1"
"997242726","SJØSTERK KAPITAL AS","AS","","Fiske og fangst i sjø","Fannebakken 30","6423","MOLDE","95 20 38 69","","0"
"929689429","SJØVIK AFRIKA AS","AS","","Fiske og fangst i sjø","Sjøvikvegen 67","6475","MIDSUND","71 27 02 00","","0"
"942932049","SJØVIK EIENDOM AS","AS","","Utleie av egen eller leid fast eiendom","Sjøvikvegen 67","6475","MIDSUND","+4771270200","","1"
"920513689","SJØVIKANLEGGET AS","AS","","Utleie av egen eller leid fast eiendom","Sjøvikvegen 67","6475","MIDSUND","71 27 02 00","","1"
"980995194","SJØVIKTRÅL AS","AS","5","Fiske og fangst i sjø","Sjøvikvegen 67","6475","MIDSUND","71 27 02 00","","1"
"935075424","SK ANLEGGSERVICE AS","AS","","Grunnarbeid","c/o Henrik Smistad Røvikhagen 25","6456","SKÅLA","","","1"
"889092572","SKA INVEST AS","AS","","Bedriftsrådgivning og annen administrativ rådgivning","Buråsvegen 6","6475","MIDSUND","","","1"
"918926283","SKARET SPORT AS","AS","","Engroshandel med andre husholdningsvarer","c/o June Aaram Vestavik Hjellmyrnakken 30","6429","MOLDE","","","1"
"935752906","SKARPE SAKER CHEVET-WOLLAN","ENK","","Reparasjon og vedlikehold av husholdningsvarer og hageredskaper","Bolsøyvegen 14","6415","MOLDE","","","1"
"918995366","SKARSBØ MEKANISKE","ENK","","Bearbeiding av metaller","Saksegjerdet 16","6456","SKÅLA","","","0"
"937022174","SKARVOY AS","AS","","Uoppgitt","Raumavegen 11","6410","MOLDE","","","1"
"934522656","SKAUFART AS","AS","","Elektrisk installasjonsarbeid","Verftsgata 8","6416","MOLDE","","","1"
"960844971","SKEIDAR MOLDE AS","AS","8","Detaljhandel med møbler, gjelder også madrasser","Birger Hatlebakks veg 7","6415","MOLDE","64 98 74 50","","1"
"931768336","SKEIDE CONSULT","ENK","","Annen teknisk konsulentvirksomhet","Julsundvegen 83","6412","MOLDE","","","1"
"934177045","SKIFERTAK AS","AS","13","Oppføring av bygninger","Kråkholmvegen 8","6460","EIDSVÅG I ROMSDAL","","","1"
"934936523","SKILT / DEKOR AS","AS","","Uspesifisert engroshandel","Fannestrandvegen 53","6415","MOLDE","","","1"
"935749956","SKILTMAKERN AS","AS","","Produksjon av andre metallvarer ikke nevnt annet sted","Amtmann Hammers veg 22","6413","MOLDE","","","1"
"922159416","SKIN CLINIC MOLDE AS","AS","5","Andre helsetjenester ellers","Myrabakken 2","6413","MOLDE","","","1"
"924471816","SKJEVIK BILSERVICE EINAR HÅSETH","ENK","","Reparasjon og vedlikehold av motorvogner","Baklivegen 1","6450","HJELSET","","","1"
"925637653","SKJEVIK EIENDOM AS","AS","","Utvikling og salg av byggeprosjekter","Årøsetervegen 19","6422","MOLDE","","","1"
"912640868","SKJEVIK TAXI OG LEIEKJØRING","ENK","","Passasjertransport på forespørsel utført av fører med kjøretøy","Kåre Solhjells veg 2","6415","MOLDE","","","1"
"914148871","SKJEVIKA UTVIKLING AS","AS","","Utvikling og salg av byggeprosjekter","Hjellmyrnakken 30","6429","MOLDE","","","0"
"923130713","SKJÆRSET HLR KURS","ENK","","Annen undervisning ellers","Gjerdhaugvegen 18","6425","MOLDE","","","0"
"922864454","SKJØNNHET AV A. PECIULE","ENK","","Skjønnhetspleie","Skogvegen 3B","6415","MOLDE","","","1"
"916557639","SKJØRSÆTHER LYD","ENK","","Andre tjenester tilknyttet kunstnerisk virksomhet og underholdningsvirksomhet","Nesbakken 6","6453","KLEIVE","","","1"
"928794652","SKOGBY EIENDOM AS","AS","","Uoppgitt","Fannefjordsvegen 765","6421","MOLDE","","","0"
"989161237","SKOGLIEN INVEST AS","AS","","Trykking ellers","Skoglia 8","6421","MOLDE","","","0"
"922268649","SKOGVOLL BYGDE SERVICE MARTIN SKOGVOLL OPSTAD","ENK","","Melkeproduksjon på storfe og oppdrett av melkekyr","Midøyvegen 841","6475","MIDSUND","","","1"
"934601025","SKOGVOLL OPSTAD DRIFT","ENK","","Utleie og leasing av bygge- og anleggsmaskiner og -utstyr","Innsidevegen 930","6475","MIDSUND","","","1"
"977563208","SKOLEHVERDAGEN FORLAG DA","DA","","Utgivelsesvirksomhet ellers, unntatt utgivelse av programvare","Ravnebakken 19","6425","MOLDE","71 21 09 27","","0"
"930774227","SKORGEN INVEST AS","AS","","Uoppgitt","c/o Frank Skorgen Sagvegen 6","6412","MOLDE","","","0"
"921242379","SKORGEN MEDIA","ENK","","Reklamebyråvirksomhet","Nøisomhedvegen 55","6419","MOLDE","","","0"
"914195055","SKOTHEIM AS","AS","","Engroshandel med maskinverktøy","Sirivegen 35","6411","MOLDE","","","1"
"817615902","SKOTHEIMSVIK TAR UTFORDRINGEN I HAGE OG HUS","ENK","","Andre personlige tjenester ikke nevnt annet sted","Huflakvegen 5","6421","MOLDE","","","1"
"921642520","SKRIVARHAUG","ENK","","Etterarbeid knyttet til produksjon av film, video og fjernsynsprogrammer","Birkelandvegen 41E","6416","MOLDE","","","0"
"912541894","SKRIVELOFTET SYNNØVE MARGRETHE HAGA","ENK","","Skapende kunstnerisk virksomhet innenfor litteratur","Bjørnebæråsen 4","6429","MOLDE","","","1"
"895698962","SKRUBBETEIGEN AS","AS","","Utleie av egen eller leid fast eiendom","c/o Helge Rønning","6418","SEKKEN","","","0"
"817793932","SKS SECURITY AS","AS","23","Etterforskningstjenester og private vakttjenester","Fannefjordsvegen 449","6421","MOLDE","","","1"
"923116168","SKUESPILLER LMR LARS MELSÆTER RYDJORD","ENK","","Utøvende kunstnerisk virksomhet og underholdningsvirksomhet innenfor scenekunst","Fannestrandvegen 16","6415","MOLDE","","","0"
"917379505","SKY CONSULTING AS","AS","","Dataprogrammeringstjenester","Grandfjæra 28","6415","MOLDE","","","1"
"830154612","SKY IG AS","AS","","Dataprogrammeringstjenester","Lergrovikvegen 2","6419","MOLDE","","","0"
"920809847","SKY SPA THAI MASSASJE NITTANA KITKONG","ENK","","Aktiviteter i dagspa, badstue og dampbad","Frænavegen 3","6415","MOLDE","","","1"
"950899646","SKYCOM24 AS","AS","","Bedriftsrådgivning og annen administrativ rådgivning","Kråkholmvegen 8","6460","EIDSVÅG I ROMSDAL","71232478","www.skycom24.com","1"
"835951022","SKYFALL BRANDS AS","AS","","Reklamebyråvirksomhet","Boråsvegen 62B","6415","MOLDE","","","1"
"920568076","SKÅLA AUTO AS","AS","5","Reparasjon og vedlikehold av motorvogner","Hovdenakvågen 16","6456","SKÅLA","","","1"
"989783408","SKÅLA BÆR AS","AS","","Dyrking av kjernefrukter og steinfrukter","c/o Andreas Torhus","6457","BOLSØYA","","","1"
"932440040","SKÅLA EIENDOM AS","AS","","Utleie av egen eller leid fast eiendom","Kaptein Dreyers veg 1","6456","SKÅLA","","","1"
"911843234","SKAAR ENGINEERING AS","AS","","Utleie av egen eller leid fast eiendom","Fuglsetvegen 13","6415","MOLDE","95 72 12 33","","1"
"914871166","SKÅREN ELEKTRO","ENK","","Elektrisk installasjonsarbeid","Kubergvegen 6","6462","RAUDSAND","","","1"
"995656817","SLAGVERKER ORVIK","ENK","","Annen undervisning innenfor kultur","Stuttnesvegen 52","6475","MIDSUND","","","1"
"929476352","SLEMMEN AS","AS","","Grunnarbeid","Fannestrandvegen 128","6419","MOLDE","","","1"
"929988493","SLEMMEN MULTISERVICE","ENK","","Reparasjon og vedlikehold av maskiner","Ljøstaråket 4","6460","EIDSVÅG I ROMSDAL","","","1"
"829867532","SLENES","ENK","","Detaljhandel med elektriske husholdningsapparater","Frænavegen 44","6415","MOLDE","","","1"
"931676024","SLETTA EIENDOM AS","AS","","Utleie av egen eller leid fast eiendom","Midøyvegen 322","6475","MIDSUND","","","1"
"827657662","SLETTFJERDING GÅRD","ENK","","Drift av vandrerhjem og ferieleiligheter","Langfjordsstranda 1264","6363","MITTET","","","0"
"934436296","SM OLSZEWSKI","ENK","","Annen teknisk konsulentvirksomhet","Granlia 5B","6429","MOLDE","","","1"
"925758159","SMALTZ AS","AS","","Uoppgitt","c/o Thomas Zenk Magerøyvegen 86","6475","MIDSUND","","","0"
"933415724","SMAPP AS","AS","","Engroshandel med andre husholdningsvarer","Lergrovikvegen 8","6419","MOLDE","","","1"
"927089882","SMART-RENHOLD OG VEDLIKEHOLD AS","AS","19","Oppføring av bygninger","Julsundvegen 2B","6412","MOLDE","","","1"
"971171650","SMED EIENDOM ANS","ANS","","","Nedre Liedgardsveg 15","6460","EIDSVÅG I ROMSDAL","","","0"
"976035356","SMED INVEST AS","AS","","Kjøp og salg av egen fast eiendom","Nedre Liedgardsveg 15","6460","EIDSVÅG I ROMSDAL","","","1"
"913705912","SMILE AS","AS","14","Drift av restauranter","Hamnegata 35","6413","MOLDE","","www.smile-molde.no","1"
"927699559","SMILE SORRISO AS","AS","","Detaljhandel med bredt vareutvalg med hovedvekt på nærings- og nytelsesmidler","Torget 2","6413","MOLDE","","www.smile-sorriso.no","1"
"927576376","SMISTAD DAHLE MASKIN","ENK","","Grunnarbeid","Røvikhagen 25","6456","SKÅLA","","","1"
"923098542","SMIÅ INVEST AS","AS","","Utvikling og salg av byggeprosjekter","Breivikvegen 9","6475","MIDSUND","","","1"
"927410710","SMØRDAL ENK","ENK","","Dataprogrammeringstjenester","Gamlevegen 9","6423","MOLDE","","","1"
"931843249","SMØRDAL INVESTMENTS AS","AS","","Reklamebyråvirksomhet","Fasanvegen 8","6416","MOLDE","","","0"
"919343710","SMÅ BYGG JAROSLAW MINCEWICZ","ENK","","Snekkerarbeid","Bakkevegen 2","6475","MIDSUND","","","1"
"920732399","SMÅGE RIM & RYTMER","ENK","","Produksjon og utgivelse av musikk- og lydopptak","Årømyran 29A","6421","MOLDE","","","0"
"835216802","SMÅGE TRADING CONSULT","ENK","","Annen virksomhet for distribuering av innhold","Gartnerivegen 3","6413","MOLDE","","","1"
"937138776","SN2 HOLDING AS","AS","","Uoppgitt","Solvegen 3","6419","MOLDE","","","1"
"825520422","SNARBY LABS","ENK","","Konsulentvirksomhet tilknyttet informasjonsteknologi og forvaltning og drift av it-systemer","Jordbærvegen 4","6421","MOLDE","","","0"
"982500303","SNEKKER EDVIN OPSTAD","ENK","","Snekkerarbeid","Faret 7","6423","MOLDE","71 21 28 34","","0"
"918902392","SNEKKER PER OTTOSSON","ENK","","Snekkerarbeid","c/o Reidar Heggdal Innsidevegen 1372","6475","MIDSUND","","","0"
"915573096","SNEKKER SERVICE NAURIS VALULIS","ENK","","Annen spesialisert bygge- og anleggsvirksomhet ikke nevnt annet sted","Skogvegen 29","6415","MOLDE","","","0"
"996501248","SNEKKER-TEAM AS","AS","10","Oppføring av bygninger","Årøsetervegen 35","6422","MOLDE","","www.snekker-team.no","1"
"930165271","SNEKKERI & DESIGN AS","AS","","Produksjon av møbler","Tellusvegen 3B","6419","MOLDE","","","1"
"828798952","SNIKKAR HOVLAND AS","AS","","Oppføring av bygninger","Ingrids veg 2","6429","MOLDE","","","1"
"875786172","SNOS MOLDE AS","AS","","Detaljhandel med skotøy og lærvarer","Bagorama Roseby Lingedalsvegen 6","6415","MOLDE","","bagorama.no","1"
"934409477","SNØHETTA REGNSKAP MOLDE AS","AS","6","Regnskapsføring og bokføring","Grandfjæra 22C","6415","MOLDE","61 21 50 50","www.snohettaregnskap.no","1"
"835606392","SNÖTIND AS","AS","","Annen teknisk konsulentvirksomhet","Sivertvegen 18","6414","MOLDE","","","1"
"894155302","SODI MUSIC Mats Nerli","ENK","","Utøvende kunstnerisk virksomhet og underholdningsvirksomhet innenfor musikk","Åbakkvegen 4","6453","KLEIVE","","","1"
"935782775","SOFIE TEIGLAND","ENK","","Produksjon av næringsmidler ikke nevnt annet sted","Sjurstua Rødvegen 11","6460","EIDSVÅG I ROMSDAL","","","1"
"917495440","SOFIE THINGNÆS SAGLI - KIROPRAKTIKK","ENK","","Aktiviteter innenfor tradisjonell, komplementær og alternativ medisin","Bregnelia 13","6429","MOLDE","","","1"
"970341218","SOL & KALLES RÅDGIVNING SOLFRID HAUG WELLE","ENK","","Bedriftsrådgivning og annen administrativ rådgivning","Storgata 6","6413","MOLDE","71202880","sol-kalle.no","1"
"911688247","SOL SOLHOLM","ENK","","Annen undervisning innenfor kultur","Gjerdhaugvegen 56B","6425","MOLDE","","","0"
"930832464","SOL VERITAS HOLDINGS AS","AS","","Dataprogrammeringstjenester","Krohnsvingen 6A","6421","MOLDE","","","1"
"982575907","SOLARIS B AS","AS","","Engroshandel med apotekvarer og medisinske varer","Bjønnan 15","6410","MOLDE","","","1"
"937953062","SOLARUM HOLDING AS","AS","","Uoppgitt","Brattlivegen 15B","6412","MOLDE","","","1"
"938054835","SOLARUM LABS AS","AS","","Dataprogrammeringstjenester","Brattlivegen 15B","6412","MOLDE","","","0"
"919473649","SOLBERG BLÅSETEKNIKK","ENK","","Bearbeiding av metaller","Lyngvegen 7B","6429","MOLDE","","","1"
"930617466","SOLBERG PÅGARA","ENK","","Annet fjørfehold","Orvikvegen 91","6475","MIDSUND","","","0"
"999262503","SOLBJØRHAUGEN AS","AS","","Andre egeninvesteringsselskaper","c/o Arne Botten","6460","EIDSVÅG I ROMSDAL","","","0"
"982746841","SOLEMDAL BILSERVICE Jarle Gjerde","ENK","","Reparasjon og vedlikehold av motorvogner","Talsetbakken 51","6456","SKÅLA","","","1"
"977570115","SOLEMDAL SAMDRIFT ANS","ANS","","Melkeproduksjon på storfe og oppdrett av melkekyr","Solemdal","6456","SKÅLA","","","0"
"927426668","SOLEMDAL SKOGBRUK","ENK","","Avvirkning","Solemdalvegen 28","6456","SKÅLA","","","1"
"913069188","SOLEMDALSGJERDE GÅRD","ENK","","Geitehold","Solemdalvegen 106","6456","SKÅLA","","","1"
"951639109","SOLEMS SELSKAP & CATERING","ENK","21","Catering for arrangementer","Per Amdams veg 1B","6413","MOLDE","71 21 55 57","","1"
"916059000","SOLHJELL SERVICE AS","AS","","Reparasjon og vedlikehold av maskiner","Rabben 10","6421","MOLDE","","","1"
"929716892","SOLLI - BAKKEN GÅRD","ENK","","Oppdrett av annet storfe til kjøttproduksjon og sædproduksjon","Øvre Krohnstad veg 30","6421","MOLDE","","","1"
"926693379","SOLLI NG","ENK","","Bedriftsrådgivning og annen administrativ rådgivning","Margareta Dahls gate 54","6413","MOLDE","","","1"
"969840979","SOLLI ØYSTEIN","ENK","","Oppdrett av annet storfe til kjøttproduksjon og sædproduksjon","Bakken Gardvegen 42","6450","HJELSET","","","0"
"985376638","SOLSTRAND BOLIGER AS","AS","","Oppføring av bygninger","Årømyran 31E","6421","MOLDE","71 21 97 90","","1"
"984788746","SOLSTRAND BOLIGER BYGG AS","AS","20","Oppføring av bygninger","Årømyran 31E","6421","MOLDE","71 21 97 90","","1"
"968532812","SOLSTRAND BOLIGER EIENDOM AS","AS","","Kjøp og salg av egen fast eiendom","Skoglia 10","6421","MOLDE","71 21 97 90","","1"
"926564188","SOLSTRAND FJORD HOLIDAY LANGSET","ENK","","Drift av vandrerhjem og ferieleiligheter","Eidsvågvegen 120","6460","EIDSVÅG I ROMSDAL","","solstrandholiday.com","1"
"988951455","SOLSTRAND GRUPPEN AS","AS","","Oppføring av bygninger","Årømyran 31E","6421","MOLDE","","","1"
"998579805","SOLSTRAND NÆRINGSEIENDOM AS","AS","","Oppføring av bygninger","Årømyran 31E","6421","MOLDE","90 11 97 90","","1"
"918109811","SOLVAT HELSE SOLFRID VATNE","ENK","","Annen undervisning ellers","Parkvegen 56C","6412","MOLDE","","","0"
"923373101","SOLVEIG SILSET BERG","ENK","","Dyrking av grønnsaker, meloner, rot- og knollvekster","Øverbygda 125","6450","HJELSET","","","1"
"921897022","SOLVEIG WATN","ENK","","Bedriftsrådgivning og annen administrativ rådgivning","Rødstrupevegen 16","6425","MOLDE","","","1"
"995855453","SOLØR BYGGSERVICE Frode Vålbekk","ENK","","Oppføring av bygninger","Granlia 9","6429","MOLDE","","","1"
"995803259","SONDRE FERSTAD","ENK","","Utøvende kunstnerisk virksomhet og underholdningsvirksomhet innenfor musikk","Øvre veg 10C","6413","MOLDE","","","1"
"989010670","SOPATH AS","AS","","Kombinerte tjenester tilknyttet eiendomsdrift","Fuglsetvegen 3B","6415","MOLDE","","","1"
"934830229","SOTNAKK BYGGSERVICE","ENK","","Snekkerarbeid","Boråsvegen 40","6415","MOLDE","","","1"
"917723729","SOUND STORY AS","AS","","Produksjon av film, video og fjernsynsprogrammer","Bjørkfinkvegen 21","6425","MOLDE","","","0"
"996257134","SOUNDBASE AS","AS","","Andre tjenester tilknyttet kunstnerisk virksomhet og underholdningsvirksomhet","Fannestrandvegen 10","6415","MOLDE","","www.soundbase.no","1"
"942705670","SP INVEST AS","AS","","Utleie av egen eller leid fast eiendom","Øverbøen 22","6411","MOLDE","","","0"
"991687653","SPEIRA RECYCLING SERVICES NORWAY AS","AS","76","Produksjon av aluminium","Rød","6460","EIDSVÅG I ROMSDAL","71 23 10 00","","2"
"999552234","SPES BONA AS","AS","","Bedriftsrådgivning og annen administrativ rådgivning","Frænavegen 112","6416","MOLDE","","","1"
"819718512","SPIRIT TRENING AS","AS","","Treningssentervirksomhet","Fannestrandvegen 72","6416","MOLDE","","","1"
"991256873","SPOK AS","AS","8","Engroshandel med informasjons- og kommunikasjonsteknologiutstyr","Årøsetervegen 25","6422","MOLDE","46 98 44 44","www.spok.no","1"
"921975279","SPORSHEIMS FISKEFERIE","ENK","","Drift av vandrerhjem og ferieleiligheter","Naustbakken 9A","6416","MOLDE","","","1"
"888177302","SPORT1 MOLDE AS","AS","12","Detaljhandel med sportsvarer","Lingedalsvegen 9","6415","MOLDE","71 21 34 00","","1"
"932919311","SPORTSBAREN MOLDE AS","AS","36","Drift av restauranter","Storgata 9","6413","MOLDE","","","1"
"987266201","SPORTSWEAR HOLDING AS","AS","","Leasing av immateriell eiendom og lignende produkter, unntatt opphavsrettsbeskyttede verker","c/o Kurt Aaram Sollivegen 78","6414","MOLDE","69 81 83 55","","1"
"918756345","SSC HOLDING AS","AS","","Reparasjon og vedlikehold av sivile skip og båter","Gammelseterlia 5","6422","MOLDE","","","0"
"936351611","SSO AS","AS","","Uoppgitt","Gaupevegen 3","6425","MOLDE","","","1"
"924966033","STADEN HØGSETH","ENK","","Detaljhandel med kosmetikk og toalettartikler","Hjellmyra 1A","6429","MOLDE","","","0"
"925200514","STADEN INTERØR & DETALJER SLENES","ENK","","Detaljhandel med bredt vareutvalg ellers","c/o Sigurd Hestad Langmyrvegen 67B","6415","MOLDE","","","0"
"979278853","STADION EIENDOM AS","AS","","Utleie av egen eller leid fast eiendom","Julsundvegen 14","6412","MOLDE","71 20 25 00","","1"
"966350873","STAKVIK GRAVING OG TRANSPORT","ENK","","Godstransport på vei","Jordbærvegen 31","6421","MOLDE","","","0"
"931147706","STALL DREAM TEAM VIGDIS THERESE HALTVIK","ENK","","Tjenester tilknyttet husdyrhold","Raudsandvegen 396","6462","RAUDSAND","","","0"
"993919284","STALL RYDNINGEN HEST OG MUSIKK VED GURO HOEM","ENK","","Undervisning innenfor idrett og rekreasjon","Boggestranda 372","6460","EIDSVÅG I ROMSDAL","71 23 43 28","","1"
"914798213","STALL TOLLSKOGAN V/JULIA HAMMERØ","ENK","","Tjenester tilknyttet husdyrhold","Øverbygda 187","6450","HJELSET","","","1"
"915736777","STATSAUTORISERT TRANSLATØR AIDA HEIMEN","ENK","","Oversettelses- og tolkevirksomhet","Bjørnebakken 13","6421","MOLDE","","","0"
"836092732","STAURSET 3D-VISUALISERING","ENK","","Annen spesialisert designvirksomhet","Ekornbakken 29","6425","MOLDE","","","1"
"925400661","STAURSETH BASSELUSKER","ENK","","Utøvende kunstnerisk virksomhet og underholdningsvirksomhet innenfor musikk","Vårbekkvegen 1","6450","HJELSET","","","0"
"995124653","STAVIK FRITID","ENK","","Detaljhandel med sportsvarer","Mali Furunes veg 3","6414","MOLDE","22 61 10 40","","0"
"929097157","STEDJE TEKNIKK AS","AS","","Uoppgitt","c/o Håvard Stedje Hansen Skolevegen 14","6410","MOLDE","","","0"
"923033319","STEEN DONKRAFT","ENK","","Detaljhandel med jernvarer, byggevarer, fargevarer og glass","c/o Mikkel Steen Arnes veg 8A","6429","MOLDE","","","0"
"969133059","STEEN YNGVE M/S MARIE STEEN","ENK","","Utleie av arbeidskraft og andre personaladministrative tjenester","Bergmovegen 4","6419","MOLDE","","","1"
"834783312","STEFFENSSEN TJELLE LANGLIA FJELLGARD","ENK","","Sauehold","Grøndalsvegen 297","6453","KLEIVE","","","1"
"934256905","STEIN HÅKON THOMASSEN","ENK","","Dyrking av grønnsaker, meloner, rot- og knollvekster","Fannefjordsvegen 1133","6450","HJELSET","","","1"
"879149002","STEIN IVAR BJERKELI","ENK","","Sauehold","Langevegen 157","6364","VISTDAL","71 23 52 41","","1"
"820457692","STEIN KÅRE AUSTIGARD","ENK","","Dyrking av ettårige vekster ellers","Eikesdalsvegen 2234","6472","EIKESDAL","","","1"
"828202472","STEINAR ANDREAS RINDE","ENK","","Utøvende kunstnerisk virksomhet og underholdningsvirksomhet innenfor musikk","Årøråket 20","6421","MOLDE","","","0"
"980100650","STEINAR BRATSET","ENK","","Oppdrett av annet storfe til kjøttproduksjon og sædproduksjon","Kleivsetervegen 25","6453","KLEIVE","71 24 29 25","","1"
"966501103","STEINAR LILLEBAKKEN","ENK","","Materialgjenvinning","Raudsandvegen 49","6460","EIDSVÅG I ROMSDAL","71 23 10 98","","0"
"914888867","STEINAR MYKLEBUST","ENK","","Annen teknisk konsulentvirksomhet","Lønsetbakken 8","6421","MOLDE","","","1"
"935960657","STEINSLAND","ENK","","Undervisning innenfor idrett og rekreasjon","Østtorpvegen 21","6419","MOLDE","","","1"
"837259142","STELION EIENDOM AS","AS","","Kjøp og salg av egen fast eiendom","Skytarberget 4","6421","MOLDE","","","1"
"969127466","STENHOLM EINAR","ENK","","Melkeproduksjon på storfe og oppdrett av melkekyr","Bergmovegen 11B","6419","MOLDE","","","1"
"937618794","STENLØS /SMESTAD DRIFT","ENK","","Utleie av egen eller leid fast eiendom","Smestad Gussiåsvegen 304","6453","KLEIVE","","","1"
"925751855","STENSETH HANDEL AS","AS","23","Detaljhandel med bredt vareutvalg med hovedvekt på nærings- og nytelsesmidler","c/o Rema 1000 Fuglset Enenvegen 1A","6416","MOLDE","","","1"
"985385939","STEVEN VÅGSETER LANGØEN","ENK","","Avvirkning","Vågsetervegen 17","6456","SKÅLA","","","1"
"923889442","STIAN ANDRÈ SANDNES","ENK","","Oppføring av bygninger","c/o Stian Andrè Sandnes Prestegardsvegen 78","6460","EIDSVÅG I ROMSDAL","","","1"
"934557336","STIAN BERGSET","ENK","","Oppdrett av annet storfe til kjøttproduksjon og sædproduksjon","Bergset, Vistdalsvegen 1394","6364","VISTDAL","","","1"
"928789403","STIAN LIE MOEN","ENK","","Annen teknisk konsulentvirksomhet","Tore Lillebostads veg 19","6457","BOLSØYA","","","0"
"998652227","STIAN REKDAL","ENK","","Utøvende kunstnerisk virksomhet og underholdningsvirksomhet innenfor musikk","Syltebøvegen 47","6470","ERESFJORD","","","0"
"922166331","STIAN SANDEN HAGSET","ENK","","Sauehold","Innsidevegen 1227","6475","MIDSUND","","","1"
"921414463","STIANDROGSETH FOTO STIAN SVENDSEN DROGSETH","ENK","","Fotografvirksomhet","Bastian Dahls veg 6","6415","MOLDE","","","0"
"823000472","STIG DAHLE","ENK","","Produksjon av møbler","Skålavegen 1109","6456","SKÅLA","","","1"
"990501343","STIG ERLEND MORK","ENK","","Annen rengjøringsvirksomhet og snømåking","Fannefjordsvegen 1157","6450","HJELSET","","","1"
"996165132","STIG EVEN KVERNBERG","ENK","","Sauehold","Smedrøsta Rødstrandvegen 206","6460","EIDSVÅG I ROMSDAL","","","1"
"979543697","STIG AAMBØ","ENK","","Sportsaktiviteter ikke nevnt annet sted","Hjellmyrnakken 26","6429","MOLDE","71 21 32 26","","0"
"914931037","STINE KARLSEN FYSIOTERAPI OG TRENING","ENK","","Fysioterapi- og ergoterapitjenester","Tasta Senter 5.etg Tastatunet 1","4027","STAVANGER","","","0"
"923963634","STINE MELBØ","ENK","","Produksjon av film, video og fjernsynsprogrammer","Øivinds veg 8","6429","MOLDE","","","0"
"932870924","STINE MOEN NILSEN","ENK","","Undervisning innenfor idrett og rekreasjon","Kvilarvegen 22","6421","MOLDE","","","1"
"933743489","STISET INVEST AS","AS","","Uoppgitt","c/o Stine Setsaas Fjellbruvegen 13","6415","MOLDE","","","1"
"827065692","STOCO AS","AS","","Uoppgitt","c/o Storvik Holding AS Øvre veg 24","6415","MOLDE","","","0"
"832721662","STODE AS","AS","","Industri-, produkt- og motedesignvirksomhet","Brattlivegen 3","6412","MOLDE","","","0"
"934014472","STOKKE SALG OG TJENESTER","ENK","","Detaljhandel med brukte varer","Nygjerdesvingen 19","6421","MOLDE","","","1"
"912271226","STOKKVOLDJORDET AS","AS","","Eiendomsforvaltning på oppdrag","Eikremsvingen 1","6422","MOLDE","","","0"
"915673481","STOLSMO - AKUTTMEDISINSKE TJENESTER","ENK","","Andre tjenester tilknyttet undervisning ikke nevnt annet sted","Øvre Liedgardsveg 7","6460","EIDSVÅG I ROMSDAL","","","0"
"928454673","STORE GUSSIÅS GÅRD","ENK","","Dyrking av ettårige vekster ellers","Stor-Gussiåsvegen 151","6453","KLEIVE","","","1"
"917261520","STORE GUSSIÅS SKOG AS","AS","","Avvirkning","Store Gussiås","6453","KLEIVE","","","1"
"966833599","STORGATA 11 MOLDE AS","AS","","Utleie av egen eller leid fast eiendom","Storgata 9","6413","MOLDE","71 20 12 00","","1"
"989007203","STORGATA 17 A MOLDE AS","AS","","Utleie av egen eller leid fast eiendom","Fannestrandvegen 125","6419","MOLDE","71 20 22 00","","1"
"923118195","STORGATA 17B MOLDE AS","AS","","Utleie av egen eller leid fast eiendom","Fannestrandvegen 125","6419","MOLDE","","","1"
"930719870","STORGATA 21 AS","AS","","Utleie av egen eller leid fast eiendom","Storgata 21","6413","MOLDE","","","1"
"981991931","STORGATA 23 MOLDE AS","AS","","Utleie av egen eller leid fast eiendom","Fannestrandvegen 125","6419","MOLDE","71 20 22 00","","1"
"987189444","STORGATA 24 MOLDE AS","AS","","Utleie av egen eller leid fast eiendom","Nøisomhed","6405","MOLDE","71 20 22 00","","1"
"929059999","STORGATA 32 MOLDE AS","AS","","Utleie av egen eller leid fast eiendom","c/o Bakeriet Eiendom AS Torget 1","6413","MOLDE","","","1"
"934207300","Storgata 35 AS","AS","","Utleie av egen eller leid fast eiendom","Storgata 35","6413","MOLDE","71 25 10 22","","1"
"990242933","STORGATA 4 MOLDE AS","AS","","Utleie av egen eller leid fast eiendom","Storgata 4","6413","MOLDE","71 20 66 30","","0"
"936802524","STORGATA 45 MOLDE AS","AS","","Utleie av egen eller leid fast eiendom","Storgata 45","6413","MOLDE","","","1"
"957584195","STORGATA 46 MOLDE AS","AS","","Utleie av egen eller leid fast eiendom","Fannestrandvegen 125","6419","MOLDE","71 20 22 40","","1"
"995778262","STORGATA 50 MOLDE AS","AS","","Utleie av egen eller leid fast eiendom","Fannestrandvegen 125","6419","MOLDE","71 20 22 40","www.angvik-eiendom.no","1"
"987868449","STORGATA 52 MOLDE AS","AS","","Utleie av egen eller leid fast eiendom","Storgata 52","6413","MOLDE","","","1"
"995700700","STORGATA 6 MOLDE AS","AS","","Utleie av egen eller leid fast eiendom","Storgata 6","6413","MOLDE","","","1"
"996576574","STORGATA KIOSK AS","AS","6","Detaljhandel med bredt vareutvalg med hovedvekt på nærings- og nytelsesmidler","Storgata 11","6413","MOLDE","","","1"
"933500756","STORGATEN 28 AS","AS","","Utleie av egen eller leid fast eiendom","Torget 2","6413","MOLDE","71 25 02 50","","1"
"954236749","STORGT 16-18-20 ANS","ANS","","Utleie av egen eller leid fast eiendom","Fløtmannsgata 2","6413","MOLDE","71 21 46 00","","0"
"991441433","STORGT 16-18-20 AS","AS","","Utleie av egen eller leid fast eiendom","Fløtmannsgata 2","6413","MOLDE","","","1"
"951884820","STORGT 22 ANS","ANS","","","Nøisomhed Fannestrandvegen 125","6419","MOLDE","","","0"
"990012164","STORGT 22 MOLDE AS","AS","","Eiendomsforvaltning på oppdrag","Nøisomhed","6405","MOLDE","71 20 22 00","","1"
"950916443","STORGT 42 ANS","ANS","","","Storgata 42","6413","MOLDE","","","0"
"988557587","STORGT. 42 AS","AS","","Utleie av egen eller leid fast eiendom","Nøisomhed","6405","MOLDE","71 20 22 00","","1"
"826820942","STORHELLAREN GÅRD, TISTEL","ENK","","Fritidsvirksomhet ellers","Storhellaren Gård Orvikvegen 91","6475","MIDSUND","","","0"
"937765851","STORHOLT MASKIN SERVICE AS","AS","","Reparasjon og vedlikehold av maskiner","Meisalstranda 380","6460","EIDSVÅG I ROMSDAL","","","0"
"927522802","STORHOLT MASKIN-SERVICE","ENK","","Reparasjon og vedlikehold av maskiner","Meisalstranda 380","6460","EIDSVÅG I ROMSDAL","","","1"
"821469392","STORMYRA 40 AS","AS","","Kjøp og salg av egen fast eiendom","Stormyrvegen 56","6475","MIDSUND","","","1"
"991074392","STORMYRA EIENDOM AS","AS","","Utleie av egen eller leid fast eiendom","Stormyrvegen 56","6475","MIDSUND","","","1"
"836677552","STORTIND EIENDOM AS","AS","","Kjøp og salg av egen fast eiendom","Storgata 45","6413","MOLDE","","","1"
"995665921","STORVIKING AS","AS","","Kjøp og salg av egen fast eiendom","Sivertvegen 18","6414","MOLDE","","","0"
"933817318","STORÅS CONSULTING & MARKETING","ENK","","Reklamebyråvirksomhet","Bjørnebakken 7","6421","MOLDE","","","1"
"937257376","STRAND CONSULTING","ENK","","Flyttetransport","Glomstuvegen 45","6412","MOLDE","","","1"
"919545526","STRAND HOTEL FEVIK EIENDOM AS","AS","","Utleie av egen eller leid fast eiendom","Fannestrandvegen 125","6419","MOLDE","","","1"
"922856834","STRANDE","ENK","","Grunnarbeid","Fannefjordsvegen 346","6421","MOLDE","","","1"
"916342802","STRANDE EIENDOM AS","AS","","Utleie av egen eller leid fast eiendom","Romsdalsgata 3","6413","MOLDE","","","1"
"931034243","STRANDE HOLDING AS","AS","","Uoppgitt","Fannefjordsvegen 346","6421","MOLDE","","","0"
"925500666","STRANDE TAXI","ENK","14","Passasjertransport på forespørsel utført av fører med kjøretøy","Romsdalsgata 3","6413","MOLDE","","","1"
"990964866","STRANDENS CATERING OG SELSKAPSMAT","ENK","","Catering for arrangementer","Henrik Ibsens veg 5","6413","MOLDE","","","1"
"988642355","STRANDGATA 13 AS","AS","","Utleie av egen eller leid fast eiendom","Strandgata 13","6415","MOLDE","","","1"
"929426304","STRANDGATA 9-11 MOLDE AS","AS","","Eiendomsforvaltning på oppdrag","Hamnegata 35","6413","MOLDE","","","1"
"977232473","STRANDGT 1 AS","AS","","Utleie av egen eller leid fast eiendom","Nøisomhed","6405","MOLDE","71 20 11 75","","1"
"986966994","STRANDLÅVEN EIENDOM AS","AS","","Drift av vandrerhjem og ferieleiligheter","","6460","EIDSVÅG I ROMSDAL","","","1"
"827432032","STRANDVEIEN 20 AS","AS","","Utleie av egen eller leid fast eiendom","c/o Norsk Mineral AS Eikremsvingen 9","6422","MOLDE","","","1"
"936569099","STRATEGI AS","AS","","Uoppgitt","Trastalia 27","6412","MOLDE","","","1"
"926367951","STRESS AS","AS","","Uoppgitt","c/o Stig Arve Malmedal Forhjellen 24","6411","MOLDE","","","0"
"934195000","STRK AS","AS","","Konsulentvirksomhet tilknyttet informasjonsteknologi og forvaltning og drift av it-systemer","Julsundvegen 14","6412","MOLDE","","","1"
"928725103","STRØMMEN CONSULTANCY","ENK","","Bedriftsrådgivning og annen administrativ rådgivning","Brattåsen 12","6423","MOLDE","","","1"
"970289860","STRØMMEN TAKST","ENK","","Eiendomsforvaltning på oppdrag","Glomstuvegen 42D","6412","MOLDE","","www.strommentakst.no","1"
"923713573","STUB INVEST AS","AS","","Detaljhandel med motorvogner","Moldelivegen 36A","6413","MOLDE","","","0"
"980008800","STUDIO 11 Elisabeth Marie Rødseth","ENK","","Annen undervisning innenfor kultur","Adjunkt Dørums gate 16","6413","MOLDE","71 21 18 50","","0"
"993119628","STUDIO ISTAD","ENK","","Fotografvirksomhet","Raneshøgda 4","6456","SKÅLA","","www.studioistad.no","1"
"924814721","STUDIO K MOLDE KIM STIAN HOEL LANGÅS","ENK","","Produksjon og utgivelse av musikk- og lydopptak","Eikremsvingen 3","6422","MOLDE","","","0"
"933156303","STUDIO KILPELÄINEN","ENK","","Arkitektvirksomhet","c/o Studio Kilpeläinen Parkvegen 32","6413","MOLDE","","","1"
"931424815","STUEVOLLEN AS","AS","","Utleie av egen eller leid fast eiendom","Røbekkhagen 26","6421","MOLDE","","","1"
"936218687","STUEVOLLEN PARK 2 AS","AS","","Kjøp og salg av egen fast eiendom","Storgata 11","6413","MOLDE","","","1"
"921400950","STUEVOLLVEGEN 6 AS","AS","","Utleie av egen eller leid fast eiendom","Stuevollvegen 6","6412","MOLDE","","","1"
"920942210","STURLA STEINSVIK","ENK","","Utleie av egen eller leid fast eiendom","Fannestrandvegen 172","6422","MOLDE","","","1"
"983893813","STØLEN AUTOREP","ENK","","Reparasjon og vedlikehold av motorvogner","Midøyvegen 321","6475","MIDSUND","71 27 96 59","","1"
"935631823","STØREN HOLDING AS","AS","","Uoppgitt","Boråsvegen 3","6415","MOLDE","","","1"
"917875073","STØTAR AS","AS","","Opplevelsesaktiviteter","Sivertvegen 9","6414","MOLDE","","","0"
"989520660","STÅL ANDERSEN KJØRESKOLE","ENK","","Undervisning ved godkjente trafikkskoler","Bekkevollvegen 11","6414","MOLDE","71 21 17 93","","1"
"925906115","STÅL AS","AS","","Uoppgitt","c/o Svein Hartvig Pettersson Øverbøen 22","6411","MOLDE","","","1"
"991316981","SUBAJINI HEGGDAL FYSIOTERAPI","ENK","","Fysioterapi- og ergoterapitjenester","Holvegen 8","6414","MOLDE","","www.moldefysikalske.no","1"
"921594674","SUMMERIA AS","AS","","Regnskapsføring og bokføring","Storgata 9","6413","MOLDE","","www.summeria.no","1"
"927085852","SUMRANRIT THAI MAT","ENK","","Engroshandel med bredt utvalg av nærings- og nytelsesmidler","Innsidevegen 923","6475","MIDSUND","","","1"
"986954015","SUN COACHING Øystein Kalseth","ENK","","Bedriftsrådgivning og annen administrativ rådgivning","Reinhold Zieglers veg 21A","6414","MOLDE","21 69 34 55","www.suncoaching.no","0"
"988082007","SUND SJØSERVICE AS","AS","","Fiske og fangst i sjø","Djupdalsvegen 6","6411","MOLDE","71 25 23 19","www.sundsjoe.no","1"
"933982661","SUNDE BF","ENK","","Detaljhandel med motorvogner","Fasanvegen 16","6416","MOLDE","","","1"
"989144812","SUNDE EIENDOM HOLDING AS","AS","","Utleie av egen eller leid fast eiendom","Hamnegata 35","6413","MOLDE","71 25 77 55","","1"
"832681202","SUNDE SJØVARME AS","AS","","Handel med elektrisitet","Hamnegata 35","6413","MOLDE","","","1"
"827512982","SUNDE TREVARE","ENK","","Produksjon av møbler","Smievegen 6","6421","MOLDE","","","0"
"935280915","SUNNIVA KÅRSTEIN","ENK","","Produksjon av film, video og fjernsynsprogrammer","Anevegen 6","6410","MOLDE","","","1"
"935051118","SUNNIVA NERBØVIK LØKHAUG","ENK","","Pr og kommunikasjonstjenester","Solbakken 12","6429","MOLDE","","","1"
"980099520","SUPPORTERSHOP MOLDE AS","AS","","Detaljhandel med bredt vareutvalg med hovedvekt på nærings- og nytelsesmidler","Julsundvegen 14","6412","MOLDE","","","1"
"820155432","SVALBARD UNITED AS","AS","","Produksjon og utgivelse av musikk- og lydopptak","c/o Trond Tornes Røbergvegen 64","6475","MIDSUND","","","1"
"928169308","SVART SALT, LINDSTAD","ENK","","Detaljhandel med klær","Nakkvegen 91","6455","KORTGARDEN","","","1"
"921708106","SVARTOKSEN HOLDING AS","AS","","Uoppgitt","Prestegardsskogen 3A","6420","MOLDE","","","0"
"929374770","SVEAS INVEST AS","AS","","Byggeteknisk konsulentvirksomhet","Einar O. Bergs veg 6A","6423","MOLDE","","","1"
"971580569","SVEEN INV AS","AS","","Bedriftsrådgivning og annen administrativ rådgivning","Peter Solemdals veg 1","6414","MOLDE","71216030","","1"
"920142168","SVEGA SIGMA AS","AS","","Uoppgitt","Sjøvikvegen 67","6475","MIDSUND","","","0"
"981220552","SVEIN ARNE NESJE TAKSTMANN MNTF","ENK","","Byggeteknisk konsulentvirksomhet","Sørnesjevegen 8","6456","SKÅLA","71 24 06 51","","0"
"923820914","SVEIN BAKKEN TAXI","ENK","","Passasjertransport på forespørsel utført av fører med kjøretøy","Fannebostadvegen 15B","6423","MOLDE","","","1"
"988878197","SVEIN HARALD VESTAD","ENK","","Grunnarbeid","Håkon Herdebreis veg 809","6418","SEKKEN","71 24 78 36","","1"
"926894900","SVEIN INGE BØE","ENK","","Reparasjon og vedlikehold av motorvogner","Vestre Mellomveg 3","6416","MOLDE","","","0"
"976019490","SVEIN KÅRE GAUTVIK","ENK","","Oppdrett av annet storfe til kjøttproduksjon og sædproduksjon","Røbekkvegen 13","6421","MOLDE","71 24 46 21","","0"
"913164474","SVEIN LØKHAUG","ENK","","Fysioterapi- og ergoterapitjenester","Ravnebakken 38","6425","MOLDE","","","1"
"990163537","SVEIN MAGNE ENGDAHL TAXI","ENK","","Passasjertransport på forespørsel utført av fører med kjøretøy","Tore Lillebostads veg 17","6457","BOLSØYA","","","1"
"979841086","SVEIN MATHISEN AS","AS","","Utleie av egen eller leid fast eiendom","Eidsvåg","6460","EIDSVÅG I ROMSDAL","","","1"
"979477384","SVEIN NORDHAUG","ENK","","Avvirkning","Jernverksvegen 115","6453","KLEIVE","71 24 73 86","","0"
"969177455","SVEIN OG BJØRNAR ØVERÅS ANS","ANS","","Melkeproduksjon på storfe og oppdrett av melkekyr","","6470","ERESFJORD","71 23 41 35","","1"
"969129574","SVEIN SANDNES","ENK","","Melkeproduksjon på storfe og oppdrett av melkekyr","Langevegen 122","6364","VISTDAL","","","1"
"974391945","SVEINUNG LILLEBØ","ENK","","Melkeproduksjon på storfe og oppdrett av melkekyr","Gangstadvegen 29","6475","MIDSUND","71 27 97 43","","0"
"959186952","SVELA CONSULTANTS AS","AS","","Annen teknisk konsulentvirksomhet","Jodalen","6460","EIDSVÅG I ROMSDAL","71 23 28 04","","1"
"834261952","SVENDSEN FRIDA","ENK","","Treningssentervirksomhet","Fannebostadvegen 19","6423","MOLDE","","","1"
"937880790","SVENSLI MULTISERVICE","ENK","","Grunnarbeid","Hammervollhagen 23","6460","EIDSVÅG I ROMSDAL","","","0"
"934655303","SVENSLI PLASSEN VED OG VEL","ENK","","Avvirkning","Svenslivegen 83","6460","EIDSVÅG I ROMSDAL","","","1"
"937146205","SVENSLI SERVICE","ENK","","Tjenester tilknyttet husdyrhold","Eidsvågvegen 85","6460","EIDSVÅG I ROMSDAL","","","1"
"983743633","SVERRE E MAUSETH AGENTUR","ENK","","Undervisning innenfor idrett og rekreasjon","Bastian Dahls veg 18","6415","MOLDE","","","1"
"997817761","SVERRE MAGNAR NILSSEN","ENK","","Melkeproduksjon på storfe og oppdrett av melkekyr","Hamnavikvegen 51","6456","SKÅLA","","","1"
"895555622","SVERRE SOLLI","ENK","","Melkeproduksjon på storfe og oppdrett av melkekyr","Istadvegen 912","6453","KLEIVE","","","1"
"919559381","SWIFT TAXI AS","AS","11","Drift av gods- og transportsentraler","Fannestrandvegen 63","6415","MOLDE","","swifttaxi.no","1"
"922847010","SYD MOLDE AS","AS","7","Drift av restauranter","Fjordgata 3","6413","MOLDE","","","1"
"984293410","SYKKELHUSET AS","AS","","Detaljhandel med sportsvarer","Fannestrandvegen 53","6415","MOLDE","71 20 02 20","","1"
"984709560","SYLTE EIENDOM AS","AS","","Utleie av egen eller leid fast eiendom","Myrabakken 1","6413","MOLDE","71 24 20 50","","1"
"993406546","SYLTE EIENDOM INVEST AS","AS","","Utleie av egen eller leid fast eiendom","Myrabakken 1","6413","MOLDE","71 24 20 50","","0"
"927897008","SYLTE SOLUTIONS","ENK","","Konsulentvirksomhet tilknyttet informasjonsteknologi og forvaltning og drift av it-systemer","Tranebærvegen 11","6429","MOLDE","","sylte.dev","1"
"964482799","SYLTEBØ DRIFT ANS","ANS","","Utleie av arbeidskraft og andre personaladministrative tjenester","","6470","ERESFJORD","","","1"
"993460982","SYLTEOSEN EIENDOM AS","AS","","Utleie av egen eller leid fast eiendom","c/o Barsten Regnskap AS Julsundvegen 14","6412","MOLDE","","","1"
"933156028","SYLTEOSEN INVEST AS","AS","","Produksjon av ferdigblandet betong","c/o Barsten Regnskap AS Julsundvegen 14","6412","MOLDE","","","1"
"926761315","SYLTEVIG RESPONS","ENK","","Annen undervisning ellers","Amtmannvegen 36","6419","MOLDE","","","0"
"926836439","SYLTHE STRINGSERVICE","ENK","","Utøvende kunstnerisk virksomhet og underholdningsvirksomhet innenfor musikk","Fjellbruvegen 18","6415","MOLDE","","","0"
"928832759","SYN ØYEKLINIKK AS","AS","","Spesialiserte legetjenester, unntatt psykiatriske legetjenester","Rektor Brinchmanns gate 1","6413","MOLDE","","","1"
"914549965","SYNNE BRUNVOLL AS","AS","","Andre egeninvesteringsselskaper","Birkelandvegen 24","6416","MOLDE","","","0"
"928869466","SYNNE RØBEKK","ENK","","Skapende kunstnerisk virksomhet innenfor litteratur","Østre Plassveg 42","6415","MOLDE","","","0"
"976432487","SYNNØVE AASEN","ENK","","Fysioterapi- og ergoterapitjenester","Torget 1","6413","MOLDE","","","1"
"922922470","SYSE CRO","ENK","","Andre tjenester tilknyttet undervisning ikke nevnt annet sted","Fagerlivegen 27","6414","MOLDE","","","1"
"835524582","SZYMANSKI SERVICEINNOVASJON","ENK","","Oppføring av bygninger","Gruvvegen 6","6462","RAUDSAND","","","1"
"823590792","SÆRVOLD KONSULT","ENK","","Annen forretningsmessig tjenesteyting ikke nevnt annet sted","Tore Lillebostads veg 5","6457","BOLSØYA","","","0"
"969396580","SÆTER GARD LILLEBOSTAD","ENK","","Utleie av egen eller leid fast eiendom","Eikesdalsvegen 2764","6472","EIKESDAL","71 23 45 25","","1"
"869484652","SÆTER JON","ENK","","Oppdrett av annet storfe til kjøttproduksjon og sædproduksjon","Eikesdalsvegen 2762","6472","EIKESDAL","","","1"
"918389857","SÆTER MASKIN","ENK","","Grunnarbeid","Hungnesvegen 7","6450","HJELSET","","","1"
"882155242","SÆTRING AS","AS","","Andre egeninvesteringsselskaper","Cecilienfrydvegen 3B","6412","MOLDE","","","1"
"923357602","SØBSTAD EIENDOM","ENK","","Utleie av egen eller leid fast eiendom","Glomstuvegen 4A","6412","MOLDE","","","1"
"962927211","SØDALEN EIENDOM AS","AS","","Utleie av egen eller leid fast eiendom","c/o Leif Jostein Borgestrand Torleifvegen 3","6416","MOLDE","","","1"
"926899163","SØLSNES GÅRD INGUNN MOLDEN SYLTE","ENK","","Sauehold","Sølsnesvegen 75","6456","SKÅLA","","","1"
"820805402","SØLVDAMMEN AS","AS","","Utvikling og salg av byggeprosjekter","Vestre Mellomveg 9","6416","MOLDE","","","1"
"937902433","SØLVIK VARETAXI AS","AS","","Godstransport på vei","Stensåberget 18","6456","SKÅLA","","","0"
"913837673","SØNDRE NESET EIENDOM PER CHRISTIAN RØVIKHAGEN","ENK","","Utleie av egen eller leid fast eiendom","Røvikhagen 75","6456","SKÅLA","","","0"
"888296182","SØRE MIDØY SAMDRIFT DA","DA","","Utleie av egen eller leid fast eiendom","Nesoddvegen 12","6475","MIDSUND","","","1"
"987847174","SØRENSEN HOLDING","ENK","","Utleie av arbeidskraft og andre personaladministrative tjenester","Fagerlivegen 33","6414","MOLDE","71 25 19 62","","1"
"931778056","SØRGAARD HOLDING AS","AS","","Uoppgitt","Blokkebærvegen 15","6429","MOLDE","","","0"
"922753768","SØRLIE HOLDING AS","AS","","Uoppgitt","Utsidevegen 37","6475","MIDSUND","","","0"
"921546149","SØRSETH CONSULTING","ENK","","Bedriftsrådgivning og annen administrativ rådgivning","Fjellskaret 15","6416","MOLDE","","","0"
"924927208","SØSKENBARNENE LANGSET AS","AS","","Bedriftsrådgivning og annen administrativ rådgivning","Gammelseterlia 5","6422","MOLDE","","","0"
"968850245","SØSTRENE AS","AS","8","Detaljhandel med nærings- og nytelsesmidler ellers","Lingedalsveien 6-10","6415","MOLDE","71 21 81 70","","1"
"921965397","SØVIK SKI OG FJELLSPORT","ENK","","Guide- og reiseledervirksomhet","Orrevegen 21","6425","MOLDE","","","1"
"936896952","SØVIK STRIKK","ENK","","Bedriftsrådgivning og annen administrativ rådgivning","Tyttebærsvingen 24","6429","MOLDE","","","1"
"871172072","SAAE AS","AS","","Uoppgitt","c/o Odd Kåre Stormyr Ljøstavegen 68","6460","EIDSVÅG I ROMSDAL","22602841","","0"
"996306267","T STØLEN INVEST AS","AS","","Andre egeninvesteringsselskaper","Sjøslettevegen 65","6475","MIDSUND","","","0"
"899262522","T-A INVEST AS","AS","","Andre egeninvesteringsselskaper","c/o Torstein Alstad Hammervollhagen 14","6460","EIDSVÅG I ROMSDAL","71 23 21 81","","0"
"935129273","T-A SAGLI","ENK","","Oppføring av bygninger","Osvegen 473","6453","KLEIVE","","","1"
"936708722","T. ANGELL HANDEL AS","AS","21","Detaljhandel med bredt vareutvalg med hovedvekt på nærings- og nytelsesmidler","Oscar Hanssens veg 11","6415","MOLDE","","","1"
"926780778","T. BREVIK","ENK","","Produksjon av andre bygningsartikler","Vikdalsvegen 20","6456","SKÅLA","","","0"
"929708482","T. KULPERUD - TØMRERTJENESTER OG HANDYMAN","ENK","","Oppføring av bygninger","Boråsvegen 64A","6415","MOLDE","","","1"
"835476812","T. TALSETH SERVICE OG VEDLIKEHOLD","ENK","","Eiendomsforvaltning på oppdrag","Istadlivegen 85","6453","KLEIVE","","","1"
"916580452","T.A HATLELID","ENK","","Oppføring av bygninger","Steinløysvegen 69","6453","KLEIVE","","","0"
"937001673","TAKKA AS","AS","","Produksjon av brød og ferske konditorvarer","Boråsvegen 7","6415","MOLDE","","","1"
"987773596","TAKST OG EIENDOMSRÅDGIVNING AS","AS","","Eiendomsforvaltning på oppdrag","Fagerlivegen 7","6413","MOLDE","71 20 07 77","","1"
"984795920","TAKST OG PROSJEKTPARTNER. TAKSTMANN BERILD","ENK","","Eiendomsforvaltning på oppdrag","Fridtjof Nansens gate 1","6413","MOLDE","","www.tppartner.no","1"
"937147473","TAKSTINGENIØR HALTVIK AS","AS","","Byggeteknisk konsulentvirksomhet","Sirivegen 12","6411","MOLDE","","","1"
"975965600","TALITO INVEST AS","AS","","Utleie av egen eller leid fast eiendom","v/Egil Hoemsnes Glomstuvegen 40","6412","MOLDE","","","1"
"834636182","TALLPARTNER AS","AS","","Revisjon","Frænavegen 16","6415","MOLDE","","","1"
"893509852","TALSETH ELEKTROTJENESTER","ENK","","Kombinerte tjenester tilknyttet eiendomsdrift","Nøisomhedvegen 18","6419","MOLDE","71 21 17 13","","1"
"918603352","TANDE HOLDING AS","AS","","Andre egeninvesteringsselskaper","Boråsvegen 1","6415","MOLDE","","","0"
"931377531","TANGEN DRIFT","ENK","","Tjenester tilknyttet planteproduksjon","Raknesvegen 306","6475","MIDSUND","","","1"
"887073872","TANGEN FJELLSPORT","ENK","","Guide- og reiseledervirksomhet","Øverlandsvegen 32","6416","MOLDE","71 49 17 79","","1"
"937998554","TANGEN HONNING & BÆR","ENK","","","Eikremsvingen 20","6422","MOLDE","","","0"
"920441025","TANGEN KAPITAL AS","AS","","Uoppgitt","Dragarøra 2","6457","BOLSØYA","","","1"
"990788790","TANGEN MASKIN AS","AS","","Grunnarbeid","Raknesvegen 168","6475","MIDSUND","71 27 83 69","","1"
"927046547","TANGEN MULTISERVICE","ENK","","Oppføring av bygninger","Boråsvegen 55B","6415","MOLDE","","","1"
"971208406","TANGEN PER HALVOR","ENK","","Melkeproduksjon på storfe og oppdrett av melkekyr","Raknesvegen 296","6475","MIDSUND","","","1"
"921829515","TANGEN STIAN HÅBET","ENK","","Sauehold","Tangevegen 34","6475","MIDSUND","","","1"
"934915151","TANGEN TRAFIKK AS","AS","","Undervisning ved godkjente trafikkskoler","Krohnhøgda 3","6421","MOLDE","","","1"
"820442792","TANGLO AS","AS","","Andre egeninvesteringsselskaper","Nothusmarka 11","6457","BOLSØYA","","","1"
"936577474","TANJA LØNSETH","ENK","","Avvirkning","Fannefjordsvegen 627","6421","MOLDE","","","1"
"990457026","TANNLEGE AIRAN RASTEGARIAN","ENK","","Tannlegetjenester","Hamnegata 35","6413","MOLDE","71 25 15 18","","1"
"936465846","TANNLEGE AMANDA JOTEN TANGEN","ENK","","Tannlegetjenester","Sirivegen 25","6411","MOLDE","","","1"
"924279117","TANNLEGE ANAS ALSAADI","ENK","","Tannlegetjenester","Hamnegata 35","6413","MOLDE","","","1"
"937154364","TANNLEGE ANAS ALSAADI AS","AS","","Tannlegetjenester","Fuglsetbakken 39","6416","MOLDE","","","1"
"930953083","TANNLEGE ANNE JORUN HOL TANDE AS","AS","","Tannlegetjenester","Torget 2","6413","MOLDE","","","1"
"928647358","TANNLEGE ANNE-CHRISTEL REBNI","ENK","","Tannlegetjenester","Romsdalsgata 1","6413","MOLDE","","","1"
"988324558","TANNLEGE BJØRN HURLEN AS","AS","","Tannlegetjenester","Torget 2","6413","MOLDE","","","1"
"934887719","TANNLEGE BJØRN KLOKSET AS","AS","","Tannlegetjenester","Eidsvågvegen 30","6460","EIDSVÅG I ROMSDAL","","","1"
"890197582","TANNLEGE CHRISTINA JOHANNA LINDNER","ENK","","Tannlegetjenester","Storgata 52","6413","MOLDE","","","0"
"917484481","TANNLEGE ELISABET WELLE","ENK","","Tannlegetjenester","Myrabakken 5","6413","MOLDE","","","1"
"926380648","TANNLEGE GUNNHILD B. F. BJERKESET","ENK","","Tannlegetjenester","c/o Gunnhild B. F. Bjerkeset Øvre Istad veg 71","6453","KLEIVE","","","1"
"911941511","TANNLEGE HELENE HERJE AS","AS","","Tannlegetjenester","Myrabakken 5","6413","MOLDE","71 21 55 15","","1"
"935897416","TANNLEGE HÅVARD ENGEBRETSEN ZALIK HOLDING AS","AS","","Tannlegetjenester","Øverbøen 33","6411","MOLDE","","","1"
"920902952","TANNLEGE IDA KATRINE BØE","ENK","","Tannlegetjenester","Verftsgata 10","6416","MOLDE","","","1"
"990474966","TANNLEGE INGVILD VIKEN","ENK","","Tannlegetjenester","Torget 1","6413","MOLDE","71 21 93 85","","1"
"898089622","TANNLEGE KJERSTI ABRAHAMSEN AS","AS","","Tannlegetjenester","Torget 2","6413","MOLDE","71 21 82 01","","1"
"889168382","TANNLEGE KVAM AS","AS","","Tannlegetjenester","Storgata 56","6413","MOLDE","71 25 77 80","","1"
"913747887","TANNLEGE LISE BJORDAL FURSET","ENK","","Tannlegetjenester","Hamnegata 47","6413","MOLDE","71 25 53 00","","1"
"995251191","TANNLEGE MARIANNE STANDAL","ENK","","Tannlegetjenester","Romsdalsgata 1","6413","MOLDE","71 25 18 32","","1"
"998502187","TANNLEGE MARIT SIVERTSEN AS","AS","","Tannlegetjenester","Torget 1","6413","MOLDE","","","1"
"915096344","TANNLEGE MARTE KJERSHEIM","ENK","","Tannlegetjenester","Myrabakken 5","6413","MOLDE","","","1"
"982415578","TANNLEGE OLE SIGURD VISNES TANNLEGEKONTORET MOLDE BRYGGE","ENK","","Tannlegetjenester","Julsundvegen 2","6412","MOLDE","71 21 04 06","","1"
"981821769","TANNLEGE RAGNHILD SENNESET RINDARØY","ENK","","Tannlegetjenester","Torget 1","6413","MOLDE","71 24 55 00","","1"
"912092666","TANNLEGE SIGRID KJÆRLAND","ENK","","Tannlegetjenester","Verftsgata 10","6416","MOLDE","","","1"
"990197784","TANNLEGE TURID SMÅGE","ENK","","Tannlegetjenester","Romsdalsgata 1","6413","MOLDE","71 25 18 32","","1"
"928647323","TANNLEGE ØYVIND KRISTOFFERSEN","ENK","","Tannlegetjenester","Romsdalsgata 1","6413","MOLDE","","","1"
"923853057","TANNLEGEKONTORET MOLDE BRYGGE AS","AS","7","Tannlegetjenester","Julsundvegen 2","6412","MOLDE","","","1"
"913322541","TANNLEGEKONTORET MOLDE BRYGGE EIGEDOM AS","AS","","Utleie av egen eller leid fast eiendom","Julsundvegen 2","6412","MOLDE","","","1"
"914840740","TANNLEGENE I MYRABAKKEN AS","AS","7","Tannlegetjenester","Myrabakken 5","6413","MOLDE","","","2"
"952625187","TANNLEGESENTERET AS","AS","","Tannlegetjenester","Myrabakken 5","6413","MOLDE","71 21 85 50","","1"
"915435599","TAPP AS","AS","17","Drift av restauranter","Storgata 27","6413","MOLDE","","","1"
"914144159","TARJEI SKOTHEIMSVIK","ENK","","Allmennlegetjenester","Sollivegen 86","6414","MOLDE","","","1"
"935864089","TAWAN THAI MASSASJE ANDERSSON","ENK","","Aktiviteter i dagspa, badstue og dampbad","Romsdalsgata 22","6415","MOLDE","","","1"
"926288318","TAXI MASUOD MASIHA","ENK","","Passasjertransport på forespørsel utført av fører med kjøretøy","Frænavegen 6","6415","MOLDE","","","1"
"992107669","TB BILSENTER AS","AS","12","Reparasjon og vedlikehold av motorvogner","Eikremsvingen 4","6422","MOLDE","71 21 86 50","","1"
"812555022","TB.HOLDING AS","AS","","Andre egeninvesteringsselskaper","Bjørkevegen 12","6419","MOLDE","99 74 66 03","","0"
"921978227","TCHM HOLDING AS","AS","","Uoppgitt","Sollivegen 62","6414","MOLDE","","","0"
"989001507","TCK INVEST AS","AS","","Grunnarbeid","Idrettsvegen 9","6413","MOLDE","71 21 46 25","","0"
"983951295","TE MA AUTO Terje Malme","ENK","","Detaljhandel med motorvogner","Kåre Solhjells veg 2","6415","MOLDE","71 26 59 98","","1"
"820649672","TEAM ADMIN AS","AS","7","Bedriftsrådgivning og annen administrativ rådgivning","Birger Hatlebakks veg 5","6415","MOLDE","","","1"
"836905342","TEAM LYS 1 AS","AS","","Uoppgitt","Bekkevollvegen 15B","6414","MOLDE","","","1"
"817233562","TEAM RÅDGIVING MARIANNE BOLGHAUG","ENK","","Annen undervisning ellers","Julsundvegen 89","6412","MOLDE","","Team-radgiving.no","0"
"933483452","TEAM TRAFIKKSKOLE AS","AS","","Annen trafikkskoleundervisning","Birger Hatlebakks veg 20","6415","MOLDE","","","0"
"837668212","TEAM TRAFIKKSKOLE AS","AS","6","Undervisning ved godkjente trafikkskoler","Birger Hatlebakks veg 22","6415","MOLDE","71 25 63 69","","1"
"927168065","TEAM VANGEN AS","AS","","Uoppgitt","Bekkevollvegen 13D","6414","MOLDE","","","0"
"912041166","TECTRANS AS","AS","","Annen teknisk konsulentvirksomhet","Fannestrandvegen 85","6416","MOLDE","","","1"
"917309477","TEGN EIENDOM AS","AS","","Utleie av egen eller leid fast eiendom","Vestre Mellomveg 9","6416","MOLDE","","","0"
"913337778","TEGNEKONTORET THOMASGÅRD","ENK","","Industri-, produkt- og motedesignvirksomhet","Lergrovikvegen 8","6419","MOLDE","","","0"
"912355470","TEIGENE BOLIGFELT AS","AS","","Utvikling og salg av byggeprosjekter","Glomstuvegen 4B","6412","MOLDE","","","1"
"933247732","TEINEBÅT AS","AS","","Fiske og fangst i sjø","Torget 4","6413","MOLDE","","","1"
"936147127","TEK TO AGENCY ANS","ANS","","Annen teknisk konsulentvirksomhet","Mekvorpvegen 15","6411","MOLDE","","","1"
"933250318","TEKLEMARIAM","ENK","","Passasjertransport på forespørsel utført av fører med kjøretøy","Birkelandvegen 47","6423","MOLDE","","","1"
"934610237","TEKLEMARIAM BYTTINGSVIK ARKIV","ENK","","Fotografvirksomhet","Lillevikvegen 3","6412","MOLDE","","","1"
"937002580","TEKLEMARIAM BYTTINGSVIK ARKIV AS","AS","","Fotografvirksomhet","Oscar Hanssens veg 7","6415","MOLDE","","","1"
"997085744","TEKNIKA AS","AS","","Rørleggerarbeid","Plutovegen 5","6419","MOLDE","71 40 40 00","","1"
"993001945","TEKSPORT AS","AS","","Dataprogrammeringstjenester","Tinthamran 7","6412","MOLDE","22 41 15 00","www.vismox.com","1"
"986572376","TEKST OG RÅD FRODE RABBEVÅG","ENK","","Pr og kommunikasjonstjenester","Bekkevollvegen 19","6414","MOLDE","","","1"
"913957490","TELO RÅDGIVNING AS","AS","","Byggeteknisk konsulentvirksomhet","Øygardsvegen 15","6453","KLEIVE","","","1"
"931462881","TENKI DA","DA","","Reklamebyråvirksomhet","c/o Håkon Gravninen Johannessen Raumavegen 2","6410","MOLDE","","","0"
"924378034","TEPPEHUSET AS","AS","","Detaljhandel med tapet, gulvtepper og gulvbelegg","Fannestrandvegen 134","6419","MOLDE","71 21 22 00","","1"
"975895211","TEPPESERVICE Finn Hansen","ENK","","Gulvlegging og tapetsering","Ravnebakken 36","6425","MOLDE","71 21 21 58","","1"
"935860784","TERANA AS","AS","","Datainfrastruktur, -behandling, -lagring og tilknyttede tjenester","Kringstadvegen 42","6411","MOLDE","","","1"
"989360809","TERJE ASPÅS","ENK","","Tjenester tilknyttet planteproduksjon","Høglivegen 18B","6450","HJELSET","","","0"
"930689475","TERJE HOLT HOLDING AS","AS","","Tannlegetjenester","c/o Tannlege Terje Holt AS Bjørnstjerne Bjørnsons veg 12","6412","MOLDE","","","0"
"935346622","TERJE HOLT KLINIKKEN AS","AS","","Tannlegetjenester","Bjørnstjerne Bjørnsons veg 12","6412","MOLDE","","","1"
"826005262","TERJE TVERFJELL ART","ENK","","Detaljhandel med kulturvarer ikke nevnt annet sted","Ravnebakken 24","6425","MOLDE","","","1"
"991772790","TERJE UTIGARD","ENK","","Grunnarbeid","Eikesdalsvegen 2120","6472","EIKESDAL","","","1"
"998137802","TERRAGON AS","AS","","Utvikling og salg av byggeprosjekter","Vestre Mellomveg 9","6416","MOLDE","","","0"
"921198191","TESA BYGG AS","AS","","Oppføring av bygninger","Brytarlars-vegen 9","6457","BOLSØYA","","","1"
"934020030","TEWELDE MEDIA","ENK","","Detaljhandel med klær","Boråsvegen 66","6415","MOLDE","","","1"
"935953103","TFO REVISJON & RÅDGIVNING AS","AS","","Revisjon","Mekvorpvegen 8","6411","MOLDE","","","1"
"931044044","THAI&ISAN CATERING AS","AS","","Catering for arrangementer","c/o William Donkelaar\Ratchanok Selvikvegen 61","6475","MIDSUND","","","1"
"934858042","THAMMATHINNO GOURMET","ENK","","Andre personlige tjenester ikke nevnt annet sted","Midøyvegen 403","6475","MIDSUND","","","1"
"928284565","THE ALOE VERA CLUB THOMASSEN","ENK","","Formidlingstjenester tilknyttet detaljhandel med spesialisert vareutvalg","U0108 Jordbærvegen 31","6421","MOLDE","","thealoevera.club","0"
"935161088","THE GURU AS","AS","","Drift av restauranter","Romsdalsgata 1","6413","MOLDE","","","1"
"928857433","THE HUMAN FUND AS","AS","","Uoppgitt","Margareta Dahls gate 9","6413","MOLDE","","","0"
"994344595","THE KNITTING ACCESSORIES - KATRINE STANDAHL","ENK","","Annen industriproduksjon ikke nevnt annet sted","Nygjerdesvingen 40","6421","MOLDE","","","1"
"931509942","THE SAUNA CLUB AS","AS","","Utleie og leasing av andre husholdningsvarer og varer til personlig bruk","Lergrovikvegen 8","6419","MOLDE","","","1"
"999266754","THERESE STØLEN INVEST AS","AS","","Andre egeninvesteringsselskaper","Sjøslettevegen 65","6475","MIDSUND","","","0"
"925213616","THIOUNE HELSE","ENK","","Ortopedi- og fotterapitjenester","Fannestrandvegen 8","6415","MOLDE","","","1"
"932770687","THOMAS BUGGE","ENK","","Geitehold","Boggestranda 429","6460","EIDSVÅG I ROMSDAL","","","1"
"996341232","THOMAS HANSEN MASKIN","ENK","","Kuldeanlegg-, varmepumpearbeid og installasjon av peiser","Fannefjordsvegen 740","6421","MOLDE","","","1"
"911688255","THOMAS KLUNGNES","ENK","","Tjenester tilknyttet planteproduksjon","Nesjevegen 100","6456","SKÅLA","","","1"
"912535649","THOMASGÅRD HOLDING AS","AS","","Andre egeninvesteringsselskaper","Moldelivegen 30","6413","MOLDE","","","0"
"931056492","THOMASGÅRD INVEST AS","AS","","Industri-, produkt- og motedesignvirksomhet","Lergrovikvegen 8","6419","MOLDE","","","1"
"934780345","THOMASSEN VINTAGE","ENK","","Detaljhandel med klær","Britvegen 21","6411","MOLDE","","","1"
"989069845","THOMBAR AS","AS","","Andre egeninvesteringsselskaper","c/o Berit Kanestrøm Rødseth Statsråd Astrups gate 2","6413","MOLDE","","","0"
"914372593","THOR GIMNÆS TRAFIKKSKOLE","ENK","","Undervisning ved godkjente trafikkskoler","Enenvegen 6","6416","MOLDE","","","1"
"979736681","THOR SIMEN BRANDRUD","ENK","","Utleie av egen eller leid fast eiendom","Nini Roll Ankers veg 16","6412","MOLDE","61 29 83 75","","1"
"930018686","THOR'S BYGG & VEDLIKEHOLD THOR EVEN RØSOK","ENK","","Snekkerarbeid","Lergrovikvegen 7I","6419","MOLDE","","thorsbygg.no","0"
"916039913","THORD TOKLE ILLUSTRASJON OG DESIGN","ENK","","Grafisk design og visuell kommunikasjonsdesign","Nordskogvegen 6D","6412","MOLDE","","","0"
"979466269","TIBE ATLANTIC AS","AS","","Reisearrangørvirksomhet ellers","Storgata 11","6413","MOLDE","71 20 12 00","","1"
"924732601","TIDENS TANN - STORDRANGE","ENK","","Annen undervisning ellers","Djupdalsvegen 11","6411","MOLDE","","","0"
"917039291","TIKE AS","AS","","Bedriftsrådgivning og annen administrativ rådgivning","Brattlivegen 7","6412","MOLDE","","","0"
"823561482","TILVIN AS","AS","","Uoppgitt","c/o U Aandahls Eftf AS Storgata 35","6413","MOLDE","","","0"
"912080285","TIND BIL AS","AS","","Detaljhandel med motorvogner","Nerlandsvegen 14B","6416","MOLDE","90 63 63 83","","1"
"933895742","TINDX AS","AS","7","Byggeteknisk konsulentvirksomhet","Torget 4","6413","MOLDE","","","1"
"917601720","TINE HAUKAAS","ENK","","Undervisning innenfor idrett og rekreasjon","Kreklingbakken 21","6429","MOLDE","","","1"
"987042842","TINGH HOLDING AS","AS","","Reklamebyråvirksomhet","Julsundvegen 14","6412","MOLDE","","","0"
"921884974","TINGH KOMMUNIKASJON AS","AS","7","Reklamebyråvirksomhet","Julsundvegen 14","6412","MOLDE","","","1"
"998624827","TINTIN KLIPP AS","AS","","Frisering og barbering","Storgata 13","6413","MOLDE","71 24 44 94","","1"
"899191382","TIRAZIS DA","DA","","Detaljhandel med bredt vareutvalg ellers","Blokkebærvegen 10","6429","MOLDE","71 20 04 50","","0"
"933537390","TIRAZIS EIENDOM AS","AS","","Utleie av egen eller leid fast eiendom","Blokkebærvegen 10","6429","MOLDE","","","1"
"926765639","TIRAZIS HOLDING AS","AS","","Tannlegetjenester","Blokkebærvegen 10","6429","MOLDE","","","0"
"831124342","TITAN TECH AS","AS","","Dataprogrammeringstjenester","Strandgata 58","6905","FLORØ","","","0"
"969441128","TJELLE OLA","ENK","","Dyrking av ettårige vekster ellers","Tjelle Ranvikvegen 43","6460","EIDSVÅG I ROMSDAL","","","1"
"937153872","TK TRYGGESTAD","ENK","","Konsulentvirksomhet tilknyttet informasjonsteknologi og forvaltning og drift av it-systemer","Hjellmyrnakken 9","6429","MOLDE","","","1"
"927504073","TM JANBU INVEST","ENK","","Bedriftsrådgivning og annen administrativ rådgivning","Julsundvegen 140","6410","MOLDE","","","0"
"915073557","TNB MOLDE AS","AS","","Detaljhandel med informasjons- og kommunikasjonsteknologiutstyr","Lingedalsvegen 6-9","6415","MOLDE","71 21 23 00","","1"
"989010565","TO GUTTER INVEST AS","AS","","Andre egeninvesteringsselskaper","Fuglsetvegen 3B","6415","MOLDE","71 26 46 04","","1"
"912254097","TOBEMA AS","AS","","Kjøp og salg av egen fast eiendom","Solheimvegen 6","6412","MOLDE","","","0"
"984836791","TOBIAS AVLUND HEIBERG","ENK","","Utøvende kunstnerisk virksomhet og underholdningsvirksomhet innenfor scenekunst","Gartnerivegen 4","6413","MOLDE","","","0"
"937281536","TOBRUK SILSET GÅRD","ENK","","Dyrking av ettårige vekster ellers","Åsagardvegen 83","6460","EIDSVÅG I ROMSDAL","","","1"
"924742550","TOEN HOLDING AS","AS","","Detaljhandel med medisinske og ortopediske artikler","Storgata 26","6413","MOLDE","","","0"
"988883840","TOFT INVEST AS","AS","","Utleie av egen eller leid fast eiendom","Hauanvegen 4","6414","MOLDE","","","1"
"941543839","TOFTWARE Oscar Toft","ENK","","Engroshandel med informasjons- og kommunikasjonsteknologiutstyr","c/o Oscar Toft Glomstuvegen 45","6412","MOLDE","71 21 69 44","","1"
"921965885","TOKALO AS","AS","","Uoppgitt","Birkelandvegen 41D","6416","MOLDE","","","0"
"981859626","TOKLE ODD KARSTEN","ENK","","Aktiviteter innenfor tradisjonell, komplementær og alternativ medisin","Vonheimvegen 2B","6415","MOLDE","71 25 53 01","","1"
"936124585","TOKLE VARMESERVICE","ENK","","Kuldeanlegg-, varmepumpearbeid og installasjon av peiser","Elvegata 21","6413","MOLDE","","","1"
"935220645","TOLKETJENESTER ULMANIS","ENK","","Oversettelses- og tolkevirksomhet","Istadvegen 447","6453","KLEIVE","","","1"
"998754224","TOLY TOVE GJERDE","ENK","","Andre helsetjenester ellers","Løkenvegen 29","6423","MOLDE","","","1"
"991123253","TOMAS ØVERÅS","ENK","","Melkeproduksjon på storfe og oppdrett av melkekyr","Neråsvegen 114","6470","ERESFJORD","","","1"
"932096358","TOMMY ANDRE SANDE","ENK","","Oppføring av bygninger","Anevegen 3","6410","MOLDE","","","0"
"993509817","TOMMY FARAASEN","ENK","","Grunnarbeid","Botterlivegen 90","6453","KLEIVE","","","1"
"917075689","TOMS TOM RENO FARSTADVOLL STRANDEN","ENK","","Utleie og leasing av bygge- og anleggsmaskiner og -utstyr","Årøråket 1","6421","MOLDE","","","0"
"914550092","TONE B INVEST AS","AS","","Andre egeninvesteringsselskaper","Langmyrvegen 50","6415","MOLDE","","","0"
"923084215","TONE MERETE FOLKE-OLSEN","ENK","","Andre tjenester tilknyttet undervisning ikke nevnt annet sted","Mekvorpvegen 8","6411","MOLDE","","","1"
"918904034","TONY ZALIK CONSULTING","ENK","","Produksjon av film, video og fjernsynsprogrammer","Solbakken 36","6429","MOLDE","","","0"
"927402718","TOO EASY AS","AS","","Annen teknisk konsulentvirksomhet","Romsdalsgata 16","6415","MOLDE","","","0"
"934125967","TOP CARS RS KHATTAR","ENK","","Detaljhandel med motorvogner","Bruksenhetsnummer H0201 Frænavegen 77","6415","MOLDE","","","1"
"932726998","TOPCAT AS","AS","","Annen teknisk konsulentvirksomhet","Hatlehaugvegen 16","6414","MOLDE","","","0"
"917794553","TOPP 1 AS","AS","","Utleie av egen eller leid fast eiendom","Bekkevollvegen 15B","6414","MOLDE","","","0"
"922301832","TOPRIA AS","AS","","Uoppgitt","c/o T. Faksen L12 Torleifvegen 5","6416","MOLDE","","","0"
"911757281","TOR ANDRÉ MORITSGARD","ENK","","Utøvende kunstnerisk virksomhet og underholdningsvirksomhet innenfor musikk","c/o Tor André Moritsgard Adjunkt Dørums gate 37","6413","MOLDE","","","0"
"997123212","TOR ARILD KLEPPEN","ENK","","Andre personlige tjenester ikke nevnt annet sted","Skårabakken 7","6456","SKÅLA","","","1"
"985990824","TOR ARNE TANDE","ENK","","Allmennlegetjenester","Legesenteret Molde Storgata 12","6413","MOLDE","71 18 41 00","","1"
"874484202","TOR BUGGE","ENK","","Engroshandel med maskiner og utstyr til bergverksdrift, olje- og gassutvinning og bygge- og anleggsvirksomhet","Boggestranda 398","6460","EIDSVÅG I ROMSDAL","71 23 35 61","","1"
"931231197","TOR HOLE MUSIKKTJENESTER","ENK","","Utøvende kunstnerisk virksomhet og underholdningsvirksomhet innenfor musikk","Kringstadvegen 1B","6411","MOLDE","","","0"
"921012276","TOR HÅKON UTIGARD","ENK","","Melkeproduksjon på storfe og oppdrett av melkekyr","Eikesdalsvegen 2184A","6472","EIKESDAL","","","1"
"993739855","TOR INGARS GITARSKOLE Tor Ingar Juel Sukke","ENK","","Kulturskoleundervisning til barn og unge","Røbekkvegen 6","6421","MOLDE","","www.home.no/tisukke","0"
"816381592","TOR OLAV HANSET KJØLSTAD","ENK","","Melkeproduksjon på storfe og oppdrett av melkekyr","Langevegen 301","6364","VISTDAL","","","1"
"877332462","TOR OLAV VEVANG","ENK","5","Melkeproduksjon på storfe og oppdrett av melkekyr","Eikesdalsvegen 2176","6472","EIKESDAL","71 23 45 17","","1"
"981656555","TOR-STEINAR LIEN","ENK","","Kombinert husdyrhold og planteproduksjon","Vistdalsvegen 957","6364","VISTDAL","71 23 51 71","","0"
"935104599","TORA BREVIK","ENK","","Andre tjenester tilknyttet kunstnerisk virksomhet og underholdningsvirksomhet","Strandgata 25","6415","MOLDE","","","1"
"989010808","TORAND INVEST AS","AS","","Utleie av egen eller leid fast eiendom","Boråsvegen 4","6415","MOLDE","71 25 45 27","","1"
"918709916","TORBEN HOLDING AS","AS","","Andre egeninvesteringsselskaper","Gujordsvegen 9","6450","HJELSET","","","0"
"969425491","TORBJØRN UTIGARD","ENK","","Melkeproduksjon på storfe og oppdrett av melkekyr","Eikesdalsvegen 2184A","6472","EIKESDAL","","","1"
"980386627","TORE ANDESTAD","ENK","","Annen undervisning ellers","Saksegjerdet 11A","6456","SKÅLA","71 24 07 03","","0"
"932914875","TORE JARL OLSEN","ENK","","Annen undervisning ellers","Boråsvegen 39","6415","MOLDE","","","1"
"927939517","TORE MIDTHAUG","ENK","","Godstransport på vei","Øvre Istad veg 2","6453","KLEIVE","","","1"
"913853547","TORE SUNDE AS","AS","","Kombinerte tjenester tilknyttet eiendomsdrift","Hamnegata 35","6413","MOLDE","","","1"
"937470673","TORE ÆSØY NES","ENK","","Allmennlegetjenester","Tyttebærsvingen 31A","6429","MOLDE","","","1"
"971168412","TORES BILFORMIDLING Tore Morewood","ENK","","Detaljhandel med motorvogner","Prestegardsvegen 3","6460","EIDSVÅG I ROMSDAL","","","1"
"979180632","TORGEIR BJØRNVOLD","ENK","","Industri-, produkt- og motedesignvirksomhet","Innsidevegen 458","6475","MIDSUND","","","1"
"932139197","TORGEIR JANBU","ENK","","Allmennlegetjenester","Kringsjåvegen 7","6414","MOLDE","","","1"
"988383546","TORGET 1 MOLDE AS","AS","","Utleie av egen eller leid fast eiendom","Torget 1","6413","MOLDE","","","1"
"947654624","TORGET 2 MOLDE ANS","ANS","","Utleie av egen eller leid fast eiendom","Torget 2","6413","MOLDE","71 25 02 50","","1"
"921008481","TORGET 3 MOLDE AS","AS","","Utleie av egen eller leid fast eiendom","Øverbøen 22","6411","MOLDE","","","1"
"990064032","TORGET 4 MOLDE AS","AS","","Utleie av egen eller leid fast eiendom","Nøisomhed","6405","MOLDE","71 20 22 00","","1"
"921726147","TORGNESSKAR KONSULENTSERVICE","ENK","","Annen forretningsmessig tjenesteyting ikke nevnt annet sted","Stubøvegen 26","6460","EIDSVÅG I ROMSDAL","","","0"
"933835154","TORHEIM MUSIC","ENK","","Utøvende kunstnerisk virksomhet og underholdningsvirksomhet innenfor musikk","Torleifvegen 2","6416","MOLDE","","","1"
"929155793","TORHEIM MUSIKKTJENESTER","ENK","","Utøvende kunstnerisk virksomhet og underholdningsvirksomhet innenfor musikk","Torleifvegen 2","6416","MOLDE","","","1"
"935053439","TORHUS CAKE-AWAY","ENK","","Produksjon av brød og ferske konditorvarer","Vikdalsvegen 99","6456","SKÅLA","","","1"
"970420894","TORHUS ELLEN","ENK","","Uoppgitt","Parkvegen 68C","6412","MOLDE","","","0"
"937140622","TORHUS MEKANISKE","ENK","","Reparasjon og vedlikehold av maskiner","Torhusvegen 75","6470","ERESFJORD","","","1"
"986295097","TORHUS SHIPPING AS","AS","9","Andre støttetjenester for transport","Parkvegen 68C","6412","MOLDE","71 25 13 33","","1"
"984499930","TORILL D HUNGNES","ENK","","Oppdrett av annet storfe til kjøttproduksjon og sædproduksjon","Øverbygda 259","6450","HJELSET","71 24 13 36","","1"
"936442722","TORILL JOHANSEN","ENK","","Andre personlige tjenester ikke nevnt annet sted","Sjølivegen 237","6462","RAUDSAND","","","1"
"995915391","TORILL SILSET BAKKEN","ENK","","Utleie av egen eller leid fast eiendom","Hammervollhagen 18","6460","EIDSVÅG I ROMSDAL","71 23 56 21","","1"
"933355985","TORJUUL INVEST AS","AS","","Utleie av egen eller leid fast eiendom","Naustevegen 103","6470","ERESFJORD","","","1"
"971035935","TORLEIV SAGSTAD","ENK","","Melkeproduksjon på storfe og oppdrett av melkekyr","Tollåsvegen 37","6456","SKÅLA","71 24 13 01","","1"
"812482882","TORMOD HELGETUN","ENK","","Oversettelses- og tolkevirksomhet","Fannestrandvegen 29","6415","MOLDE","","","1"
"917185905","TORMOD HJELSET","ENK","","Skogskjøtsel og andre skogbruksaktiviteter","Ravnebakken 32","6425","MOLDE","","","0"
"995805979","TORNES DYKK","ENK","","All annen faglig, vitenskapelig og teknisk virksomhet ikke nevnt annet sted","Peter Solemdals veg 34","6414","MOLDE","","","0"
"986618589","TORNES FYSIKALSKE INSTITUTT","ENK","","Fysioterapi- og ergoterapitjenester","Strandgata 3","6415","MOLDE","71 21 58 40","","1"
"922073570","TORNES SOLUTIONS","ENK","","Dataprogrammeringstjenester","Husbyvegen 53","6470","ERESFJORD","","","0"
"911820277","TORSTEIN FUGLSETH","ENK","","All annen faglig, vitenskapelig og teknisk virksomhet ikke nevnt annet sted","Torleifvegen 5","6416","MOLDE","71 25 50 79","","0"
"920865690","TOS-KON TORGEIR SOLLI","ENK","","Bedriftsrådgivning og annen administrativ rådgivning","Orionvegen 13C","6419","MOLDE","","","1"
"991108319","TOSI INVEST AS","AS","","Bedriftsrådgivning og annen administrativ rådgivning","c/o Terje Simonsen Birkelandvegen 41C","6416","MOLDE","","","1"
"937378599","TOTALSERVICE EIDSVÅG AS","AS","","Detaljhandel med motorvogner","Prestegardsvegen 16","6460","EIDSVÅG I ROMSDAL","","","1"
"928106500","TOTENVEGEN 439 AS","AS","","Utleie av egen eller leid fast eiendom","Skallvegen 1","6453","KLEIVE","","","0"
"899292022","TOTJUETO GJELLESTAD","ENK","","Produksjon av film, video og fjernsynsprogrammer","Hamnevikbøen 19","6456","SKÅLA","","www.totjueto.no","1"
"932317052","TOTRID HOLDING AS","AS","","Uoppgitt","c/o Trond Olav Malo Langfjordvegen 199","6456","SKÅLA","","","0"
"987493577","TOVEN BRUKTBIL DA","DA","","Detaljhandel med motorvogner","Talsetvegen 92","6460","EIDSVÅG I ROMSDAL","71 23 33 62","","1"
"897762552","TOVEN EIENDOM AS","AS","","Uoppgitt","","6460","EIDSVÅG I ROMSDAL","","","1"
"974389118","TOVEN KNUT","ENK","","Melkeproduksjon på storfe og oppdrett av melkekyr","Tiltereidet 60","6460","EIDSVÅG I ROMSDAL","","","1"
"888936742","TP INVEST AS","AS","","Andre egeninvesteringsselskaper","Ravnebakken 13","6425","MOLDE","","","0"
"982681243","TRAFIKKTERMINALEN MOLDE AS","AS","5","Tjenester tilknyttet landtransport ikke nevnt annet sted","Hamnegata 35","6413","MOLDE","71 21 34 80","www.trafikkmolde.no","1"
"984372264","TRAKTOR & ANLEGG AS","AS","8","Engroshandel med maskiner og utstyr til jordbruk og skogbruk","Baklivegen 5","6450","HJELSET","71 21 19 99","","1"
"985895066","TRANEBÆRET AS","AS","","Bedriftsrådgivning og annen administrativ rådgivning","Tranebærvegen 11","6429","MOLDE","71 21 61 00","","1"
"915183549","TRANSPOL BYGG AS","AS","","Oppføring av bygninger","","6475","MIDSUND","","","1"
"913530071","TRAUST HOLDING AS","AS","","Uoppgitt","Sofus Jørgensens veg 5","6415","MOLDE","","","0"
"918116508","TRAVEL TORSVIK","ENK","","Reisearrangørvirksomhet ellers","Løvsangervegen 30","6425","MOLDE","","","1"
"989561367","TRE&TIND STÅLE JOHAN AKLESTAD","ENK","","Fotografvirksomhet","Øvre veg 10C","6413","MOLDE","","staleaklestad.no","1"
"921515219","TREGANGEN AS","AS","","Uoppgitt","Kringstadvegen 30","6411","MOLDE","","","0"
"927376598","TRENDLIGHTS BY HERSKEDAL","ENK","","Annen industriproduksjon ikke nevnt annet sted","Bolsøyvegen 7","6415","MOLDE","46 83 26 64","trendlights.no","0"
"938297193","TRIANGEL AS","AS","","Konsulentvirksomhet tilknyttet informasjonsteknologi og forvaltning og drift av it-systemer","Eikremsvingen 9","6422","MOLDE","","www.triangel.no","1"
"918166106","TRIANGEL SECURITY AS","AS","","Konsulentvirksomhet tilknyttet informasjonsteknologi og forvaltning og drift av it-systemer","Grandfjæra 28","6415","MOLDE","","www.triangelsecurity.no","1"
"922946752","TRIBUNEBYGGET MOLDE AS","AS","","Utleie av egen eller leid fast eiendom","Idrettsvegen 2","6413","MOLDE","","","1"
"932255693","TRIDENT AQUA SERVICES AS","AS","6","Innenriks sjøfart med gods","Øvre veg 24","6415","MOLDE","","","1"
"932255669","TRIDENT BORROWER AS","AS","","Innenriks sjøfart med gods","Øvre veg 24","6415","MOLDE","","","1"
"985590133","TRIDENT FEEDTRANS AS","AS","","Tjenester tilknyttet fiske, fangst og akvakultur","Øvre veg 24","6415","MOLDE","","","1"
"932255642","TRIDENT PARENT AS","AS","","Innenriks sjøfart med gods","Øvre veg 24","6415","MOLDE","","","1"
"981494180","TRIDENT SALMON STAR II AS","AS","","Innenriks sjøfart med gods","Øvre veg 24","6415","MOLDE","","","1"
"992246227","TRIDENT SHIPHOLDING AS","AS","","Utleie og leasing av sjøtransportmateriell","Øvre veg 24","6415","MOLDE","","","1"
"881289172","TRIO TREINDUSTRI ANS","ANS","","Saging og høvling av tre","","6364","VISTDAL","","","0"
"893363882","TROIKA HOLDING AS","AS","","Utvikling og salg av byggeprosjekter","Innsidevegen 980","6475","MIDSUND","","","1"
"951926329","TROLDMYR MØBELFABRIKK AS","AS","","Produksjon av møbler","Rødstrandvegen 438","6460","EIDSVÅG I ROMSDAL","71 23 16 60","","1"
"823041772","TROLLTEK AS","AS","","Godstransport på vei","Geitneshøgda 8A","6456","SKÅLA","","","1"
"911614723","TROND HJELSET AS","AS","6","Grunnarbeid","Nøisomhedvegen 57","6419","MOLDE","","","1"
"982097126","TROND SÆTTEM","ENK","","Fotografvirksomhet","Moldelivegen 32","6413","MOLDE","","","1"
"920025501","TROND TORNES AS","AS","","Andre egeninvesteringsselskaper","Røbergvegen 64","6475","MIDSUND","","","1"
"937303068","TROØIEN LEIRVOLL PSYKOLOGTJENESTER","ENK","","Psykolog- og psykoterapitjenester, unntatt legetjenester innenfor psykiatri","Skolevegen 2","6410","MOLDE","","","1"
"991876766","TRUDE BERSÅS THØRING","ENK","","Avvirkning","Bersåsvegen 23","6462","RAUDSAND","","","0"
"917623376","TRUDE NANETTE SÆTHER","ENK","","Psykolog- og psykoterapitjenester, unntatt legetjenester innenfor psykiatri","Sagvegen 4B","6412","MOLDE","","","0"
"917859787","TRULS NJ FREELANCE TRULS NORDSTRAND JACOBSEN","ENK","","Distribusjon av film og video","Astrupvegen 9","6419","MOLDE","","","0"
"930152579","TRYGG-INVESTERING AS","AS","","Kjøp og salg av egen fast eiendom","Eidsvågvegen 70","6460","EIDSVÅG I ROMSDAL","","","1"
"986669760","TRYGVE DANIELSEN FYSIOTERAPI","ENK","","Fysioterapi- og ergoterapitjenester","Hauanvegen 12","6414","MOLDE","","","0"
"920384870","TRYM ABRAHAMSEN HOLDING AS","AS","","Bedriftsrådgivning og annen administrativ rådgivning","Fuglsetvegen 15","6415","MOLDE","","","0"
"937259352","TRÆET AS","AS","27","Drift av restauranter","Torget 1","6413","MOLDE","","","1"
"989116819","TS AKTIVA HOLDING AS","AS","","Andre egeninvesteringsselskaper","Myrabakken 1","6413","MOLDE","","","0"
"998662044","TS BYGG OG ANLEGG AS","AS","","Oppføring av bygninger","Åsagardvegen 116","6460","EIDSVÅG I ROMSDAL","","","1"
"927095017","TS SERVICE AS","AS","","Reparasjon og vedlikehold av maskiner","Istadlivegen 131","6453","KLEIVE","","","1"
"930097594","TSG CONSULTING AS","AS","","Bedriftsrådgivning og annen administrativ rådgivning","Grandfjæra 24D","6415","MOLDE","","","1"
"915188052","TSG GROUP AS","AS","","Konsulentvirksomhet tilknyttet informasjonsteknologi og forvaltning og drift av it-systemer","Grandfjæra 24D","6415","MOLDE","","","1"
"937431139","TSG INVESTMENTS AS","AS","","Uoppgitt","Bergsbakken 4","6423","MOLDE","","","0"
"930097616","TSG PROPERTY AS","AS","","Utleie av egen eller leid fast eiendom","Grandfjæra 24D","6415","MOLDE","","","1"
"963250320","TT PROSJEKTINVEST ANS","ANS","","Utleie av egen eller leid fast eiendom","c/o TT Invest ANS Dragarøra 2","6457","BOLSØYA","","","0"
"919781106","TTK INVEST AS","AS","","Reparasjon og vedlikehold av motorvogner","Hendenvegen 2","6423","MOLDE","","","0"
"898226832","TUFTE MARKUS NYGÅRD","ENK","","Fiske og fangst i sjø","Midøyvegen 334","6475","MIDSUND","","","1"
"955890957","TULIBRI ANS","ANS","","","Fannestrandvegen 83","6416","MOLDE","","","0"
"925875317","TULIPS INVEST AS","AS","","Uoppgitt","Eikremsvingen 19","6422","MOLDE","","","0"
"984963955","TUNGESVIK HOBBY & FRITID","ENK","","Konsulentvirksomhet tilknyttet informasjonsteknologi og forvaltning og drift av it-systemer","Jordbærvegen 29A","6421","MOLDE","","","0"
"896480332","TUNINGSERVICE MOLDE Espen Listaul","ENK","","Reparasjon og vedlikehold av motorvogner","Rabben 8","6421","MOLDE","","www.tuningservicemolde.no","1"
"996830942","TUSENKUNST HOLDING AS","AS","","Utleie av egen eller leid fast eiendom","Peter Solemdals veg 8","6414","MOLDE","","","1"
"927294567","TUSENKUNST HOLDING II AS","AS","","Uoppgitt","Peter Solemdals veg 8","6414","MOLDE","","","1"
"836359852","TUSTEN SKIHEISER AS","AS","12","Drift av idrettsanlegg","Fannestrandvegen 125","6419","MOLDE","71 25 51 22","","1"
"929307151","TUTTA FORZA MUSIC AABERG","ENK","","Skapende kunstnerisk virksomhet innenfor komposisjon av musikk","Jordbærvegen 29B","6421","MOLDE","","","1"
"923189831","TUVIN HOLDING AS","AS","","Uoppgitt","Grandvegen 2","6415","MOLDE","","","0"
"929018982","TVEIT FOTO","ENK","","Fotografvirksomhet","Geitnessvingen 62","6456","SKÅLA","","","0"
"924601469","TVERDAL INVEST AS","AS","","Kjøp og salg av egen fast eiendom","Nygjerdesvingen 9A","6421","MOLDE","","","0"
"926397699","TVERFJELL DATASTRUKTURER","ENK","","Konsulentvirksomhet tilknyttet informasjonsteknologi og forvaltning og drift av it-systemer","Skogvegen 6B","6415","MOLDE","","","0"
"989185861","TVERFJELL EIENDOM AS","AS","","Reparasjon og vedlikehold av motorvogner","Løkenveien 2 A","6423","MOLDE","71 24 08 00","","1"
"833453122","TVERFJELL EIENDOM ONA AS","AS","","Utleie av egen eller leid fast eiendom","Løkenvegen 2","6423","MOLDE","","","1"
"989185888","TVERFJELL HOLDING AS","AS","","Reparasjon og vedlikehold av motorvogner","Løkenveien 2 A","6423","MOLDE","71 24 08 00","","0"
"836901002","TVERFJELL VEILEDNING OG RÅD","ENK","","Barneverntjenester","Hjelsetvegen 28","6450","HJELSET","","","1"
"935094607","TVS HOLDING AS","AS","","Uoppgitt","Moldelivegen 90","6413","MOLDE","","","1"
"921978219","TVSU INVEST AS","AS","","Uoppgitt","Oscar Hanssens veg 1","6415","MOLDE","","","0"
"918272828","TØMRER GEORG HÅNDLYKKEN AS","AS","9","Oppføring av bygninger","Ranesvegen 26","6456","SKÅLA","","","1"
"933552187","TØMRER GRIBBESTAD","ENK","","Oppføring av bygninger","c/o Siri Havnes & Per H. Gribbestad Kreklingbakken 23","6429","MOLDE","","","1"
"911799456","TØMRER LARS SANDVIK","ENK","","Oppføring av bygninger","Nøisomhedvegen 16","6419","MOLDE","","","1"
"922392560","TØMRER OLAV SOLLI","ENK","","Oppføring av bygninger","Istadvegen 852","6453","KLEIVE","","","1"
"935317932","TØMRER TEAM AS","AS","","Oppføring av bygninger","Horsgårdvegen 35","6456","SKÅLA","","","1"
"970455469","TØMRER AASMUND HOLE TALSET","ENK","","Snekkerarbeid","Lunheimvegen 12","6416","MOLDE","","","1"
"976100433","UGELSTAD KJØRESKOLE","ENK","","Undervisning ved godkjente trafikkskoler","Bergmovegen 28","6419","MOLDE","","","1"
"916370938","UGELVIK BYGGSERVICE","ENK","","Oppføring av bygninger","Gamlevegen 23","6423","MOLDE","","","1"
"924725729","UKBE DISTRIBUSJON","ENK","","Andre post- og budtjenester","Fuglsetbakken 12","6416","MOLDE","","","1"
"937322313","UKKELBERG AS","AS","","Drift av søkemotorer","c/o Stine Godejord Ukkelberg Fannebakken 13B","6423","MOLDE","","","1"
"914392918","UKKELBERG HOLDING AS","AS","","Oppføring av bygninger","Gammelseterlia 11","6422","MOLDE","","","0"
"927559668","ULRIK BOLSØNES SVENDSEN","ENK","","Utøvende kunstnerisk virksomhet og underholdningsvirksomhet innenfor musikk","Sagvegen 25","6412","MOLDE","","","1"
"927333538","ULRIK SVERDRUP MOLTON","ENK","","Bedriftsrådgivning og annen administrativ rådgivning","Sjøgardsbakken 1","6460","EIDSVÅG I ROMSDAL","","","1"
"918906789","ULSTABAKKJIN AS","AS","","Andre egeninvesteringsselskaper","Jakob Bjørnås veg 4","6416","MOLDE","","","0"
"933364194","UNDHEIM AS","AS","","Grunnarbeid","Vestre Mellomveg 5","6416","MOLDE","","","1"
"924809450","UNIKUM CONSULT RASMUSSEN","ENK","","Reklamebyråvirksomhet","Osvegen 59","6453","KLEIVE","","","0"
"989209256","UPC HOLDING AS","AS","","Engroshandel med informasjons- og kommunikasjonsteknologiutstyr","Nøisomhedveien 36","6419","MOLDE","71 20 24 00","","1"
"834949822","URBAN-GARTNEREN AS","AS","7","Dyrking av ettårige vekster ellers","Årøsetervegen 5","6422","MOLDE","","","1"
"912167127","URMAKER JERMSTAD AS","AS","7","Detaljhandel med ur, klokker og smykker","Storgata 57","6413","MOLDE","71 25 50 57","www.protid.no","1"
"937915403","UROTERAPEUT HÅNDLYKKEN","ENK","","Sykepleietjenester og andre helsetjenester i hjemmet","Hjellhaugen 12","6450","HJELSET","","","1"
"933364305","US SERVICE AS","AS","","Elektrisk installasjonsarbeid","Kubergvegen 21","6462","RAUDSAND","","","1"
"987732970","UTEGRUPPEN AS","AS","","Detaljhandel med sportsvarer","c/o Harald Harstad Peter Solemdals veg 8","6414","MOLDE","55 31 66 84","www.ute.no","1"
"921075723","UTEGYM AS","AS","","Utleie av egen eller leid fast eiendom","Anders Sandvigs veg 17A","6414","MOLDE","","","0"
"822399622","UTENDØRS MIDSUND AS","AS","","Detaljhandel med sportsvarer","Lyngjavegen 8","6475","MIDSUND","","www.utendors.no","1"
"931007173","UTIGARD AGRO AS","AS","","Reparasjon og vedlikehold av maskiner","Eikesdalsvegen 2184A","6472","EIKESDAL","","","1"
"969595966","UTIGARD TORFINN","ENK","","Sauehold","Eikesdalsvegen 2120","6472","EIKESDAL","","","0"
"916073070","UTLEIEVERTEN SLETTVÅG","ENK","","Utleie av egen eller leid fast eiendom","Skogvegen 8A","6415","MOLDE","","","1"
"980478459","UTROR Svein Asgeir Bjørnerem","ENK","","Aktiviteter utført av utflukts- og eventarrangører","Hauanvegen 1A","6414","MOLDE","92 20 03 82","","1"
"914581273","UVSPORT ADRIAN HAVORSETH SUNDE","ENK","","Engroshandel med andre husholdningsvarer","Smievegen 6","6421","MOLDE","","","0"
"923315888","V&E INVEST AS","AS","","Uoppgitt","c/o Einar Bråten Hjetland Rådyrvegen 60","6425","MOLDE","","","0"
"990210578","V2 EIENDOM AS","AS","","Uoppgitt","Amtmann Leths gate 16","6413","MOLDE","91 57 43 32","","1"
"987664304","V5 MOLDE AS","AS","","Utleie av egen eller leid fast eiendom","Nøisomhed","6405","MOLDE","71 20 22 00","","0"
"930715522","VAB INVEST AS","AS","","Uoppgitt","Elgsåslia 17","6421","MOLDE","","","0"
"934946901","VAKKER PÅ LANDET , MONICA S. VEVANG","ENK","","Skjønnhetspleie","Eikesdalsvegen 2176","6472","EIKESDAL","","","1"
"937800797","VAKTPORTAL AS","AS","","Dataprogrammeringstjenester","Høglivegen 16G","6450","HJELSET","","","1"
"970196641","VALDERHAUG HARALD M","ENK","","Fotografvirksomhet","Grandfjæra 8","6415","MOLDE","","","0"
"915457118","VALLDAL FJORDHOTELL AS","AS","","Utleie av egen eller leid fast eiendom","Nøysomhed Fannestrandvegen 125","6419","MOLDE","","","1"
"935787629","VALSTRAND INVEST AS","AS","","Uoppgitt","Røbekklia 23","6420","MOLDE","","","1"
"943661227","VALU AS","AS","","Annen teknisk konsulentvirksomhet","Utsidevegen 37","6475","MIDSUND","","","0"
"969841061","VALVED KNUT","ENK","","Melkeproduksjon på storfe og oppdrett av melkekyr","Tiriltungevegen 56","6423","MOLDE","","","1"
"923657908","VANDELAY HOLDING AS","AS","","Andre egeninvesteringsselskaper","c/o Øyvind Heiberg Solli Øvre Krohnstad veg 30","6421","MOLDE","","","1"
"923847820","VANDELAY INVEST AS","AS","","Utleie av egen eller leid fast eiendom","c/o Øyvind Heiberg Solli Øvre Krohnstad veg 30","6421","MOLDE","","","1"
"931375954","VANG AMDAM AS","AS","","Uoppgitt","Gamlevegen 26","6423","MOLDE","","","0"
"929060016","VANGSHAUGEN AS","AS","","Drift av vandrerhjem og ferieleiligheter","Vangshaugen","6600","SUNNDALSØRA","","","1"
"912093042","VANIA CUNHA","ENK","","Skapende kunstnerisk virksomhet innenfor visuell kunst","Nøisomhedvegen 43A","6419","MOLDE","","www.vaniacunha.com","0"
"930294675","VARDESTUA EIENDOM AS","AS","","Utleie av egen eller leid fast eiendom","Strandgata 10B","6415","MOLDE","","","1"
"936645798","VARDHEIM HOLDING AS","AS","","Uoppgitt","Fuglsetbakken 15","6416","MOLDE","","","1"
"933743527","VARME OG KULDE MOLDE AS","AS","13","Kuldeanlegg-, varmepumpearbeid og installasjon av peiser","c/o Ivar Andreas Opdahl Gammelseterlia 12","6422","MOLDE","","","1"
"918653988","VARNES DRIFT","ENK","","Tjenester tilknyttet skogbruk","Vardnesvegen 52","6475","MIDSUND","","varnesdrift.no","1"
"933856968","VARPEN LANGLEITE HELSE & PRESTASJON","ENK","","Fysioterapi- og ergoterapitjenester","c/o Wenche Varpen Tellusvegen 5B","6419","MOLDE","","","1"
"934069455","VASILEVSKIS BYGG&SERVICE","ENK","","Snekkerarbeid","Øvre veg 11","6413","MOLDE","","","1"
"988563056","VASSBETHAUGEN EIENDOM AS","AS","","Utleie av egen eller leid fast eiendom","Nøisomhed","6405","MOLDE","71 20 22 00","","1"
"821624142","VASSLI SKIPSKOMPETANSE","ENK","","Andre tjenester tilknyttet undervisning ikke nevnt annet sted","Kvernvegen 3","6416","MOLDE","","","1"
"933097641","VATLE CONSULTING","ENK","","Bedriftsrådgivning og annen administrativ rådgivning","Hagaplassen 38","6422","MOLDE","","","1"
"989252410","VATNE ARKITEKTER AS","AS","","Arkitektvirksomhet","Glomstuvegen 55","6410","MOLDE","71 25 05 40","www.kjellvatne.no","1"
"913554515","VATNE FYSIO- OG MANUELLTERAPI","ENK","","Fysioterapi- og ergoterapitjenester","c/o Molde Idrettsklinikk Idrettsvegen 2","6413","MOLDE","","","1"
"994819003","VATNEEIDET BUTIKKEIENDOM AS","AS","","Utleie av egen eller leid fast eiendom","Fannestrandvegen 125","6419","MOLDE","","","1"
"879142342","VBS VEST BRANNSIKRING Trygve Lennavik","ENK","","Annen teknisk konsulentvirksomhet","Adjunkt Dørums gate 41","6413","MOLDE","","","0"
"917566380","VEDDE EIENDOM AS","AS","","Utleie av egen eller leid fast eiendom","Fannestrandvegen 125","6419","MOLDE","","","1"
"923059830","VEGARD OTTERHALS","ENK","","Reparasjon og vedlikehold av maskiner","Ranesvegen 51","6456","SKÅLA","","","0"
"931118986","VEINS AS","AS","","Reklamebyråvirksomhet","Storgata 11","6413","MOLDE","","","0"
"935864860","VEKTRA AS","AS","","Opplevelsesaktiviteter","Røbekklia 23","6420","MOLDE","","","1"
"985829748","VELVÆRE SALONGEN Janne Bjerkeli Krohn","ENK","","Skjønnhetspleie","Steinskaret 13","6416","MOLDE","","","1"
"915154069","VENDING365 AS","AS","","Annen detaljhandel med andre nye varer","Kråkholmvegen 8","6460","EIDSVÅG I ROMSDAL","","","0"
"999303579","VENEKA AS","AS","","Uoppgitt","Sjøvikvegen 38","6475","MIDSUND","71 58 03 80","","0"
"930040525","VENAAS BYGGKOMPETANSE AS","AS","","Oppføring av bygninger","Frænavegen 98C","6415","MOLDE","","","1"
"937100000","VENÅS UTVIKLING AS","AS","","All annen faglig, vitenskapelig og teknisk virksomhet ikke nevnt annet sted","Nerlandsvegen 16D","6416","MOLDE","","","1"
"927205289","VENÅS VILT OG FISKEUTREDNING","ENK","","Jakt, fangst, viltstell og tilknyttede tjenester","Myrvegen 16","6421","MOLDE","","","1"
"923454810","VENAASBYGG BERNT ARVE LEIRMO VENAAS","ENK","","Oppføring av bygninger","Fannebostadvegen 21","6423","MOLDE","","","1"
"987664371","VERFTSGATA 10 MOLDE AS","AS","","Utleie av egen eller leid fast eiendom","Fannestrandvegen 125","6419","MOLDE","71 20 22 00","","1"
"987664355","VERFTSGATA 5 MOLDE AS","AS","","Utleie av egen eller leid fast eiendom","Nøisomhed","6405","MOLDE","71 20 22 00","","1"
"978615260","VERFTSGATA 8 AS","AS","","Utleie av egen eller leid fast eiendom","Verftsgata 8","6416","MOLDE","","","1"
"982164311","VERFTSGATEN 2 AS","AS","","Utleie av egen eller leid fast eiendom","Verftsgata 4","6416","MOLDE","","","1"
"981873610","VERFTSGATEN 4 AS","AS","","Utleie av egen eller leid fast eiendom","Verftsgata 4","6416","MOLDE","","","1"
"934513843","VERTSHUSET EIKESDAL AS","AS","9","Drift av restauranter","Eikesdalsvegen 1995","6472","EIKESDAL","","","1"
"933763315","VEST KRAFT AS","AS","","Produksjon av elektrisitet fra vannkraft","Kråkholmvegen 8","6460","EIDSVÅG I ROMSDAL","","","1"
"988708771","VESTADMYR AS","AS","","Konsulentvirksomhet tilknyttet informasjonsteknologi og forvaltning og drift av it-systemer","Vestadmyren","6418","SEKKEN","","www.vestadmyr.no","1"
"931447645","VESTGARD EIENDOM AS","AS","","Kjøp og salg av egen fast eiendom","Einar O. Bergs veg 14B","6423","MOLDE","","","1"
"995584263","VETERINÆR JANNE KANDAL","ENK","","Veterinærtjenester","Øverbøen 17","6411","MOLDE","","","0"
"929019849","VETERINÆR LIVE RYE STANGE","ENK","","Veterinærtjenester","Myrabakken 3","6413","MOLDE","","","1"
"918080252","VETERINÆR MARIT NEGÅRD FINNSET","ENK","","Veterinærtjenester","Eikesdalsvegen 3133","6472","EIKESDAL","","","1"
"933640450","VETERINÆR RYDJORD","ENK","","Veterinærtjenester","Nørstebøen 25","6453","KLEIVE","","","1"
"935017238","VETERINÆR TRINE SOLHEIM","ENK","","Veterinærtjenester","Fjellbruvegen 27","6429","MOLDE","","","1"
"993795283","VETO BYGG AS","AS","","Oppføring av bygninger","Gjerdesmettvegen 27","6425","MOLDE","","","1"
"929742834","VETTU, HAMMERØ","ENK","","Dyrking av grønnsaker, meloner, rot- og knollvekster","Åfløydalen Åfløyvegen 135","6453","KLEIVE","","","1"
"956208858","VEV-FOTO, INNEHAVER MAURICE A GODDARD","ENK","","Fotografvirksomhet","Åsleet 53","6456","SKÅLA","67 06 09 91","","0"
"913187032","VEVANG MASKIN AS","AS","","Grunnarbeid","Utigard","6472","EIKESDAL","","","0"
"926336312","VEØY EIENDOM AS","AS","","Utleie av egen eller leid fast eiendom","Sjøvikvegen 67","6475","MIDSUND","","","1"
"934856937","VIATRANS AS","AS","","Detaljhandel med motorvogner","Sundevegen 23","6475","MIDSUND","","","1"
"928309746","VIBECKE RØDSETH HOLDING AS","AS","","Uoppgitt","Vejlevegen 3","6415","MOLDE","","","0"
"929498372","VICTOR JOHAN DIAZ-STRANDEN","ENK","","Skogskjøtsel og andre skogbruksaktiviteter","Øverbygda 70","6450","HJELSET","","","1"
"928492265","VIDAR FLEMMEN","ENK","","Utøvende kunstnerisk virksomhet og underholdningsvirksomhet innenfor musikk","Orionvegen 7A","6419","MOLDE","","","0"
"994570919","VIDAR HJELVIK","ENK","","Sauehold","Fannefjordsvegen 885","6450","HJELSET","","","1"
"926592289","VIDAR MOLT - KONSULENT VOLT","ENK","","Annen teknisk konsulentvirksomhet","Statsråd Astrups gate 2","6413","MOLDE","","","0"
"986017739","VIDAR NORHEIM","ENK","","Utøvende kunstnerisk virksomhet og underholdningsvirksomhet innenfor musikk","Løvsangervegen 29","6425","MOLDE","71 21 05 40","","0"
"925760390","VIDAR THORSRUDHAGEN SYKKELVERKSTED","ENK","","Reparasjon og vedlikehold av andre husholdningsvarer og varer til personlig bruk ikke nevnt annet sted","Underetasje. Inngang fra Krubba. Gotfred Lies plass 1","6415","MOLDE","","","1"
"932236842","VIDUNAS SNEKKER","ENK","","Snekkerarbeid","Heimstevikvegen 3","6475","MIDSUND","","","1"
"933392015","VIK CONSULTING","ENK","","Pr og kommunikasjonstjenester","Eikremsvingen 71","6422","MOLDE","","","1"
"924365633","VIK SPORT","ENK","","Undervisning innenfor idrett og rekreasjon","Krohnhøgda 18","6421","MOLDE","","","1"
"989558838","VIKA FLOR Astrid Liv Harstad","ENK","","Detaljhandel med blomster, planter, gjødsel og plantevernmidler","Sjøvegen 21","6450","HJELSET","","","0"
"994426907","VIKAN FYSIOTERAPI","ENK","","Fysioterapi- og ergoterapitjenester","Røvik","6456","SKÅLA","","","1"
"895253332","VIKANES VILLSAU Steinar Johnsen","ENK","","Sauehold","Innsidevegen 784","6475","MIDSUND","71 27 87 71","","0"
"969259931","VIKHAGEN ARNFINN","ENK","","Bearbeiding av metaller","Ullalandsvegen 1","6455","KORTGARDEN","","","1"
"925811297","VIKHAGEN INTERIØRSNEKKER","ENK","","Snekkerarbeid","Risanvegen 204","6455","KORTGARDEN","","","1"
"963263112","VIKHAGEN MEK VERKSTED ANS OLAV OG ARNFINN VIKHAGEN","ANS","5","Produksjon av maskiner og utstyr til generell bruk ikke nevnt annet sted","Vågsetra","6456","SKÅLA","71 24 08 95","","1"
"927609894","VIKHAGEN ONLINE SERVICES","ENK","","Dataprogrammeringstjenester","Skårabakken 10","6456","SKÅLA","","vikhagen.com","0"
"973057553","VIKINGSUPPLY - FAGERLIE JOSTEIN","ENK","","Annen detaljhandel med andre nye varer","Verftsgata 6A","6416","MOLDE","71 21 55 85","www.paracord.no","1"
"930459305","VIKINGSUPPLY AS","AS","","Detaljhandel med sportsvarer","Verftsgata 6A","6416","MOLDE","","www.paracord.no","1"
"933806146","VIKTORIIA MOLCHANOVA","ENK","","Aktiviteter i dagspa, badstue og dampbad","c/o Viktoriia Molchanova Birkelandvegen 54B","6423","MOLDE","","","1"
"936697534","VILDE IVERSEN HOLDING AS","AS","","Uoppgitt","Smievegen 2","6421","MOLDE","","","1"
"919850922","VILDE LIVSDATTER SØNDERLAND","ENK","","Arkitektvirksomhet","Tømmervegen 1","6414","MOLDE","","vildelivsdatter.no","0"
"886643462","VILLA UTSIKTEN EIENDOM AS","AS","","Utleie av egen eller leid fast eiendom","Nøisomhed","6405","MOLDE","71 20 22 00","","1"
"929762037","VILLADSEN","ENK","","Allmennlegetjenester","Verftsgata 10","6416","MOLDE","","","1"
"987947136","VILLSAUKONGEN Ræstad","ENK","","Sauehold","Utsidevegen 1333","6475","MIDSUND","71 21 85 06","","0"
"927148838","VINDUSVASK MULERONKIENE","ENK","","Utvendig rengjøring av bygninger og industriell rengjøring","Skjervavegen 120","6475","MIDSUND","","","1"
"930338427","VINNU SPIRITS AS","AS","","Destillering, rektifisering og blanding av sprit","Sørstien 38","6411","MOLDE","","","1"
"916158181","VIO LEO VASILE-VIOREL LATARETU","ENK","","Undervisning innenfor idrett og rekreasjon","Frænavegen 421","6423","MOLDE","","","0"
"933920550","VIPPER AV KIRSTI BRULAND","ENK","","Skjønnhetspleie","Gjerdevegen 13","6475","MIDSUND","","","1"
"937132433","VIRE HOLDING AS","AS","","Uoppgitt","c/o Vire Creative Rights AS/Holding ProtoMore Kunnskapspark AS Britvegen 4","6410","MOLDE","","","1"
"915346251","VIST MEDIA AS","AS","","Skapende kunstnerisk virksomhet innenfor litteratur","Dragarøra 6","6457","BOLSØYA","","","1"
"918699589","VISTDAL CAMPING OG BILPLEIE ZYDRUNAS JUOCEVICIUS","ENK","","Drift av campingplasser","Vistdalsvegen 1075","6364","VISTDAL","","","1"
"936960014","VISTDAL LANDHANDEL AS","AS","","Detaljhandel med bredt vareutvalg med hovedvekt på nærings- og nytelsesmidler","Havnealleen 3","6364","VISTDAL","","","1"
"876336502","VISTDAL VEDFORMIDLING ANS","ANS","","Avvirkning","Myklebostad","6364","VISTDAL","71 23 52 24","","0"
"819200742","VITAL STATERA AS","AS","","Kjøp og salg av egen fast eiendom","Røbekkhagen 26","6421","MOLDE","","","1"
"921334389","VIVI SUNDE","ENK","","Utøvende kunstnerisk virksomhet og underholdningsvirksomhet innenfor scenekunst","Solbakken 75A","6429","MOLDE","","","0"
"820624262","VKT SUPERCARS AS","AS","","Detaljhandel med motorvogner","Torget 4","6413","MOLDE","","","0"
"934460057","VOGNHUSBAKKEN UTLEIEBOLIGER AS","AS","","Utleie av egen eller leid fast eiendom","c/o Malvin Gussiås Gamle Gussiåsvegen 185","6453","KLEIVE","","","1"
"917538972","VOLDSUND ETTERSØK","ENK","","Jakt, fangst, viltstell og tilknyttede tjenester","Sjøvegen 10","6450","HJELSET","","","1"
"982739772","VOLDSUND HOLDING AS","AS","","Bedriftsrådgivning og annen administrativ rådgivning","Jordbærvegen 31","6421","MOLDE","","","1"
"955068424","VOLLAN GARTNERI Ingeborg Aasen","ENK","","Utleie av egen eller leid fast eiendom","Åsagardvegen 172","6460","EIDSVÅG I ROMSDAL","","","1"
"934788303","VORONA MASSASJE","ENK","","Aktiviteter i dagspa, badstue og dampbad","Hovdenakvågen 1","6456","SKÅLA","","","1"
"961238544","VORPENES EIENDOM AS","AS","","Utleie av egen eller leid fast eiendom","","6450","HJELSET","","","1"
"983397476","VORPENES GÅRD","ENK","","Oppdrett av annet storfe til kjøttproduksjon og sædproduksjon","Mjelvehagen 51","6450","HJELSET","","","1"
"926909711","VORPENES GÅRDSUTSALG","ENK","","Bearbeiding og konservering av frukt og grønnsaker ellers","Mjelvehagen 51","6450","HJELSET","","","0"
"912533581","VORPENES VEIVEDLIKEHOLD AS","AS","6","Grunnarbeid","Mjelvehagen","6450","HJELSET","","","1"
"930952915","VR ELEKTRO AS","AS","","Elektrisk installasjonsarbeid","Istadvegen 688","6453","KLEIVE","","","1"
"937788940","VR INVEST 2 AS","AS","","Uoppgitt","Øvre Krohnstad veg 53","6421","MOLDE","","","1"
"989229737","VR INVEST AS","AS","","Andre egeninvesteringsselskaper","Øvre Krohnstad veg 53","6421","MOLDE","","","0"
"920685765","VS MASKIN VEBJØRN WESTAD SIGERSET","ENK","","Grunnarbeid","Istadvegen 235","6453","KLEIVE","","","0"
"952491474","VULKAN SKANDINAVIA AS","AS","","Engroshandel med maskiner og utstyr ellers","Byfogd Motzfeldts gate 6","6413","MOLDE","71 24 59 90","","1"
"988112941","VVC VENNERS VENNERS CLUB DA","DA","","Aktiviteter utført av utflukts- og eventarrangører","Frænavegen 61","6415","MOLDE","","www.vvc.no","0"
"950496215","VVS-TEAM AS","AS","17","Rørleggerarbeid","Verftsgata 8","6416","MOLDE","71 21 53 90","","1"
"934193237","VYER DIGITAL AS","AS","","Konsulentvirksomhet tilknyttet informasjonsteknologi og forvaltning og drift av it-systemer","Britvegen 4","6410","MOLDE","","","1"
"934570596","VYER ECO AS","AS","","Konsulentvirksomhet tilknyttet informasjonsteknologi og forvaltning og drift av it-systemer","Britvegen 4","6410","MOLDE","","","1"
"930756997","VØLAR HOEM AS","AS","","Annen teknisk konsulentvirksomhet","Kvam terrasse 15A","6411","MOLDE","","","1"
"992427140","VØLAR HOEM FRITID v/Arnstein Hoem","ENK","","Utvikling og salg av byggeprosjekter","Kvam terrasse 15A","6411","MOLDE","","","0"
"929417542","VÅG 2 AS","AS","","Utleie av egen eller leid fast eiendom","Reknesvegen 16","6413","MOLDE","","","0"
"916033079","VÅG AS","AS","","Utleie av egen eller leid fast eiendom","c/o Bernt Vågsæter Reknesvegen 16","6413","MOLDE","","","1"
"970960449","VÅGANE MATSENTER V/ULVESTAD A L","ENK","","Detaljhandel med bredt vareutvalg med hovedvekt på nærings- og nytelsesmidler","Skålavegen 1030","6456","SKÅLA","71240777","","1"
"932320185","VÅGEN HOLDING AS","AS","","Uoppgitt","Brattåsen 20","6423","MOLDE","","","0"
"917862710","VÅGSETHER AS","AS","","Agenturhandel med spesialisert vareutvalg ellers","Margareta Dahls gate 6","6413","MOLDE","","","1"
"994494031","VAAGSETHER BYGG","ENK","","Snekkerarbeid","Skakketeigen 2","6421","MOLDE","","","1"
"936299369","VAAGSETHER WORKS","ENK","","Pr og kommunikasjonstjenester","Amtmann Leths gate 16","6413","MOLDE","","","1"
"946559180","Vågsetra Bruk A/S","AS","","Utleie av egen eller leid fast eiendom","Brubakken 3","6456","SKÅLA","","","1"
"989230298","VÅRDAL HOLDING AS","AS","","Utleie av egen eller leid fast eiendom","Julsundvegen 113","6410","MOLDE","","","0"
"992306696","VÅRDAL INVEST AS","AS","","Utleie av egen eller leid fast eiendom","Julsundvegen 113","6410","MOLDE","91 12 47 90","","0"
"859370012","WADSTEN EINAR SLENES","ENK","","Oppdrett av annet storfe til kjøttproduksjon og sædproduksjon","Slenesvegen 171","6470","ERESFJORD","","","1"
"969401924","WAHLSTRØM HARALD ARVE","ENK","","Sauehold","Stubøvegen 298","6460","EIDSVÅG I ROMSDAL","","","1"
"985061793","WAKSVIK MUSIKK","ENK","","Utøvende kunstnerisk virksomhet og underholdningsvirksomhet innenfor musikk","Astrupvegen 41","6419","MOLDE","","","1"
"912676110","WATN","ENK","","Utøvende kunstnerisk virksomhet og underholdningsvirksomhet innenfor scenekunst","Fannestrandvegen 45","6415","MOLDE","","mariwatn.no","1"
"921769636","WATTEVER AS","AS","","Handel med elektrisitet","Plutovegen 5","6419","MOLDE","","","0"
"920967949","WE ESCAPE AS","AS","","Aktiviteter utført av utflukts- og eventarrangører","Amtmann Leths gate 27","6413","MOLDE","","","1"
"934387570","WEB3 WORLDBUILDING AS","AS","","Konsulentvirksomhet tilknyttet informasjonsteknologi og forvaltning og drift av it-systemer","Krohnhøgda 12B","6421","MOLDE","","","1"
"974645092","WEBTECH DA","DA","","Dataprogrammeringstjenester","Mekvegen 15 Blokk D 3 A","6411","MOLDE","71251304","","0"
"916962126","WEIBUST FYSIOTERAPI","ENK","","Fysioterapi- og ergoterapitjenester","Astrupvegen 11A","6419","MOLDE","","","0"
"918364234","WENCHE ANGVIK","ENK","","Andre helsetjenester ellers","Stubøvegen 145","6460","EIDSVÅG I ROMSDAL","","","0"
"929045696","WEST CONSULTING AS","AS","","Bedriftsrådgivning og annen administrativ rådgivning","Bergsbakken 8","6423","MOLDE","","","1"
"969425610","WESTAD JUST OVE","ENK","","Melkeproduksjon på storfe og oppdrett av melkekyr","Håkon Herdebreis veg 555","6418","SEKKEN","71247835","","0"
"931882325","WESTAD KOMPETANSE","ENK","","Annen undervisning ellers","Løkenvegen 33","6423","MOLDE","","","0"
"837071852","WHISKEYFOX HOLDING AS","AS","","Uoppgitt","Skrenten 10B","6411","MOLDE","","","1"
"835723372","WIBEKE OSHAUG","ENK","","Utøvende kunstnerisk virksomhet og underholdningsvirksomhet innenfor musikk","Kvam terrasse 24C","6411","MOLDE","","","1"
"925324213","WIIK FJELLSPORT","ENK","","Opplevelsesaktiviteter","c/o Odd-Roar Wiik Parkvegen 69","6412","MOLDE","","","0"
"919032820","WIIK FYSIOTERAPI","ENK","","Fysioterapi- og ergoterapitjenester","Øvre Krohnstad veg 44","6421","MOLDE","","","1"
"928921298","WIIK TRAFIKKSKOLE AUTO E MOTO","ENK","","Undervisning ved godkjente trafikkskoler","Bastian Widths gate 10","6415","MOLDE","","","1"
"998648793","WIKON SERVICES AS","AS","","Utleie av arbeidskraft og andre personaladministrative tjenester","Kleivbøen 9","6453","KLEIVE","","","1"
"984697015","WILLY SPORSHEIM","ENK","","Annen teknisk konsulentvirksomhet","c/o Siv Monica Ræstad Ræstadvegen 11","6475","MIDSUND","","","1"
"833415352","WINTER HOLDING AS","AS","","Uoppgitt","Kåre Solhjells veg 4","6415","MOLDE","","","1"
"917955956","WINTER-HJELM GEIT OG KRABBE","ENK","","Geitehold","Rusketeigen 13","6421","MOLDE","","","0"
"882947572","WISE CONSULTING AS","AS","10","Dataprogrammeringstjenester","Birger Hatlebakks veg 26","6415","MOLDE","","wise.no","1"
"994667866","WITZØE FOTKLINIKK","ENK","","Ortopedi- og fotterapitjenester","c/o Alf Einar Witzøe Rådyrvegen 64","6425","MOLDE","","www.witzoe.no","1"
"922590036","WOIE EIENDOM AS","AS","","Utleie av egen eller leid fast eiendom","Birkelandvegen 3","6416","MOLDE","","","1"
"922589984","WOIE HOLDING AS","AS","","Utleie av egen eller leid fast eiendom","Birkelandvegen 3","6416","MOLDE","","","0"
"937697775","WOLARA OKANOVIC","ENK","","Konsulentvirksomhet tilknyttet informasjonsteknologi og forvaltning og drift av it-systemer","Bokfinkvegen 15A","6425","MOLDE","","","1"
"993476625","WOLL NATURFOTO","ENK","","Fotografvirksomhet","Industrivegen 9","6475","MIDSUND","71 27 97 98","","1"
"997149440","WOOE OF NORWAY BY INGER-LISE DALBY","ENK","","Detaljhandel med klær","Øvre Krohnstad veg 37","6421","MOLDE","","www.wooe.no","0"
"934078276","WRH HOLDING AS","AS","","Uoppgitt","Raudsandbakken 105","6462","RAUDSAND","","","1"
"955427394","WÅGBØ EIENDOM AS","AS","","Utleie av egen eller leid fast eiendom","","6364","VISTDAL","71 23 51 40","","1"
"985637563","XANADU AS","AS","","Skjønnhetspleie","Parkvegen 72","6412","MOLDE","","","1"
"919076593","XENA EIENDOM AS","AS","","Oppføring av bygninger","Årtunvegen 18","6422","MOLDE","","","1"
"917877130","XPRO HOLDING AS","AS","","Andre egeninvesteringsselskaper","Øvre veg 24","6415","MOLDE","","","0"
"934055152","XT MOLDE AS","AS","","Treningssentervirksomhet","Plutovegen 1","6419","MOLDE","","","1"
"992837861","Y. HALTVIK AS","AS","16","Grunnarbeid","","6462","RAUDSAND","","","1"
"998368367","Y. HALTVIK TRANSPORT & EIENDOM AS","AS","5","Godstransport på vei","Raudsand","6462","RAUDSAND","","","1"
"833551582","YELYZAVETA BOCHAROVA","ENK","","Skjønnhetspleie","Amtmann Hammers veg 12","6413","MOLDE","","","1"
"934166787","YGDRASIL ENTERTAINMENT FOSS","ENK","","Produksjon og utgivelse av musikk- og lydopptak","Hjellhaugen 38","6450","HJELSET","","","1"
"917733724","YGGDRASILL BYGG AS","AS","","Oppføring av bygninger","Rødstrandvegen 309","6460","EIDSVÅG I ROMSDAL","","","1"
"921965869","YLTOR AS","AS","","Uoppgitt","Nothusmarka 42","6457","BOLSØYA","","","0"
"927895145","YNGVE REITE","ENK","","Andre tjenester tilknyttet kunstnerisk virksomhet og underholdningsvirksomhet","Heramb-Aamots veg 5","6414","MOLDE","","","1"
"984214979","YNGVE ØVERLI","ENK","","Grunnarbeid","Romsdalsgata 14","6415","MOLDE","","","1"
"925562262","YTTERHAUG KRAFT","ENK","","Produksjon av elektrisitet fra vannkraft","Ullalandsvegen 8","6455","KORTGARDEN","","","1"
"934145534","YTTERNES AS","AS","","Tjenester tilknyttet skogbruk","Istadvegen 503","6453","KLEIVE","","","1"
"929589963","ZAKI CHEBANI LEGE","ENK","","Allmennlegetjenester","Glomstuvegen 8","6412","MOLDE","","","0"
"937400748","ZAMA ALEX FRISØR","ENK","","Frisering og barbering","Amtmannvegen 20","6419","MOLDE","","","1"
"931013084","ZAURE KJØLL","ENK","","Utøvende kunstnerisk virksomhet og underholdningsvirksomhet innenfor musikk","Rådyrvegen 56","6425","MOLDE","","","1"
"933725936","ZIBAL AS","AS","","Dataprogrammeringstjenester","Birger Hatlebakks veg 26","6415","MOLDE","","","1"
"838092632","ZIEGELHEIMOVA CREATIVE","ENK","","","Øvre veg 10C","6413","MOLDE","","","0"
"934137787","ZOF AS","AS","","Dataprogrammeringstjenester","Hjellmyrnakken 15","6429","MOLDE","","","1"
"925801240","ZTRONIC AS","AS","","Utleie av arbeidskraft og andre personaladministrative tjenester","Kreklingbakken 11","6429","MOLDE","","","1"
"930782874","ZTRONIC EIENDOM AS","AS","","Kjøp og salg av egen fast eiendom","Kreklingbakken 11","6429","MOLDE","","","1"
"831605642","ZURO HOLDING AS","AS","","Dataprogrammeringstjenester","Grandfjæra 24D","6415","MOLDE","","","0"
"979657269","ØIE EIENDOM AS","AS","","Utleie av egen eller leid fast eiendom","Vårbekkvegen 8","6450","HJELSET","71 24 11 04","","1"
"870063822","ØIVIND LEREN","ENK","","Fotografvirksomhet","Roaldsetlia 17","6450","HJELSET","71 25 16 66","","1"
"928340511","ØKONOMI KONSULENT L. MYRDAL","ENK","","Regnskapsføring og bokføring","Orionvegen 13C","6419","MOLDE","","","1"
"992558466","ØKOTUNET AS","AS","","Utleie av egen eller leid fast eiendom","Fannestrandvegen 55","6415","MOLDE","71 24 15 00","","1"
"935818982","ØLANDER MINIGRAVING","ENK","","Grunnarbeid","Åsagardvegen 113","6460","EIDSVÅG I ROMSDAL","","","1"
"921109679","ØRA KAI AS","AS","","Utleie av egen eller leid fast eiendom","Sjøslettevegen 65","6475","MIDSUND","","","1"
"935563267","ØRAN NÆRINGSPARK AS","AS","","Utleie av egen eller leid fast eiendom","Mekvorpvegen 15","6411","MOLDE","","","1"
"932573547","ØRJAN MOREWOOD","ENK","","Grunnarbeid","Myra Øvervegen 210","6460","EIDSVÅG I ROMSDAL","","","1"
"998639913","ØRNEHAUGEN AS","AS","","Utvikling og salg av byggeprosjekter","Hjellmyrnakken 30","6429","MOLDE","","","1"
"985771308","ØRSKOG EIENDOM AS","AS","","Utleie av egen eller leid fast eiendom","Nøisomhed","6419","MOLDE","71 24 91 00","","1"
"922856443","ØSTBY FRILUFTSLIV OG GUIDING","ENK","","Guide- og reiseledervirksomhet","Fjellbruvegen 33","6429","MOLDE","","","1"
"924865261","ØSTBY HÅNDVERKERTJENESTER","ENK","","Oppføring av bygninger","Torleifvegen 7E","6416","MOLDE","","","1"
"923676066","ØSTREM FORLAG","ENK","","Utgivelse av bøker","c/o Svein Ove Østrem Blokkebærvegen 39","6429","MOLDE","","www.innaumnesingenforlag.com","0"
"923636897","ØVERLAND & CO AS","AS","18","Engroshandel med deler og utstyr for motorvogner","Fannestrandvegen 84A","6416","MOLDE","71 24 66 33","","1"
"921648790","ØVERLAND EIENDOM MOLDE AS","AS","","Utleie av egen eller leid fast eiendom","Fannestrandvegen 146","6419","MOLDE","","","1"
"935245281","ØVERLAND KONSULT","ENK","","Bedriftsrådgivning og annen administrativ rådgivning","Amtmann Leths gate 1","6413","MOLDE","","","1"
"931495380","ØVERLAND TRAFIKKSKOLE","ENK","","Undervisning ved godkjente trafikkskoler","Siriusvegen 18","6419","MOLDE","","abcskole.no","1"
"930708208","ØVERLIEN EIENDOM AS","AS","","Utleie av egen eller leid fast eiendom","Hovdenakvågen 16","6456","SKÅLA","","","1"
"930071765","ØVERÅS ANGUS","ENK","","Melkeproduksjon på storfe og oppdrett av melkekyr","Pestuvegen 9","6470","ERESFJORD","","","1"
"970456546","ØVERÅS BJØRNAR","ENK","","Snekkerarbeid","Ljørvoll Frisvollvegen 124","6470","ERESFJORD","","","1"
"917243131","ØVERÅS INVEST AS","AS","","Utleie av egen eller leid fast eiendom","Hjellmyrnakken 10","6429","MOLDE","","","0"
"969397498","ØVERÅS JOSTEIN","ENK","","Utleie av egen eller leid fast eiendom","Øveråsvegen 104","6470","ERESFJORD","","","1"
"931958216","ØVERAAS MULTISERVICE","ENK","","Reparasjon og vedlikehold av maskiner","Sollivegen 101C","6414","MOLDE","","","1"
"923761403","ØVFIRØ MASKINLAG ANS","ANS","","Tjenester tilknyttet planteproduksjon","v/ Bård Øverås Pestuvegen 36","6470","ERESFJORD","","","1"
"823197942","ØVRE 2 AS","AS","","Utleie av egen eller leid fast eiendom","c/o Oshaug AS Grandfjæra 20","6415","MOLDE","","","1"
"923370315","ØVRE SLENES V/GARD WADSTEN","ENK","","Oppdrett av annet storfe til kjøttproduksjon og sædproduksjon","Slenesvegen 171","6470","ERESFJORD","","","1"
"916791305","ØVRE VEG 27 AS","AS","","Utleie av egen eller leid fast eiendom","v/Ketil Vestad","6418","SEKKEN","","","1"
"926397338","ØVRE VEG AS","AS","","Utleie av egen eller leid fast eiendom","Øvre veg 13","6413","MOLDE","","","1"
"999573592","ØVSTEDAL SKOG","ENK","","Tjenester tilknyttet skogbruk","Langfjordvegen 202","6456","SKÅLA","","","1"
"927233258","ØYBRIS INVEST AS","AS","","Uoppgitt","Dragarøra 23","6457","BOLSØYA","","","0"
"882836592","ØYELEGE STEIN ARILD KJØRSVIK","ENK","","Spesialiserte legetjenester, unntatt psykiatriske legetjenester","Verftsgata 10","6416","MOLDE","71 58 58 95","","1"
"969985489","ØYEN DAN ÅGE","ENK","","Veterinærtjenester","Sandvegen 23","6413","MOLDE","","","1"
"932859807","ØYEN UNDERHOLDNING","ENK","","Utøvende kunstnerisk virksomhet og underholdningsvirksomhet innenfor musikk","Skogvegen 46","6415","MOLDE","","","1"
"928947785","ØYLAKS DRIFT AS","AS","6","Utleie av egen eller leid fast eiendom","Digernesvegen 100","6475","MIDSUND","","","1"
"981824563","ØYSTEIN EIKELAND","ENK","","Allmennlegetjenester","Storgata Legekontor Storgata 13-14","6413","MOLDE","","","1"
"987977183","ØYSTEIN HEGGSTAD","ENK","","Skapende kunstnerisk virksomhet innenfor komposisjon av musikk","Kristianplassen 1","6410","MOLDE","71 21 21 32","","0"
"927520265","ØYSTEIN HOLLÅS","ENK","","Annen undervisning ellers","Gujordsvegen 19","6450","HJELSET","","","0"
"976221737","ØYSTEIN HURLEN","ENK","","Agenturhandel med spesialisert vareutvalg ellers","Hargautvegen 4","6460","EIDSVÅG I ROMSDAL","","","1"
"919687541","ØYSTEIN NESSE","ENK","","Guide- og reiseledervirksomhet","Solvegen 3","6419","MOLDE","","","1"
"997638964","ØYSTEIN ØVERLI","ENK","","Avvirkning","Moldelivegen 93B","6412","MOLDE","","","1"
"925586722","ØYVIND BLØ PT","ENK","","Undervisning innenfor idrett og rekreasjon","Kringstadstien 4","6411","MOLDE","","","0"
"912826597","ØYVIND BOLSØ","ENK","","Melkeproduksjon på storfe og oppdrett av melkekyr","Trollpilvegen 322","6457","BOLSØYA","","","1"
"911970988","ØYVIND EIDE","ENK","","Engroshandel med maskiner og utstyr til jordbruk og skogbruk","Ranvikvegen 808","6460","EIDSVÅG I ROMSDAL","","","0"
"925550280","ØYVIND EIDE AS","AS","6","Engroshandel med maskiner og utstyr til jordbruk og skogbruk","Ranvikvegen 808","6460","EIDSVÅG I ROMSDAL","","","1"
"929067177","ØYVIND GILLEBERG STENSLI - TEKST OG FORMIDLING","ENK","","Skapende kunstnerisk virksomhet innenfor litteratur","Moltemyra 9","6429","MOLDE","","","1"
"937806329","ØYVIND TVERFJELL ART","ENK","","Skapende kunstnerisk virksomhet innenfor visuell kunst","Ravnebakken 41","6425","MOLDE","","","1"
"924920769","AA SANDØY INVEST AS","AS","","Uoppgitt","Solheimvegen 17","6412","MOLDE","","","0"
"924322179","ÅGE ROAR HANSEN","ENK","","Avvirkning","Øivinds veg 2B","6429","MOLDE","","","1"
"983253083","ÅGE SVENSLI","ENK","","Grunnarbeid","Davegardsvegen 3","6453","KLEIVE","71 14 27 45","","1"
"977317363","ÅGNE STORMYR","ENK","","Dyrking av korn, unntatt ris, belgvekster og oljeholdige vekster","Skjervavegen 25","6475","MIDSUND","71 27 91 67","","1"
"980402207","ÅNDAL HOLDING AS","AS","","Utleie og leasing av bygge- og anleggsmaskiner og -utstyr","Verftsgata 2 - 4","6416","MOLDE","71 25 72 57","","0"
"970981845","ÅNDAL KULDETEKNIKK Kjell Steinar Åndal","ENK","","Kuldeanlegg-, varmepumpearbeid og installasjon av peiser","Sollivegen 15","6414","MOLDE","","","1"
"848838322","ÅNDAL MASKIN AS SALG-UTLEIE","AS","5","Utleie og leasing av bygge- og anleggsmaskiner og -utstyr","Verftsgata 2-4","6416","MOLDE","71 20 10 20","","1"
"894938412","AARAM AS","AS","","Bedriftsrådgivning og annen administrativ rådgivning","Sollivegen 78","6414","MOLDE","","","1"
"927060833","ÅRAM GÅRD FAMILIE RÖNNE","ENK","","Oppdrett av annet storfe til kjøttproduksjon og sædproduksjon","Ranvikvegen 932","6460","EIDSVÅG I ROMSDAL","","","1"
"925984531","AARSTAD MEKANISKE","ENK","","Reparasjon og vedlikehold av maskiner","Istadvegen 1031","6453","KLEIVE","","","1"
"997323629","AARSTAD UTLEIE","ENK","","Utleie og leasing av bygge- og anleggsmaskiner og -utstyr","Nedre Liedgardsveg 11","6460","EIDSVÅG I ROMSDAL","","","0"
"868411252","ÅRØ LAVPRIS AS","AS","","Detaljhandel med bredt vareutvalg med hovedvekt på nærings- og nytelsesmidler","Eikremsvingen 2","6422","MOLDE","71 25 07 60","","1"
"834403552","ÅRØ VEKST AS","AS","","Kjøp og salg av egen fast eiendom","Årødalsvegen 6","6422","MOLDE","","","1"
"933627527","AARØNES HOLDING AS","AS","","Dataprogrammeringstjenester","Fannestrandvegen 17","6415","MOLDE","","","1"
"921648758","ÅRØSETERVEGEN 11 AS","AS","","Utleie av egen eller leid fast eiendom","Fannestrandvegen 146","6419","MOLDE","","","1"
"913403673","ÅRØSETERVEGEN 19","AS","","Utleie av egen eller leid fast eiendom","Kleivbøen 9","6453","KLEIVE","","","1"
"983149308","ÅRØSETERVEGEN 2 AS","AS","","Utleie av egen eller leid fast eiendom","Fannestrandvegen 146","6419","MOLDE","71 20 27 50","","1"
"930469254","ÅRØSETERVEGEN 29 AS","AS","","Utleie av egen eller leid fast eiendom","Årøsetervegen 29B","6422","MOLDE","","","1"
"920141811","ÅRØSETERVEGEN 3 AS","AS","","Utleie av egen eller leid fast eiendom","Fannestrandvegen 146","6419","MOLDE","","","1"
"957127134","ÅRØSETERVEGEN 5 DA","DA","","Utleie av egen eller leid fast eiendom","Strandgata 10B","6415","MOLDE","","","1"
"919970251","ÅRØSETERVEGEN 7 AS","AS","","Utleie av egen eller leid fast eiendom","Fannestrandvegen 146","6419","MOLDE","","","1"
"919970294","ÅRØSETERVEGEN 8 AS","AS","","Utleie av egen eller leid fast eiendom","Årøsetervegen 10","6422","MOLDE","","","1"
"917869677","ÅRØSETERVEIEN 1 AS","AS","","Eiendomsforvaltning på oppdrag","Årøsetervegen 1","6422","MOLDE","","","1"
"990693544","ÅRØSETERVEIEN 27 AS","AS","","Geologiske undersøkelser","Årøsetervegen 27","6422","MOLDE","71 25 34 00","","1"
"954302091","ÅRØSETERVEIEN 5 II AS","AS","","Utleie av egen eller leid fast eiendom","Lyngvegen 11","6429","MOLDE","","","1"
"823350732","AAS MUSISK KULTURLEDELSE","ENK","","Annen undervisning ellers","Statsråd Astrups gate 2","6413","MOLDE","","","0"
"977334802","ÅSAGARD AS","AS","","Reklamebyråvirksomhet","Åsagardvegen 91","6460","EIDSVÅG I ROMSDAL","46 50 50 00","","1"
"918616934","ÅSE SCHIØTT","ENK","","Allmennlegetjenester","Ekren","6421","MOLDE","","","1"
"997964381","AASEN - EIENDOM AS","AS","","Utvikling og salg av byggeprosjekter","","6460","EIDSVÅG I ROMSDAL","","","1"
"810059672","AASEN & FARSTAD AS","AS","","Utleie av egen eller leid fast eiendom","Sjøgardsvegen 8","6460","EIDSVÅG I ROMSDAL","71 23 24 56","","1"
"926017268","ÅSEN & ØVRELID RØBERG AS","AS","34","Oppføring av bygninger","Gammelseterlia 23","6422","MOLDE","","","1"
"925205079","AASEN GLOBAL","ENK","","Reklamebyråvirksomhet","Åsagardvegen 91","6460","EIDSVÅG I ROMSDAL","","","0"
"935549701","AASEN LASH & BROW","ENK","","Skjønnhetspleie","Hargautvegen 15","6460","EIDSVÅG I ROMSDAL","","","1"
"912592553","AASHEIM DEVELOPMENT","ENK","","Dataprogrammeringstjenester","Øverbygda 150","6450","HJELSET","","","0"
"882584852","ÅSMUND KLEIVENES","ENK","","Utøvende kunstnerisk virksomhet og underholdningsvirksomhet innenfor musikk","Øvre Krohnstad veg 40","6421","MOLDE","","","1"
"828458612","ÅSTA KATRINE HOVDE","ENK","","Annen undervisning innenfor kultur","Refsnesvegen 12","6456","SKÅLA","","","0"